state_name,district_name,block_name,panchayat_name,village_name,habitation_name,habitation_id,scheme_id,schemes_sources_id,source_type,sourcetype_category,location,scheme_name,sanction_year,estimated_cost,expenditure,dateof_commencement,dateof_completion,update_date
West Bengal,Paschim Medinipur,Keshpur,Enayetpur,Rasunchak,Rasunchak,1343738,6903467,420145449,Deep Tubewell,Ground Water,Shambhu Hemrom,Gram Panchayat,2014-2015,0.8,0.8,02-Sep-14,25-Sep-14,03-06-2024
West Bengal,Paschim Medinipur,Keshpur,Enayetpur,Paharchak,Paharchak Adibasipara,1343739,6903467,420145446,Deep Tubewell,Ground Water,Bankim Hemrom,Gram Panchayat,2014-2015,0.8,0.8,02-Sep-14,25-Sep-14,03-06-2024
West Bengal,Paschim Medinipur,Keshpur,Amanpur,Tanthua,Talhua Mondalpara,1342760,6903467,420145437,Deep Tubewell,Ground Water,Madam Mondal,Gram Panchayat,2014-2015,0.8,0.8,02-Sep-14,25-Sep-14,03-06-2024
West Bengal,Paschim Medinipur,Keshpur,Jhentla,Jhetla,Berapara,1343672,6908582,420150753,Deep Tubewell,Ground Water,Shaktipada Bera,Gram Panchayat,2014-2015,0.8,0.8,10-Oct-14,25-Oct-14,03-06-2024
West Bengal,Paschim Medinipur,Keshpur,Jhentla,Jhetla,Ghoshpara,1343673,6908582,420150757,Deep Tubewell,Ground Water,Primary School,Gram Panchayat,2014-2015,0.8,0.8,10-Oct-14,25-Oct-14,03-06-2024
West Bengal,Paschim Medinipur,Keshpur,Jhentla,Jhetla,Ghoshpara,1343673,6908582,420150758,Deep Tubewell,Ground Water,High School(Out),Gram Panchayat,2014-2015,0.8,0.8,10-Oct-14,25-Oct-14,03-06-2024
West Bengal,Paschim Medinipur,Keshpur,Golarh,Lakshman Chak,Lakshmanchak,1342823,6910219,420152125,Deep Tubewell,Ground Water,Keosa Bazar,Gram Panchayat,2014-2015,0.82,0.82,08-Oct-14,28-Oct-14,03-06-2024
West Bengal,Paschim Medinipur,Keshpur,Sirsa,Emua,Emua,1342693,6918967,420162887,Deep Tubewell,Ground Water,Prashanta Digar,Gram Panchayat,2014-2015,0.84,0.84,12-Oct-14,10-Nov-14,03-06-2024
West Bengal,Paschim Medinipur,Keshpur,Sirsa,Maharajpur,Muslimpara,1342640,6918967,420162893,Deep Tubewell,Ground Water,Vim Tola I.C.D.S.,Gram Panchayat,2014-2015,0.84,0.84,12-Oct-14,10-Nov-14,03-06-2024
West Bengal,Paschim Medinipur,Keshpur,Dhalhara,Dakshin Parshura,Fatir Chak,1343556,6918987,420162928,Deep Tubewell,Ground Water,Ratan Dandapat,Gram Panchayat,2014-2015,0.84,0.84,12-Oct-14,10-Nov-14,03-06-2024
West Bengal,Paschim Medinipur,Keshpur,Anandapur,Anandapur,Majhipara,1343208,6905402,420147377,Deep Tubewell,Ground Water,Primary School(Out Side),Gram Panchayat,2014-2015,0.86,0.86,02-Sep-14,25-Sep-14,03-06-2024
West Bengal,Paschim Medinipur,Keshpur,Jhentla,Randa,Randa,1343678,6921265,420165621,Deep Tubewell,Ground Water,Kanu Mandal,Gram Panchayat,2014-2015,0.8,0.8,02-Nov-14,11-Apr-17,03-06-2024
West Bengal,Paschim Medinipur,Keshpur,Enayetpur,Pakurya,Pakuria Samantapara,1343815,6921595,420165982,Deep Tubewell,Ground Water,Bimal Samanta,Gram Panchayat,2014-2015,0.82,0.82,12-Nov-14,10-May-17,03-06-2024
West Bengal,Paschim Medinipur,Keshpur,Enayetpur,Pakurya,Jetarpara,1343816,6921595,420165994,Deep Tubewell,Ground Water,Pakuria chintamani Adarsha Vidyalaya,Gram Panchayat,2014-2015,0.82,0.82,12-Nov-14,10-May-17,03-06-2024
West Bengal,Paschim Medinipur,Keshpur,Amrakuchi,Charka,Patna Para,1343171,6921595,420165978,Deep Tubewell,Ground Water,Primary School,Gram Panchayat,2014-2015,0.82,0.82,12-Nov-14,10-May-17,03-06-2024
West Bengal,Paschim Medinipur,Keshpur,Amrakuchi,Khasla,Khasla,1343167,6921595,420165980,Deep Tubewell,Ground Water,Mir Gousar Ali,Gram Panchayat,2014-2015,0.82,0.82,12-Nov-14,10-May-17,03-06-2024
West Bengal,Paschim Medinipur,Keshpur,Enayetpur,Raipukuria Gholai,Mondalpara,1343814,6921616,420166005,Deep Tubewell,Ground Water,Ganesh Majhi,Gram Panchayat,2014-2015,0.84,0.84,12-Nov-14,05-Dec-14,03-06-2024
West Bengal,Paschim Medinipur,Keshpur,Enayetpur,Maisha,Patarpara,1343806,6921616,420166002,Deep Tubewell,Ground Water,Bimal Soren,Gram Panchayat,2014-2015,0.84,0.84,12-Nov-14,05-Dec-14,03-06-2024
West Bengal,Paschim Medinipur,Keshpur,Teghori,Mejura,Ghatna Para,1343067,6922745,420167705,Deep Tubewell,Ground Water,Primary School,Gram Panchayat,2014-2015,0.86,0.86,14-Nov-14,20-Dec-14,03-06-2024
West Bengal,Paschim Medinipur,Keshpur,Mugbasan,Sankua,Sankua,1342886,6925205,420170441,Deep Tubewell,Ground Water,Sk Irfan Ali,Gram Panchayat,2014-2015,0.84,0.84,10-Dec-14,30-Dec-14,03-06-2024
West Bengal,Paschim Medinipur,Keshpur,Mugbasan,Jambani,Jambani,1766554,6925241,420170466,Deep Tubewell,Ground Water,Sk Burhan,Gram Panchayat,2014-2015,0.86,0.86,10-Dec-14,30-Dec-14,03-06-2024
West Bengal,Paschim Medinipur,Keshpur,Mugbasan,Bejara,Belara,1342874,6925241,420170468,Deep Tubewell,Ground Water,Enamul Hok,Gram Panchayat,2014-2015,0.86,0.86,10-Dec-14,30-Dec-14,03-06-2024
West Bengal,Paschim Medinipur,Keshpur,Golarh,Ranjita,Ranjita,1342828,6929575,420173649,Deep Tubewell,Ground Water,Sk Jafor Ali,Gram Panchayat,2014-2015,0.86,0.86,06-Oct-14,25-Dec-14,03-06-2024
West Bengal,Paschim Medinipur,Keshpur,Mugbasan,Bejara,Belara,1342874,6929645,420173686,Deep Tubewell,Ground Water,Sk Kasem Ali,Gram Panchayat,2014-2015,0.86,0.86,12-Oct-14,25-Dec-14,03-06-2024
West Bengal,Paschim Medinipur,Keshpur,Mugbasan,Upar Kuai,Kuai,1342909,6929645,420173692,Deep Tubewell,Ground Water,S.S.K.,Gram Panchayat,2014-2015,0.86,0.86,12-Oct-14,25-Dec-14,03-06-2024
West Bengal,Paschim Medinipur,Keshpur,Enayetpur,Bishwanath Pur,Biswanathpur Hemrompara,1343823,6929645,420173700,Deep Tubewell,Ground Water,Patna Bazar,Gram Panchayat,2014-2015,0.86,0.86,12-Oct-14,25-Dec-14,03-06-2024
West Bengal,Paschim Medinipur,Keshpur,Mugbasan,Makul Chak,Manuchak,1343266,6929645,420173693,Deep Tubewell,Ground Water,Tarapada Bhagori,Gram Panchayat,2014-2015,0.86,0.86,12-Oct-14,25-Dec-14,03-06-2024
West Bengal,Paschim Medinipur,Keshpur,Mugbasan,Kulibahara,Kulbahara,1342899,6931156,420175109,Deep Tubewell,Ground Water,Shyamal Doloi,Gram Panchayat,2014-2015,0.82,0.82,02-Oct-14,12-Apr-17,03-06-2024
West Bengal,Paschim Medinipur,Keshpur,Golarh,Langal Dihi,Purbapara,1342863,6931185,420175154,Deep Tubewell,Ground Water,Sk Base Ali,Gram Panchayat,2014-2015,0.82,0.82,02-Nov-14,25-Dec-14,03-06-2024
West Bengal,Paschim Medinipur,Keshpur,Golarh,Ranbaj,Ranraj - Dolai Pukurpara,1342802,6931185,420175162,Deep Tubewell,Ground Water,Arjun Pakhor,Gram Panchayat,2014-2015,0.82,0.82,02-Nov-14,25-Dec-14,03-06-2024
West Bengal,Paschim Medinipur,Keshpur,Golarh,Ranbaj,Ranraj - Dolai Pukurpara,1342802,6931185,420175163,Deep Tubewell,Ground Water,S.S.K.,Gram Panchayat,2014-2015,0.82,0.82,02-Nov-14,25-Dec-14,03-06-2024
West Bengal,Paschim Medinipur,Keshpur,Golarh,Ranbaj,Ranraj - Dolai Pukurpara,1342802,6931185,420175164,Deep Tubewell,Ground Water,Shakti Mukherjee,Gram Panchayat,2014-2015,0.82,0.82,02-Nov-14,25-Dec-14,03-06-2024
West Bengal,Paschim Medinipur,Keshpur,Golarh,Konan,Konan - Uttarpara,1342803,6931185,420175169,Deep Tubewell,Ground Water,Shakti Puila,Gram Panchayat,2014-2015,0.82,0.82,02-Nov-14,25-Dec-14,03-06-2024
West Bengal,Paschim Medinipur,Keshpur,Golarh,Kashipur,Kashipur,1342836,6931185,420175160,Deep Tubewell,Ground Water,Shombhu Mallick,Gram Panchayat,2014-2015,0.82,0.82,02-Nov-14,25-Dec-14,03-06-2024
West Bengal,Paschim Medinipur,Keshpur,Jorakeudi Solidiha,Sankrui,Sankrai,1342591,6935939,420199566,Deep Tubewell,Ground Water,7no. Sankrai,Construction of 262 Nos Rig Bored Tubewell Spot Sources fitted with India Mark II hand pump at different sourceless Anganwari Centres located at Govt. Premises SM04899,2014-2015,247.13,364.60493,14-Nov-14,31-Mar-19,03-06-2024
West Bengal,Paschim Medinipur,Keshpur,Amrakuchi,Santarya,Santaria,1343111,6935939,420234903,Deep Tubewell,Ground Water,Satera ICDS,Construction of 262 Nos Rig Bored Tubewell Spot Sources fitted with India Mark II hand pump at different sourceless Anganwari Centres located at Govt. Premises SM04899,2014-2015,247.13,364.60493,14-Nov-14,31-Mar-19,03-06-2024
West Bengal,Paschim Medinipur,Keshpur,Teghori,Khanra Sai,Kharasai,1343015,6937928,420177912,Deep Tubewell,Ground Water,Modon Pator,Gram Panchayat,2014-2015,0.83,0.83,02-Nov-14,12-Dec-14,03-06-2024
West Bengal,Paschim Medinipur,Keshpur,Sirsa,Akmura,Akmura Doloipara,1342655,6938969,420178309,Deep Tubewell,Ground Water,Chinu Bhandari,Gram Panchayat,2014-2015,0.82,0.82,12-Oct-14,09-May-17,03-06-2024
West Bengal,Paschim Medinipur,Keshpur,Golarh,Khagra Gerya,Khasigeria Kolyapara,1342683,6940507,420178837,Deep Tubewell,Ground Water,Sk Mosjid Ali,Gram Panchayat,2014-2015,0.82,0.82,10-Oct-14,12-Dec-14,03-06-2024
West Bengal,Paschim Medinipur,Keshpur,Jagannathpur,Dalang,Dolong Paschimpara,1342971,6941049,420179022,Deep Tubewell,Ground Water,BAGAKHALI PRIMARY SCHOOL,BAGAKHALI PRIMARY SCHOOL,2014-2015,0.8,0.8,04-Apr-14,31-Mar-18,03-06-2024
West Bengal,Paschim Medinipur,Keshpur,Teghori,Dhakkata,Janarbandh,1343079,6956896,420183087,Deep Tubewell,Ground Water,Primary School,Gram Panchayat,2014-2015,0.82,0.82,15-Dec-14,12-Jan-15,03-06-2024
West Bengal,Paschim Medinipur,Keshpur,Sirsa,Golaugrasanda,Ruidaspara,1342667,6938882,420178270,Deep Tubewell,Ground Water,Nimai Ruidas,Gram Panchayat,2014-2015,0.82,0.82,02-Nov-14,30-Dec-14,03-06-2024
West Bengal,Paschim Medinipur,Keshpur,Amanpur,Uttar Piashala,Ghoshpara,1342770,6961440,420184462,Deep Tubewell,Ground Water,Nimai Ghosh,Gram Panchayat,2014-2015,0.82,0.82,01-Jan-15,05-Apr-17,03-06-2024
West Bengal,Paschim Medinipur,Keshpur,Amrakuchi,Charka,Mallick Para,1343175,6963124,420184878,Deep Tubewell,Ground Water,Sk Karim,Gram Panchayat,2014-2015,0.82,0.82,15-Dec-14,12-Jan-15,03-06-2024
West Bengal,Paschim Medinipur,Keshpur,Amanpur,Panch Khuiri,Parapara,1342744,6970342,420186360,Deep Tubewell,Ground Water,Asit Roy,Gram Panchayet,2014-2015,0.82,0.82,02-Jan-15,30-Jan-15,03-06-2024
West Bengal,Paschim Medinipur,Keshpur,Amanpur,Panch Khuiri,Ghatakpara,1342745,6970342,420186361,Deep Tubewell,Ground Water,Gojason Ghatak,Gram Panchayet,2014-2015,0.82,0.82,02-Jan-15,30-Jan-15,03-06-2024
West Bengal,Paschim Medinipur,Keshpur,Amanpur,Bahadur Patna,Bahadurpatna Patnadalepara,1342764,6970342,420186357,Deep Tubewell,Ground Water,Primary School,Gram Panchayet,2014-2015,0.82,0.82,02-Jan-15,30-Jan-15,03-06-2024
West Bengal,Paschim Medinipur,Keshpur,Amanpur,Jadupur,Barhmanpara,1342732,6970693,420186485,Deep Tubewell,Ground Water,Kamal Goswami,Gram Panchayet,2014-2015,0.82,0.82,15-Dec-14,17-May-17,03-06-2024
West Bengal,Paschim Medinipur,Keshpur,Enayetpur,Bishwanath Pur,Mannapara,1343825,6990457,420190100,Deep Tubewell,Ground Water,Krishna Santra,Gram Panchayat,2014-2015,0.8,0.8,10-Jan-15,12-Feb-15,03-06-2024
West Bengal,Paschim Medinipur,Keshpur,Enayetpur,Bishwanath Pur,Biswanathpur Hemrompara,1343823,6990457,420190105,Deep Tubewell,Ground Water,C.P.I(M) Party Office,Gram Panchayat,2014-2015,0.8,0.8,10-Jan-15,12-Feb-15,03-06-2024
West Bengal,Paschim Medinipur,Keshpur,Enayetpur,Rupnarayanpur,Rupnarayanpur Allauddinpara,1343737,6990457,420190098,Deep Tubewell,Ground Water,Shitala Mandir,Gram Panchayat,2014-2015,0.8,0.8,10-Jan-15,12-Feb-15,03-06-2024
West Bengal,Paschim Medinipur,Keshpur,Enayetpur,Rupnarayanpur,Rupnarayanpur Allauddinpara,1343737,6990457,420190099,Deep Tubewell,Ground Water,Primary School,Gram Panchayat,2014-2015,0.8,0.8,10-Jan-15,12-Feb-15,03-06-2024
West Bengal,Paschim Medinipur,Keshpur,Keshpur,Ichhai Pur,Purb Para,1343263,7012047,420192812,Deep Tubewell,Ground Water,Mohoboti Khan,Gram Panchayet,2014-2015,0.8,0.8,12-Jan-15,02-Feb-15,03-06-2024
West Bengal,Paschim Medinipur,Keshpur,Amanpur,Jadupur,Barhmanpara,1342732,7019970,420193554,Deep Tubewell,Ground Water,Joydev Das,Gram Panchayet,2014-2015,0.8,0.8,02-Jan-15,12-Feb-15,03-06-2024
West Bengal,Paschim Medinipur,Keshpur,Anandapur,Bhagirath Bar,Irra Gharai Para,1343236,7023694,420194055,Deep Tubewell,Ground Water,Biren Ghoroi,Gram Panchayet,2014-2015,0.82,0.82,02-Jan-15,12-Feb-15,03-06-2024
West Bengal,Paschim Medinipur,Keshpur,Kalagram,Bhimpur,Meity Para,1343328,7027263,420194734,Deep Tubewell,Ground Water,Mohanta Pandit,Gram Panchayet,2014-2015,0.8,0.8,02-Jan-15,12-Feb-15,03-06-2024
West Bengal,Paschim Medinipur,Keshpur,Kalagram,Kanpur,Dolaipara,1811551,7027263,420194728,Deep Tubewell,Ground Water,Montu Doloi,Gram Panchayet,2014-2015,0.8,0.8,02-Jan-15,12-Feb-15,03-06-2024
West Bengal,Paschim Medinipur,Keshpur,Mugbasan,Chhitka,Chilka,1342879,7027325,420194776,Deep Tubewell,Ground Water,Purnachandra Roy,Gram Panchayet,2014-2015,0.82,0.82,15-Feb-15,10-Mar-15,03-06-2024
West Bengal,Paschim Medinipur,Keshpur,Kalagram,Chhutar Gerya,Chhutar Gerya,1766912,7014932,420193022,Deep Tubewell,Ground Water,Sk Mojammel Ali,Gram Panchayet,2014-2015,0.8,0.8,02-Jan-15,12-Feb-15,03-06-2024
West Bengal,Paschim Medinipur,Keshpur,Kalagram,Akhra Pota,Sk. Para,1343390,7014932,420193025,Deep Tubewell,Ground Water,Sk Majed Ali,Gram Panchayet,2014-2015,0.8,0.8,02-Jan-15,12-Feb-15,03-06-2024
West Bengal,Paschim Medinipur,Keshpur,Kalagram,Akhra Pota,Sk. Para,1343390,7014932,420193024,Deep Tubewell,Ground Water,I.C.D.S.,Gram Panchayet,2014-2015,0.8,0.8,02-Jan-15,12-Feb-15,03-06-2024
West Bengal,Paschim Medinipur,Keshpur,Enayetpur,Mohadi Chak,Mohadi Chak,1766766,7007614,420192436,Deep Tubewell,Ground Water,Hasibul Rahaman,Gram Panchayet,2014-2015,0.8,0.8,02-Jan-15,12-Feb-15,03-06-2024
West Bengal,Paschim Medinipur,Keshpur,Enayetpur,Rupnarayanpur,Rupnarayanpur Allauddinpara,1343737,7007614,420192438,Deep Tubewell,Ground Water,Mosjid,Gram Panchayet,2014-2015,0.8,0.8,02-Jan-15,12-Feb-15,03-06-2024
West Bengal,Paschim Medinipur,Keshpur,Enayetpur,Badar,Layek Para,1343849,7050308,420197298,Deep Tubewell,Ground Water,Kartik Tudu,Gram Panchayet,2014-2015,0.82,0.82,15-Feb-15,10-Mar-15,03-06-2024
West Bengal,Paschim Medinipur,Keshpur,Enayetpur,Brahman Gerya,Bramhangeria Senguptapara,1343792,7050308,420197301,Deep Tubewell,Ground Water,Badal Hansda,Gram Panchayet,2014-2015,0.82,0.82,15-Feb-15,10-Mar-15,03-06-2024
West Bengal,Paschim Medinipur,Keshpur,Anandapur,Anandapur,Sk. Para,1343214,7070690,420201640,Deep Tubewell,Ground Water,G.P. Office,Gram Panchayet,2015-2016,0.84,0.84,02-Mar-15,25-Mar-15,03-06-2024
West Bengal,Paschim Medinipur,Keshpur,Kalagram,Gamar Hati,Madhyapara,1343345,7081050,420203899,Deep Tubewell,Ground Water,Gita Manna,Gram Panchayet,2015-2016,0.82,0.82,02-Mar-15,03-May-17,03-06-2024
West Bengal,Paschim Medinipur,Keshpur,Kalagram,Kalagram,Mal Para,1343344,7081050,420203893,Deep Tubewell,Ground Water,Dhana Pakhor,Gram Panchayet,2015-2016,0.82,0.82,02-Mar-15,03-May-17,03-06-2024
West Bengal,Paschim Medinipur,Keshpur,Anandapur,Anandapur,Hari Para,1343197,7082481,420204442,Deep Tubewell,Ground Water,Banbihari Sen,Gram Panchayet,2015-2016,0.82,0.82,02-Mar-15,12-Apr-17,03-06-2024
West Bengal,Paschim Medinipur,Keshpur,Anandapur,Anandapur,Bankata Jakharbari,1343182,7082481,420204445,Deep Tubewell,Ground Water,Sanjoy Kumari,Gram Panchayet,2015-2016,0.82,0.82,02-Mar-15,12-Apr-17,03-06-2024
West Bengal,Paschim Medinipur,Keshpur,Anandapur,Anandapur,Sk. Felo Para,1343219,7082481,420204440,Deep Tubewell,Ground Water,Akkel Khan,Gram Panchayet,2015-2016,0.82,0.82,02-Mar-15,12-Apr-17,03-06-2024
West Bengal,Paschim Medinipur,Keshpur,Amanpur,Keshur Gerya,Kheshargeria,1342786,2572521,2377237,Deep Tubewell,Ground Water,NA,Keshur Gerya,2010-2011,0.75,0,01-Oct-10,31-Mar-11,03-06-2024
West Bengal,Paschim Medinipur,Keshpur,Kalagram,Basan Chak,Bag Para,1343404,2572602,2377247,Deep Tubewell,Ground Water,NA,Basan Chak,2010-2011,0.75,0,01-Oct-10,31-Dec-11,03-06-2024
West Bengal,Paschim Medinipur,Keshpur,Enayetpur,Chathla,Bishnupadamondalpara,1343747,2573061,2377209,Deep Tubewell,Ground Water,NA,Chathla,2010-2011,0.75,0,01-Oct-10,31-Mar-11,03-06-2024
West Bengal,Paschim Medinipur,Keshpur,Jhentla,Chand Bar,Dolai Para,1343596,2573236,2377201,Deep Tubewell,Ground Water,NA,Chand Bar,2010-2011,0.75,0,01-Oct-10,31-Mar-11,03-06-2024
West Bengal,Paschim Medinipur,Keshpur,Enayetpur,Rasunchak,Janapara,1343449,2573264,2377248,Deep Tubewell,Ground Water,NA,Rasunchak,2010-2011,0.75,0,01-Oct-10,31-Mar-11,03-06-2024
West Bengal,Paschim Medinipur,Keshpur,Amanpur,Daka Gerya,Majhipara,1343457,2573729,2377250,Deep Tubewell,Ground Water,NA,Daka Gerya,2010-2011,0.75,0,01-Oct-10,31-Mar-11,03-06-2024
West Bengal,Paschim Medinipur,Keshpur,Sarishakhola,Sarisha Khola,Khansherif Para,1343471,4938080,4858965,Deep Tubewell,Ground Water,sarirshakholaSamirdhon HS U pr. school,sarisakhola samirhdon HS U pr school,2012-2013,1,1,01-Jul-12,31-Mar-13,03-06-2024
West Bengal,Paschim Medinipur,Keshpur,Sarishakhola,Digha,Bhunia Para,1343480,4938099,4858983,Deep Tubewell,Ground Water,Digha Pr. School,digha pr school,2012-2013,1,1,01-Jul-12,31-Mar-13,03-06-2024
West Bengal,Paschim Medinipur,Keshpur,Jhentla,Jiagerya,Jiageria,1343728,4938117,4859001,Deep Tubewell,Ground Water,Brahmanchak Pr. School,Brahmachak pry school,2012-2013,1,1,01-Jul-12,31-Mar-13,03-06-2024
West Bengal,Paschim Medinipur,Keshpur,Enayetpur,Badar,Singh Para,1343848,4938126,4859010,Deep Tubewell,Ground Water,Gopinathpur Pr. school,Gopinathpur pr school,2012-2013,1,1,01-Jul-12,31-Mar-13,03-06-2024
West Bengal,Paschim Medinipur,Keshpur,Amrakuchi,Mukti Chak,Amulia,1343161,4945956,4868939,Deep Tubewell,Ground Water,Muktichak SSK,Muktichak SSK,2012-2013,0.79,0.79,01-Jul-12,31-Mar-13,03-06-2024
West Bengal,Paschim Medinipur,Keshpur,Jhentla,Jhetla,Jhentla,1343670,4946124,4869081,Deep Tubewell,Ground Water,Bajgerya Adibasi Para,Bajgerya Adibasi Para,2012-2013,0.79,0.79,01-Jul-12,27-Mar-13,03-06-2024
West Bengal,Paschim Medinipur,Keshpur,Amrakuchi,Amrakuchi,Dolaipara,1343152,5252501,420019504,Deep Tubewell,Ground Water,Dolai Para,Amrakuchi  W/S Scheme,2012-2013,82.3,122.71081,10-Apr-13,27-Jul-17,03-06-2024
West Bengal,Paschim Medinipur,Keshpur,Anandapur,Anandapur,Chak Bazar,1343201,5712826,420001315,Deep Tubewell,Ground Water,CHAK BAZAR,Anandapur High School,2012-2013,0.85,0.85,20-Jan-13,22-Jan-13,03-06-2024
West Bengal,Paschim Medinipur,Keshpur,Amanpur,Jadupur,Napitpara,1342731,6060335,420008985,Deep Tubewell,Ground Water,NAPITPARA,AMANPUR,2011-2012,0.8,0.8,15-May-11,15-Aug-11,03-06-2024
West Bengal,Paschim Medinipur,Keshpur,Amanpur,Amanpur,Bumunpara,1342718,6060335,420008921,Deep Tubewell,Ground Water,BUMUNPARA,AMANPUR,2011-2012,0.8,0.8,15-May-11,15-Aug-11,03-06-2024
West Bengal,Paschim Medinipur,Keshpur,Amanpur,Uttar Piashala,Haripara,1342771,6060335,420009062,Deep Tubewell,Ground Water,HARIPARA,AMANPUR,2011-2012,0.8,0.8,15-May-11,15-Aug-11,03-06-2024
West Bengal,Paschim Medinipur,Keshpur,Amanpur,Keshur Gerya,Majherpara,1342788,6060335,420009060,Deep Tubewell,Ground Water,MAJHERPARA,AMANPUR,2011-2012,0.8,0.8,15-May-11,15-Aug-11,03-06-2024
West Bengal,Paschim Medinipur,Keshpur,Amanpur,Bhut Gerya,Bhutgeria,1342759,6060335,420008928,Deep Tubewell,Ground Water,BHUTGERIA,AMANPUR,2011-2012,0.8,0.8,15-May-11,15-Aug-11,03-06-2024
West Bengal,Paschim Medinipur,Keshpur,Amanpur,Lapara,Majherpara,1342723,6060335,420009048,Deep Tubewell,Ground Water,MAJHERPARA,AMANPUR,2011-2012,0.8,0.8,15-May-11,15-Aug-11,03-06-2024
West Bengal,Paschim Medinipur,Keshpur,Amanpur,Rajgram,Brahmangram Bhandaripara,1342709,6060335,420009044,Deep Tubewell,Ground Water,BRAHMANGRAM BHANDARIPARA,AMANPUR,2011-2012,0.8,0.8,15-May-11,15-Aug-11,03-06-2024
West Bengal,Paschim Medinipur,Keshpur,Amanpur,Tukura Pat,Dewanpara,1342728,6060335,420009063,Deep Tubewell,Ground Water,DEWANPARA,AMANPUR,2011-2012,0.8,0.8,15-May-11,15-Aug-11,03-06-2024
West Bengal,Paschim Medinipur,Keshpur,Amanpur,Dakshin Baharat,Mondal Para,1343485,6060335,420008992,Deep Tubewell,Ground Water,MONDAL PARA,AMANPUR,2011-2012,0.8,0.8,15-May-11,15-Aug-11,03-06-2024
West Bengal,Paschim Medinipur,Keshpur,Amanpur,Lakhunia,Lakhunia,1766702,6060335,420009051,Deep Tubewell,Ground Water,Lakhunia,AMANPUR,2011-2012,0.8,0.8,15-May-11,15-Aug-11,03-06-2024
West Bengal,Paschim Medinipur,Keshpur,Amanpur,Ratanpur,Ratanpur,1766759,6060335,420009043,Deep Tubewell,Ground Water,RATANPUR,AMANPUR,2011-2012,0.8,0.8,15-May-11,15-Aug-11,03-06-2024
West Bengal,Paschim Medinipur,Keshpur,Amrakuchi,Nagda,Gorait Para,1343109,6060710,420009167,Deep Tubewell,Ground Water,GORAIT PARA,AMRAKUCHI,2011-2012,0.75,0.75,15-Jul-11,15-Oct-11,03-06-2024
West Bengal,Paschim Medinipur,Keshpur,Amrakuchi,Panchami,Beltala,1343138,6060710,420009164,Deep Tubewell,Ground Water,BELTALA,AMRAKUCHI,2011-2012,0.75,0.75,15-Jul-11,15-Oct-11,03-06-2024
West Bengal,Paschim Medinipur,Keshpur,Amrakuchi,Kharika,Midyapara,1343147,6060710,420009173,Deep Tubewell,Ground Water,MIDYAPARA,AMRAKUCHI,2011-2012,0.75,0.75,15-Jul-11,15-Oct-11,03-06-2024
West Bengal,Paschim Medinipur,Keshpur,Amrakuchi,Kharika,Singpara,1343146,6060710,420009171,Deep Tubewell,Ground Water,SINGPARA,AMRAKUCHI,2011-2012,0.75,0.75,15-Jul-11,15-Oct-11,03-06-2024
West Bengal,Paschim Medinipur,Keshpur,Amrakuchi,Charka,Patna Para,1343171,6060710,420009125,Deep Tubewell,Ground Water,PATNA PARA,AMRAKUCHI,2011-2012,0.75,0.75,15-Jul-11,15-Oct-11,03-06-2024
West Bengal,Paschim Medinipur,Keshpur,Amrakuchi,Khasla,Mallickpara,1343168,6060710,420009170,Deep Tubewell,Ground Water,MALLICKPARA,AMRAKUCHI,2011-2012,0.75,0.75,15-Jul-11,15-Oct-11,03-06-2024
West Bengal,Paschim Medinipur,Keshpur,Teghori,Chhoto Baruj,Samantapara,1343095,6124259,420012267,Deep Tubewell,Ground Water,S.S.K,S.S.K,2013-2014,0.83,0.83,15-Mar-13,20-Aug-13,03-06-2024
West Bengal,Paschim Medinipur,Keshpur,Keshpur,Keshpur,Paschimpara - 2,1343271,6154847,420013331,Deep Tubewell,Ground Water,T.W.2,Keshpur water supply scheme,2013-2014,150,0,05-Jan-13,05-Feb-16,03-06-2024
West Bengal,Paschim Medinipur,Keshpur,Keshpur,Keshpur,Madhyapara,1343272,6154851,420013332,Deep Tubewell,Ground Water,Tube Well 1,Keshpur water supply scheme,2013-2014,150,0,01-Feb-13,02-Feb-16,03-06-2024
West Bengal,Paschim Medinipur,Keshpur,Anandapur,Gamaria,Gamaria -chalakpara,1343242,6157106,420013592,Deep Tubewell,Ground Water,Hatpukur,Hatpukur,2013-2014,0.84,0.84,15-May-13,20-Aug-13,03-06-2024
West Bengal,Paschim Medinipur,Keshpur,Dhalhara,Narayan Chak,Das Para,1343589,6242457,420021873,Deep Tubewell,Ground Water,Narayan Chak M.S.K. School,Grampanchayet tubewell,2012-2013,0.8,0.8,20-May-12,27-May-12,03-06-2024
West Bengal,Paschim Medinipur,Keshpur,Dhalhara,Khirish Mul,Bona Mara,1343591,6278201,420024512,Deep Tubewell,Ground Water,Ratan Mandal,Grampanchayet tubewell,2013-2014,0.75,0.75,12-Apr-13,30-Sep-14,03-06-2024
West Bengal,Paschim Medinipur,Keshpur,Amanpur,Uttar Piashala,Banapatipara,1342769,6296211,420028436,Deep Tubewell,Ground Water,Piasala SSK,Piasala SSK,2010-2011,0.79,0.79,25-Aug-10,27-Aug-10,03-06-2024
West Bengal,Paschim Medinipur,Keshpur,Teghori,Dudiabandi,Dudiabandhi Uporpara,1343027,6297614,420028486,Deep Tubewell,Ground Water,Dudiabandi,Dudiabandi,2010-2011,0.79,0.79,04-Sep-10,05-Sep-10,03-06-2024
West Bengal,Paschim Medinipur,Keshpur,Sirsa,Akmura,Akmura Doloipara,1342655,6297754,420028505,Deep Tubewell,Ground Water,Akmura Pry. School,Akmura Pry. School,2010-2011,0.79,0.79,21-Mar-10,22-Mar-10,03-06-2024
West Bengal,Paschim Medinipur,Keshpur,Amrakuchi,Pipurda,Mallickpara,1343102,6297760,420028506,Deep Tubewell,Ground Water,Pipurda,Pipurda,2010-2011,0.79,0.79,22-Mar-11,23-Mar-11,03-06-2024
West Bengal,Paschim Medinipur,Keshpur,Jhentla,Abhi Arjjuni,Aviarjuni - Chakraborty Para,1343698,6297799,420028513,Deep Tubewell,Ground Water,Abhi Arjjuni ICDS,Abhi Arjjuni ICDS,2010-2011,0.79,0.79,30-Mar-11,31-Mar-11,03-06-2024
West Bengal,Paschim Medinipur,Keshpur,Sarishakhola,Ghoshpur,Paschim Ghoshkur,1343464,6331494,420030900,Deep Tubewell,Ground Water,Gour Rana,Grampanchayet tubewell,2013-2014,0.8,0.8,15-Apr-13,20-Mar-14,03-06-2024
West Bengal,Paschim Medinipur,Keshpur,Sarishakhola,Ghoshpur,Mandal Para,1343466,6331494,420030903,Deep Tubewell,Ground Water,Ashok Maity,Grampanchayet tubewell,2013-2014,0.8,0.8,15-Apr-13,20-Mar-14,03-06-2024
West Bengal,Paschim Medinipur,Keshpur,Sarishakhola,Ghoshpur,Mandal Para,1343466,6331494,420030908,Deep Tubewell,Ground Water,Gopal Karak,Grampanchayet tubewell,2013-2014,0.8,0.8,15-Apr-13,20-Mar-14,03-06-2024
West Bengal,Paschim Medinipur,Keshpur,Mugbasan,Makul Chak,Manuchak,1343266,6199407,420019711,Deep Tubewell,Ground Water,Mukulchak,Mukulchak,2013-2014,0.8,0.8,06-Apr-13,07-Apr-13,03-06-2024
West Bengal,Paschim Medinipur,Keshpur,Dhalhara,Dhalhara,Dhalhara,1343534,6278163,420024504,Deep Tubewell,Ground Water,Student Boading,Grampanchayet tubewell,2013-2014,0.8,0.8,15-Apr-13,22-Dec-14,03-06-2024
West Bengal,Paschim Medinipur,Keshpur,Golarh,Golar,Kuladhya Para,1342846,6217707,420020860,Deep Tubewell,Ground Water,Kuladhya,Kuladhya,2013-2014,0.82,0.82,15-May-13,15-Sep-13,03-06-2024
West Bengal,Paschim Medinipur,Keshpur,Dhalhara,Kaji Chak,Kaji Chak,1766763,6199453,420019717,Deep Tubewell,Ground Water,Kajichak,Kajichak,2013-2014,0.8,0.8,13-May-13,16-May-13,03-06-2024
West Bengal,Paschim Medinipur,Keshpur,Enayetpur,Badar,Layek Para,1343849,6336617,420032478,Deep Tubewell,Ground Water,Jiten Sing,Grampanchayet tubewell,2013-2014,0.7,0.7,01-Apr-13,20-Feb-14,03-06-2024
West Bengal,Paschim Medinipur,Keshpur,Enayetpur,Badar,Layek Para,1343849,6336617,420032480,Deep Tubewell,Ground Water,Durgavak Bazar,Grampanchayet tubewell,2013-2014,0.7,0.7,01-Apr-13,20-Feb-14,03-06-2024
West Bengal,Paschim Medinipur,Keshpur,Enayetpur,Badar,Ramanda Dolai Para,1343853,6336617,420032482,Deep Tubewell,Ground Water,Chandimata Mandir,Grampanchayet tubewell,2013-2014,0.7,0.7,01-Apr-13,20-Feb-14,03-06-2024
West Bengal,Paschim Medinipur,Keshpur,Enayetpur,Kanja Gerya,Kanja Gerya,1766666,6336617,420032474,Deep Tubewell,Ground Water,Lakhikanta Adgiri,Grampanchayet tubewell,2013-2014,0.7,0.7,01-Apr-13,20-Feb-14,03-06-2024
West Bengal,Paschim Medinipur,Keshpur,Enayetpur,Kanja Gerya,Kanja Gerya,1766666,6336617,420032475,Deep Tubewell,Ground Water,Matish Adgiri,Grampanchayet tubewell,2013-2014,0.7,0.7,01-Apr-13,20-Feb-14,03-06-2024
West Bengal,Paschim Medinipur,Keshpur,Amrakuchi,Kharika,Janapara,1343148,6351997,420035991,Deep Tubewell,Ground Water,Mukunda kotal,Grampanchayet tubewell,2013-2014,0.8,0.8,22-Mar-13,25-Jan-14,03-06-2024
West Bengal,Paschim Medinipur,Keshpur,Amrakuchi,Rasidpur,Rashidpur,1343126,6351997,420035993,Deep Tubewell,Ground Water,Rasidpur,Grampanchayet tubewell,2013-2014,0.8,0.8,22-Mar-13,25-Jan-14,03-06-2024
West Bengal,Paschim Medinipur,Keshpur,Amrakuchi,Rasidpur,Rashidpur,1343126,6351997,420035994,Deep Tubewell,Ground Water,Monohor Sing,Grampanchayet tubewell,2013-2014,0.8,0.8,22-Mar-13,25-Jan-14,03-06-2024
West Bengal,Paschim Medinipur,Keshpur,Amrakuchi,Kharika,Kharika Bagpara,1343145,6351997,420035989,Deep Tubewell,Ground Water,Panchami Chak,Grampanchayet tubewell,2013-2014,0.8,0.8,22-Mar-13,25-Jan-14,03-06-2024
West Bengal,Paschim Medinipur,Keshpur,Golarh,Dharmma Pur,Dhanapur - Dolaipara,1342848,6352973,420036252,Deep Tubewell,Ground Water,ASIT DOLOI,GRAM PANCHAYAT,2013-2014,0.8,0.8,12-Mar-13,17-Jan-14,03-06-2024
West Bengal,Paschim Medinipur,Keshpur,Golarh,Golar,Goler - Bagpara,1342841,6352973,420036256,Deep Tubewell,Ground Water,SUKUMAR BARDOLOI,GRAM PANCHAYAT,2013-2014,0.8,0.8,12-Mar-13,17-Jan-14,03-06-2024
West Bengal,Paschim Medinipur,Keshpur,Enayetpur,Bishwanath Pur,Doloipara,1343826,6352973,420036247,Deep Tubewell,Ground Water,GOUR DOLOI,GRAM PANCHAYAT,2013-2014,0.8,0.8,12-Mar-13,17-Jan-14,03-06-2024
West Bengal,Paschim Medinipur,Keshpur,Enayetpur,Pakurya,Berapara,1343822,6352980,420036268,Deep Tubewell,Ground Water,Mohon Bera,Gram Panchayat,2013-2014,0.8,0.8,12-May-13,11-Apr-17,03-06-2024
West Bengal,Paschim Medinipur,Keshpur,Enayetpur,Tam Gerya,Tamligeria,1343745,6352980,420036272,Deep Tubewell,Ground Water,Shankar Prasda Rana,Gram Panchayat,2013-2014,0.8,0.8,12-May-13,11-Apr-17,03-06-2024
West Bengal,Paschim Medinipur,Keshpur,Golarh,Bahara,Behara,1343711,6353047,420036316,Deep Tubewell,Ground Water,SK ASIR,GRAM PANCHAYAT,2013-2014,0.8,0.8,15-Apr-13,26-Jan-14,03-06-2024
West Bengal,Paschim Medinipur,Keshpur,Enayetpur,Mishri Chak,Janapara,1343744,6353057,420036334,Deep Tubewell,Ground Water,Moram Rasta,Gram Panchayat,2013-2014,0.7,0.7,12-May-13,11-Apr-17,03-06-2024
West Bengal,Paschim Medinipur,Keshpur,Enayetpur,Chota Chandbar,Chotochandbarh Daspara,1343741,6353057,420036332,Deep Tubewell,Ground Water,Bharat Das,Gram Panchayat,2013-2014,0.7,0.7,12-May-13,11-Apr-17,03-06-2024
West Bengal,Paschim Medinipur,Keshpur,Enayetpur,Bishwanathpur Patna,Sahapara,1343829,6353062,420036338,Deep Tubewell,Ground Water,BISWANATHPUR PATNA,GRAM PANCHAYAT,2013-2014,0.8,0.8,18-Apr-13,11-Apr-17,03-06-2024
West Bengal,Paschim Medinipur,Keshpur,Golarh,Golar,Panditpara,1342843,6353095,420036381,Deep Tubewell,Ground Water,RANJIT PANDIT,GRAM PANCHAYAT,2013-2014,0.8,0.8,23-Apr-13,23-Jan-14,03-06-2024
West Bengal,Paschim Medinipur,Keshpur,Dhalhara,Krishnapat,Bag Para,1343542,6354140,420036745,Deep Tubewell,Ground Water,AJIT SANTRA,GRAM PANCHAYAT,2013-2014,0.8,0.8,25-Apr-13,06-Jan-14,03-06-2024
West Bengal,Paschim Medinipur,Keshpur,Amanpur,Panch Khuiri,Kalyanipara,1342746,6354144,420036753,Deep Tubewell,Ground Water,S.S.K,GRAM PANCHAYAT,2013-2014,0.8,0.8,21-Apr-13,10-Jan-14,03-06-2024
West Bengal,Paschim Medinipur,Keshpur,Jhentla,Sirasati,De Para,1343732,6354192,420036821,Deep Tubewell,Ground Water,ARUN KHAMRUI,GRAM PANCHAYAT,2013-2014,0.8,0.8,21-Apr-13,13-Feb-14,03-06-2024
West Bengal,Paschim Medinipur,Keshpur,Jhentla,Gachh Gerya,Gachgeria,1343733,6354192,420036816,Deep Tubewell,Ground Water,HARI KRIS MAJHI,GRAM PANCHAYAT,2013-2014,0.8,0.8,21-Apr-13,13-Feb-14,03-06-2024
West Bengal,Paschim Medinipur,Keshpur,Jhentla,Gachh Gerya,Gachgeria,1343733,6354192,420036818,Deep Tubewell,Ground Water,MADAN MOHON MAHATO,GRAM PANCHAYAT,2013-2014,0.8,0.8,21-Apr-13,13-Feb-14,03-06-2024
West Bengal,Paschim Medinipur,Keshpur,Amanpur,Teghara,Teghara Mandalpara,1342720,6588845,420086554,Deep Tubewell,Ground Water,Amar Choudhury,Gram Panchayet,2014-2015,0.8,0,02-Mar-14,18-Mar-14,03-06-2024
West Bengal,Paschim Medinipur,Keshpur,Amanpur,Teghara,Teghara Mandalpara,1342720,6588845,420086557,Deep Tubewell,Ground Water,I.C.D.S.,Gram Panchayet,2014-2015,0.8,0,02-Mar-14,18-Mar-14,03-06-2024
West Bengal,Paschim Medinipur,Keshpur,Amanpur,Palas Larya,Palastora Rajpara,1342705,6588845,420086558,Deep Tubewell,Ground Water,M.S.K.,Gram Panchayet,2014-2015,0.8,0,02-Mar-14,18-Mar-14,03-06-2024
West Bengal,Paschim Medinipur,Keshpur,Amrakuchi,Chauki Ghata,Sorenpara,1343116,6588920,420086586,Deep Tubewell,Ground Water,Road Side,Gram Panchayet,2014-2015,0.8,0,12-Mar-14,02-Apr-14,03-06-2024
West Bengal,Paschim Medinipur,Keshpur,Jhentla,Shata Chak,Satachak - Manna Para,1343682,6616126,420087412,Deep Tubewell,Ground Water,Primary School,Gram Panchayet,2014-2015,0.84,0.84,12-Mar-14,30-Mar-14,03-06-2024
West Bengal,Paschim Medinipur,Keshpur,Jhentla,Shata Chak,Das Para,1343683,6616126,420087413,Deep Tubewell,Ground Water,Narayan Das,Gram Panchayet,2014-2015,0.84,0.84,12-Mar-14,30-Mar-14,03-06-2024
West Bengal,Paschim Medinipur,Keshpur,Jhentla,Padima,Jana Para,1343684,6673136,420090921,Deep Tubewell,Ground Water,Montu Jana,Gram Panchayat,2014-2015,0.8,0,12-Mar-14,28-Mar-14,03-06-2024
West Bengal,Paschim Medinipur,Keshpur,Jhentla,Hijli,Hijli - Chalakpara,1343707,6673136,420090909,Deep Tubewell,Ground Water,Haradhan Chalak,Gram Panchayat,2014-2015,0.8,0,12-Mar-14,28-Mar-14,03-06-2024
West Bengal,Paschim Medinipur,Keshpur,Jhentla,Hijli,Hijli - Chalakpara,1343707,6673136,420090911,Deep Tubewell,Ground Water,Ganesh Chalak,Gram Panchayat,2014-2015,0.8,0,12-Mar-14,28-Mar-14,03-06-2024
West Bengal,Paschim Medinipur,Keshpur,Jhentla,Hijli,Hijli - Chalakpara,1343707,6673136,420090912,Deep Tubewell,Ground Water,Sunil Hansda,Gram Panchayat,2014-2015,0.8,0,12-Mar-14,28-Mar-14,03-06-2024
West Bengal,Paschim Medinipur,Keshpur,Jhentla,Hijli,Hijli - Chalakpara,1343707,6673136,420090913,Deep Tubewell,Ground Water,Mangal Soren,Gram Panchayat,2014-2015,0.8,0,12-Mar-14,28-Mar-14,03-06-2024
West Bengal,Paschim Medinipur,Keshpur,Jhentla,Paruliya,Parulea,1342670,6673136,420090923,Deep Tubewell,Ground Water,Chandan |Sen,Gram Panchayat,2014-2015,0.8,0,12-Mar-14,28-Mar-14,03-06-2024
West Bengal,Paschim Medinipur,Keshpur,Dhalhara,Parulia,Adibasi Para,1343547,6673373,420090940,Deep Tubewell,Ground Water,Shankar Bag,Gram Panchayat,2014-2015,0.8,0,15-Mar-14,05-Apr-14,03-06-2024
West Bengal,Paschim Medinipur,Keshpur,Dhalhara,Dhalhara,Danga Para,1343537,6673373,420090946,Deep Tubewell,Ground Water,Basudeb Babu,Gram Panchayat,2014-2015,0.8,0,15-Mar-14,05-Apr-14,03-06-2024
West Bengal,Paschim Medinipur,Keshpur,Dhalhara,Dhalhara,Mandal Para,1343539,6673373,420090945,Deep Tubewell,Ground Water,Tapa Sing,Gram Panchayat,2014-2015,0.8,0,15-Mar-14,05-Apr-14,03-06-2024
West Bengal,Paschim Medinipur,Keshpur,Amrakuchi,Mukti Chak,Amulia,1343161,6673433,420091036,Deep Tubewell,Ground Water,Dayal Das,Gram Panchayat,2014-2015,0.8,0,15-Mar-14,05-Apr-14,03-06-2024
West Bengal,Paschim Medinipur,Keshpur,Amrakuchi,Amrakuchi,Dangapara,1343154,6673433,420091028,Deep Tubewell,Ground Water,Saidul Mallick,Gram Panchayat,2014-2015,0.8,0,15-Mar-14,05-Apr-14,03-06-2024
West Bengal,Paschim Medinipur,Keshpur,Amrakuchi,Kharika,Kharika Bagpara,1343145,6677000,420091219,Deep Tubewell,Ground Water,Kharika I.C.D.S.,GRAM PANCHAYAT,2014-2015,0.82,0.82,02-Apr-14,28-Apr-14,03-06-2024
West Bengal,Paschim Medinipur,Keshpur,Amrakuchi,Rasidpur,Rashidpur,1343126,6677000,420091220,Deep Tubewell,Ground Water,Rasidpur Primary,GRAM PANCHAYAT,2014-2015,0.82,0.82,02-Apr-14,28-Apr-14,03-06-2024
West Bengal,Paschim Medinipur,Keshpur,Amrakuchi,Rasidpur,Rashidpur,1343126,6677000,420091221,Deep Tubewell,Ground Water,Mohon Sing,GRAM PANCHAYAT,2014-2015,0.82,0.82,02-Apr-14,28-Apr-14,03-06-2024
West Bengal,Paschim Medinipur,Keshpur,Amrakuchi,Jabar Danga,Mondalpara,1343114,6677000,420091213,Deep Tubewell,Ground Water,I.C.D.S.,GRAM PANCHAYAT,2014-2015,0.82,0.82,02-Apr-14,28-Apr-14,03-06-2024
West Bengal,Paschim Medinipur,Keshpur,Enayetpur,Enayat Pur,Mirjapara,1343769,6677000,420091205,Deep Tubewell,Ground Water,Sk Jahajan Ali,GRAM PANCHAYAT,2014-2015,0.82,0.82,02-Apr-14,28-Apr-14,03-06-2024
West Bengal,Paschim Medinipur,Keshpur,Golarh,Chenchura,Chenchura - Paschimpara,1342812,6677187,420091244,Deep Tubewell,Ground Water,Sk Abu Hasan,Gram Panchayat,2014-2015,0.82,0.82,12-Apr-14,28-Apr-14,03-06-2024
West Bengal,Paschim Medinipur,Keshpur,Golarh,Shasha Gerya,Sasageria - Uttarpara,1342820,6677187,420091243,Deep Tubewell,Ground Water,Primary School,Gram Panchayat,2014-2015,0.82,0.82,12-Apr-14,28-Apr-14,03-06-2024
West Bengal,Paschim Medinipur,Keshpur,Golarh,Lakshman Chak,Lakshmanchak,1342823,6677187,420091242,Deep Tubewell,Ground Water,Keosa Bazar,Gram Panchayat,2014-2015,0.82,0.82,12-Apr-14,28-Apr-14,03-06-2024
West Bengal,Paschim Medinipur,Keshpur,Amanpur,Tukura Pat,Turiapat,1342727,6677196,420091249,Deep Tubewell,Ground Water,High School,Gram Panchayat,2014-2015,0.82,0.82,12-Apr-14,30-Apr-14,03-06-2024
West Bengal,Paschim Medinipur,Keshpur,Amanpur,Jadupur,Jadupur Shivmandir,1342730,6677196,420091248,Deep Tubewell,Ground Water,Shiv Mandir,Gram Panchayat,2014-2015,0.82,0.82,12-Apr-14,30-Apr-14,03-06-2024
West Bengal,Paschim Medinipur,Keshpur,Amanpur,Madhya Piashala,Madhyapiasala Duleypara,1342772,6677196,420091250,Deep Tubewell,Ground Water,I.C.D.S.,Gram Panchayat,2014-2015,0.82,0.82,12-Apr-14,30-Apr-14,03-06-2024
West Bengal,Paschim Medinipur,Keshpur,Sarishakhola,Andi Chak,Andhichak Doetapara,1343443,6677199,420091268,Deep Tubewell,Ground Water,High School,Gram Panchayat,2014-2015,0.82,0.82,12-Apr-14,28-Apr-14,03-06-2024
West Bengal,Paschim Medinipur,Keshpur,Sarishakhola,Ghoshpur,Bharat Baj Para,1343463,6677203,420091277,Deep Tubewell,Ground Water,Tabageria,Gram Panchayat,2014-2015,0.82,0.82,12-Apr-14,28-Apr-14,03-06-2024
West Bengal,Paschim Medinipur,Keshpur,Sarishakhola,Ghoshpur,Dula Para,1343467,6677203,420091276,Deep Tubewell,Ground Water,Road Side,Gram Panchayat,2014-2015,0.82,0.82,12-Apr-14,28-Apr-14,03-06-2024
West Bengal,Paschim Medinipur,Keshpur,Sarishakhola,Akna,Mahinpara,1343455,6677206,420091291,Deep Tubewell,Ground Water,Asit Mahis,Gram Panchayat,2014-2015,0.82,0.82,12-Apr-14,30-Apr-14,03-06-2024
West Bengal,Paschim Medinipur,Keshpur,Enayetpur,Ghosh Diha,Ghoshdina Janapara,1343760,6687036,420093670,Deep Tubewell,Ground Water,Mrigendra Nath Kungar,Kungar Para,2014-2015,0.8,0.8,02-Apr-14,30-Apr-14,03-06-2024
West Bengal,Paschim Medinipur,Keshpur,Sirsa,Toria,Taria,1342647,6687083,420093694,Deep Tubewell,Ground Water,Raja Primary School,Gram Panchayat,2014-2015,0.82,0.82,02-Apr-14,30-Apr-14,03-06-2024
West Bengal,Paschim Medinipur,Keshpur,Sirsa,Gopinathpur,Karanpara,1342644,6687083,420093696,Deep Tubewell,Ground Water,Shib Mandir,Gram Panchayat,2014-2015,0.82,0.82,02-Apr-14,30-Apr-14,03-06-2024
West Bengal,Paschim Medinipur,Keshpur,Sirsa,Kalgerya,Kalgeria,1342653,6687083,420093692,Deep Tubewell,Ground Water,Lalon Babu,Gram Panchayat,2014-2015,0.82,0.82,02-Apr-14,30-Apr-14,03-06-2024
West Bengal,Paschim Medinipur,Keshpur,Sirsa,Rajgram,Rajagram Puilapara,1342681,6687083,420093697,Deep Tubewell,Ground Water,Haradhan Ghosh,Gram Panchayat,2014-2015,0.82,0.82,02-Apr-14,30-Apr-14,03-06-2024
West Bengal,Paschim Medinipur,Keshpur,Sirsa,Memua,Memua,1342673,6687083,420093690,Deep Tubewell,Ground Water,Ananda Fouzdar,Gram Panchayat,2014-2015,0.82,0.82,02-Apr-14,30-Apr-14,03-06-2024
West Bengal,Paschim Medinipur,Keshpur,Amrakuchi,Bagla,Pukurpara,1343117,6687166,420093751,Deep Tubewell,Ground Water,Jiten Sing,GRAM PANCHAYAT,2014-2015,0.8,0.8,12-Apr-14,12-Apr-17,03-06-2024
West Bengal,Paschim Medinipur,Keshpur,Amrakuchi,Kapta Bankati,Kaptabankati,1343162,6687166,420093756,Deep Tubewell,Ground Water,Sk Lokman,GRAM PANCHAYAT,2014-2015,0.8,0.8,12-Apr-14,12-Apr-17,03-06-2024
West Bengal,Paschim Medinipur,Keshpur,Anandapur,Lauria,Lawria - Midyapara,1343238,6687629,420093850,Deep Tubewell,Ground Water,Pabir Patra,Gram Panchayat,2014-2015,0.78,0.78,15-Apr-14,30-Apr-14,03-06-2024
West Bengal,Paschim Medinipur,Keshpur,Keshpur,Elni,Eluni Chak,1343305,6687663,420093892,Deep Tubewell,Ground Water,Sk Ainuddin,Gram Panchayat,2014-2015,0.82,0.82,04-Apr-14,20-Apr-14,03-06-2024
West Bengal,Paschim Medinipur,Keshpur,Kalagram,Uchahar,Dolaipara,1343371,6692627,420094620,Deep Tubewell,Ground Water,High School,Gram Panchayat,2014-2015,0.8,0.8,10-May-14,25-May-14,03-06-2024
West Bengal,Paschim Medinipur,Keshpur,Jhentla,Bara Gopinathpur,Bara Gopinathpur,1343650,6692627,420094609,Deep Tubewell,Ground Water,Biswajit Das,Gram Panchayat,2014-2015,0.8,0.8,10-May-14,25-May-14,03-06-2024
West Bengal,Paschim Medinipur,Keshpur,Jhentla,Salanga,Salanga,1343653,6692627,420094610,Deep Tubewell,Ground Water,High School,Gram Panchayat,2014-2015,0.8,0.8,10-May-14,25-May-14,03-06-2024
West Bengal,Paschim Medinipur,Keshpur,Mugbasan,Upar Kuai,Kuai,1342909,6692684,420094656,Deep Tubewell,Ground Water,S.S.K.,Gram Panchayat,2014-2015,0.78,0.78,02-May-14,20-May-14,03-06-2024
West Bengal,Paschim Medinipur,Keshpur,Mugbasan,Amritpur,Amritpur - Daldar Para,1342916,6692684,420094653,Deep Tubewell,Ground Water,Amit Dalbera,Gram Panchayat,2014-2015,0.78,0.78,02-May-14,20-May-14,03-06-2024
West Bengal,Paschim Medinipur,Keshpur,Teghori,Amla Bani,Amlaboni Madhyapara,1343031,6692684,420094648,Deep Tubewell,Ground Water,Primary School,Gram Panchayat,2014-2015,0.78,0.78,02-May-14,20-May-14,03-06-2024
West Bengal,Paschim Medinipur,Keshpur,Teghori,Asta Kola,Astakola,1343013,6692684,420094647,Deep Tubewell,Ground Water,Sudhir Maity,Gram Panchayat,2014-2015,0.78,0.78,02-May-14,20-May-14,03-06-2024
West Bengal,Paschim Medinipur,Keshpur,Teghori,Ramakata,Ramakata,1343022,6692853,420094711,Deep Tubewell,Ground Water,Tarapada Samanta,Gram Panchayat,2014-2015,0.82,0.82,04-Apr-14,30-Apr-14,03-06-2024
West Bengal,Paschim Medinipur,Keshpur,Dhalhara,Gun Hara,Gunhara Madhyapara,1343604,6692853,420094706,Deep Tubewell,Ground Water,Primary School,Gram Panchayat,2014-2015,0.82,0.82,04-Apr-14,30-Apr-14,03-06-2024
West Bengal,Paschim Medinipur,Keshpur,Jagannathpur,Sahaspur,Sahaspur Uttar,1342960,6696808,420094876,Deep Tubewell,Ground Water,Ghosal H.S. School,Gram Panchayat,2014-2015,0.78,0.78,12-May-14,24-May-14,03-06-2024
West Bengal,Paschim Medinipur,Keshpur,Enayetpur,Ajodhya Bar,Patarpara.,1343776,6819161,420104167,Deep Tubewell,Ground Water,Binod Layek,Gram Panchayat,2014-2015,0.78,0.78,14-May-14,26-May-14,03-06-2024
West Bengal,Paschim Medinipur,Keshpur,Enayetpur,Dhoba Gerya,Uttaradibasipara,1343797,6819161,420104159,Deep Tubewell,Ground Water,Pithu Kisku,Gram Panchayat,2014-2015,0.78,0.78,14-May-14,26-May-14,03-06-2024
West Bengal,Paschim Medinipur,Keshpur,Sarishakhola,Damgerya,Damgerya,1766940,6823272,420106642,Deep Tubewell,Ground Water,Bakkars Tea Shop,Gram Panchayat,2014-2015,0.8,0.8,12-May-14,04-Apr-17,03-06-2024
West Bengal,Paschim Medinipur,Keshpur,Dhalhara,Lakshman Chak,Panja Para,1343582,6823295,420106678,Deep Tubewell,Ground Water,Arjun Jana,Gram Panchayat,2014-2015,0.8,0.8,14-May-14,02-Jun-14,03-06-2024
West Bengal,Paschim Medinipur,Keshpur,Anandapur,Ranpara,Kaji Para,1343249,6823295,420106667,Deep Tubewell,Ground Water,Amirul Mallick,Gram Panchayat,2014-2015,0.8,0.8,14-May-14,02-Jun-14,03-06-2024
West Bengal,Paschim Medinipur,Keshpur,Amanpur,Bahadur Patna,Bahadurpatna Patnadalepara,1342764,6823347,420106702,Deep Tubewell,Ground Water,Patna M.S.K.,Gram Panchayat,2014-2015,0.78,0.78,14-May-14,12-Apr-17,03-06-2024
West Bengal,Paschim Medinipur,Keshpur,Amanpur,Burya Pat,Patrapara,1342750,6823347,420106709,Deep Tubewell,Ground Water,Haradhan Patra,Gram Panchayat,2014-2015,0.78,0.78,14-May-14,12-Apr-17,03-06-2024
West Bengal,Paschim Medinipur,Keshpur,Amanpur,Panch Khuiri,Kalyanipara,1342746,6823347,420106703,Deep Tubewell,Ground Water,Chandi Das,Gram Panchayat,2014-2015,0.78,0.78,14-May-14,12-Apr-17,03-06-2024
West Bengal,Paschim Medinipur,Keshpur,Kalagram,Uchahar,Purba Para,1343369,6823388,420106730,Deep Tubewell,Ground Water,Sk Siraj Ali,Gram Panchayat,2014-2015,0.78,0.78,07-May-14,25-May-14,03-06-2024
West Bengal,Paschim Medinipur,Keshpur,Dhalhara,Mukunda Pur,Mukundapur Purbapara,1343601,6823410,420106757,Deep Tubewell,Ground Water,Mosjid,Gram Panchayat,2014-2015,0.8,0.8,20-Jun-14,10-Jul-14,03-06-2024
West Bengal,Paschim Medinipur,Keshpur,Amrakuchi,Amrakuchi,Dolaipara,1343152,6823410,420106755,Deep Tubewell,Ground Water,Laxmikanta Mana,Gram Panchayat,2014-2015,0.8,0.8,20-Jun-14,10-Jul-14,03-06-2024
West Bengal,Paschim Medinipur,Keshpur,Anandapur,Bhagirath Bar,Shitala Mandir,1343234,6845174,420118681,Deep Tubewell,Ground Water,Kinkar Sant,Gram Panchayat,2014-2015,0.84,0.84,14-May-14,12-Jun-14,03-06-2024
West Bengal,Paschim Medinipur,Keshpur,Anandapur,Bhagirath Bar,Irra Masjid Para,1343235,6845174,420118685,Deep Tubewell,Ground Water,Mosjid,Gram Panchayat,2014-2015,0.84,0.84,14-May-14,12-Jun-14,03-06-2024
West Bengal,Paschim Medinipur,Keshpur,Teghori,Mejura,Tadardanga,1343071,6845184,420118687,Deep Tubewell,Ground Water,Shitala Mandir,Gram Panchayat,2014-2015,0.84,0.84,14-May-14,12-Jun-14,03-06-2024
West Bengal,Paschim Medinipur,Keshpur,Mugbasan,Miradanga,Uttarpara,1342873,6404439,420067277,Deep Tubewell,Ground Water,UTTARPARA,Gram Panchayet,2013-2014,0.8,0.8,12-May-13,25-Mar-14,03-06-2024
West Bengal,Paschim Medinipur,Keshpur,Mugbasan,Jheta Jambani,Battala,1342885,6404439,420067296,Deep Tubewell,Ground Water,BATTALA,Gram Panchayet,2013-2014,0.8,0.8,12-May-13,25-Mar-14,03-06-2024
West Bengal,Paschim Medinipur,Keshpur,Mugbasan,Mundalika,Desha Para,1342922,6404439,420067273,Deep Tubewell,Ground Water,DESHSAPARA,Gram Panchayet,2013-2014,0.8,0.8,12-May-13,25-Mar-14,03-06-2024
West Bengal,Paschim Medinipur,Keshpur,Mugbasan,Brahman Chak,Bramhanchak,1343452,6404439,420067303,Deep Tubewell,Ground Water,BRAHMAN CHAK,Gram Panchayet,2013-2014,0.8,0.8,12-May-13,25-Mar-14,03-06-2024
West Bengal,Paschim Medinipur,Keshpur,Sarishakhola,Raipur,Jana Para,1343427,6404789,420067757,Deep Tubewell,Ground Water,JANAPARA,Gram Panchayet,2013-2014,0.8,0.8,12-Apr-13,08-May-17,03-06-2024
West Bengal,Paschim Medinipur,Keshpur,Sarishakhola,Raipur,Bamunpara,1343428,6404789,420067758,Deep Tubewell,Ground Water,BAMUNPARA,Gram Panchayet,2013-2014,0.8,0.8,12-Apr-13,08-May-17,03-06-2024
West Bengal,Paschim Medinipur,Keshpur,Sarishakhola,Golagerya,Hajrapara,1343512,6404789,420067773,Deep Tubewell,Ground Water,HAJRAPARA,Gram Panchayet,2013-2014,0.8,0.8,12-Apr-13,08-May-17,03-06-2024
West Bengal,Paschim Medinipur,Keshpur,Sarishakhola,Sadhak Chak,Sadhakchak,1343436,6404789,420067756,Deep Tubewell,Ground Water,SADHAKCHAK,Gram Panchayet,2013-2014,0.8,0.8,12-Apr-13,08-May-17,03-06-2024
West Bengal,Paschim Medinipur,Keshpur,Sarishakhola,Sarisha Khola,Pastafful Para,1343474,6404789,420067751,Deep Tubewell,Ground Water,PASTAFFUL PARA,Gram Panchayet,2013-2014,0.8,0.8,12-Apr-13,08-May-17,03-06-2024
West Bengal,Paschim Medinipur,Keshpur,Sirsa,Akmura,Baloipara,1342658,6404860,420067896,Deep Tubewell,Ground Water,BALOIPARA,Gram Panchayet,2013-2014,0.75,0.75,01-Apr-13,12-Jan-14,03-06-2024
West Bengal,Paschim Medinipur,Keshpur,Sirsa,Khetua,Dholpara,1342687,6404926,420068012,Deep Tubewell,Ground Water,DHOLPARA,Gram Panchayet,2013-2014,0.75,0.75,01-Apr-13,14-Jan-14,03-06-2024
West Bengal,Paschim Medinipur,Keshpur,Sirsa,Khetua,Mondalpara,1342689,6404926,420068008,Deep Tubewell,Ground Water,MONDALPARA,Gram Panchayet,2013-2014,0.75,0.75,01-Apr-13,14-Jan-14,03-06-2024
West Bengal,Paschim Medinipur,Keshpur,Sirsa,Khari Gerya,Paschimpara,1342853,6404926,420068020,Deep Tubewell,Ground Water,PASCHIMPARA,Gram Panchayet,2013-2014,0.75,0.75,01-Apr-13,14-Jan-14,03-06-2024
West Bengal,Paschim Medinipur,Keshpur,Sirsa,Murakata,Murakata,1766821,6404981,420068183,Deep Tubewell,Ground Water,MURAKATAPARA,Gram Panchayet,2013-2014,0.8,0.8,12-May-13,25-Jan-14,03-06-2024
West Bengal,Paschim Medinipur,Keshpur,Sirsa,Raniar,Porapara,1342698,6404981,420068177,Deep Tubewell,Ground Water,PORAPARA,Gram Panchayet,2013-2014,0.8,0.8,12-May-13,25-Jan-14,03-06-2024
West Bengal,Paschim Medinipur,Keshpur,Sirsa,Mohabani,Duttapara,1342703,6404981,420068186,Deep Tubewell,Ground Water,DUTTAPARA,Gram Panchayet,2013-2014,0.8,0.8,12-May-13,25-Jan-14,03-06-2024
West Bengal,Paschim Medinipur,Keshpur,Sirsa,Maharajpur,Damodarpur,1342637,6404981,420068188,Deep Tubewell,Ground Water,DAMODARPUR,Gram Panchayet,2013-2014,0.8,0.8,12-May-13,25-Jan-14,03-06-2024
West Bengal,Paschim Medinipur,Keshpur,Teghori,Ghosh Khira,Ghoshkhir,1343026,6405060,420068297,Deep Tubewell,Ground Water,GHOSHKHIRA,Gram Panchayet,2013-2014,0.8,0.8,12-Apr-13,21-Feb-14,03-06-2024
West Bengal,Paschim Medinipur,Keshpur,Teghori,Ganta,Battala,1343034,6405060,420068298,Deep Tubewell,Ground Water,BATTALA,Gram Panchayet,2013-2014,0.8,0.8,12-Apr-13,21-Feb-14,03-06-2024
West Bengal,Paschim Medinipur,Keshpur,Teghori,Dhakkata,Janarbandh,1343079,6405060,420068302,Deep Tubewell,Ground Water,JANABANDH,Gram Panchayet,2013-2014,0.8,0.8,12-Apr-13,21-Feb-14,03-06-2024
West Bengal,Paschim Medinipur,Keshpur,Teghori,Kanch Gerya,Majipara,1343086,6405060,420068288,Deep Tubewell,Ground Water,MAJIPARA,Gram Panchayet,2013-2014,0.8,0.8,12-Apr-13,21-Feb-14,03-06-2024
West Bengal,Paschim Medinipur,Keshpur,Teghori,Chhoto Baruj,Sinjh Para,1343097,6405060,420068304,Deep Tubewell,Ground Water,SINJHPARA,Gram Panchayet,2013-2014,0.8,0.8,12-Apr-13,21-Feb-14,03-06-2024
West Bengal,Paschim Medinipur,Keshpur,Teghori,Kontai,Ghoshpara Madhya,1343048,6405119,420068399,Deep Tubewell,Ground Water,GHOSHPARA MADHYA,Gram Panchayet,2013-2014,0.8,0.8,12-May-13,25-Jan-14,03-06-2024
West Bengal,Paschim Medinipur,Keshpur,Teghori,Kontai,Chandabila Paschim,1343052,6405119,420068402,Deep Tubewell,Ground Water,CHANDBILA PASCHIM PARA,Gram Panchayet,2013-2014,0.8,0.8,12-May-13,25-Jan-14,03-06-2024
West Bengal,Paschim Medinipur,Keshpur,Teghori,Talchhara,Karpara,1343019,6405144,420068465,Deep Tubewell,Ground Water,KARPARA,Gram Panchayet,2013-2014,0.8,0.8,12-May-13,24-Jan-14,03-06-2024
West Bengal,Paschim Medinipur,Keshpur,Amanpur,Jadubar,Jadubarh Malderpara,1342724,6405144,420068456,Deep Tubewell,Ground Water,MALDERPARA,Gram Panchayet,2013-2014,0.8,0.8,12-May-13,24-Jan-14,03-06-2024
West Bengal,Paschim Medinipur,Keshpur,Enayetpur,Chathla,Bishnupadamondalpara,1343747,6405922,420069566,Deep Tubewell,Ground Water,MONDALPARA,Gram Panchayet,2013-2014,0.84,0.84,12-Apr-13,15-Jan-14,03-06-2024
West Bengal,Paschim Medinipur,Keshpur,Sarishakhola,Kanchan Tala,Singpara,1343490,6405937,420069582,Deep Tubewell,Ground Water,SINGPARA,Gram Panchayet,2013-2014,0.75,0.75,21-Apr-13,15-Jan-14,03-06-2024
West Bengal,Paschim Medinipur,Keshpur,Sarishakhola,Andulya,Andulia,1343450,6434898,420074969,Deep Tubewell,Ground Water,ANDULIA,ANDULIA,2013-2014,0.81,0.81,21-Jul-13,30-Sep-13,03-06-2024
West Bengal,Paschim Medinipur,Keshpur,Sarishakhola,Bhagirath Bar,Shilki Para,1343486,6434931,420074972,Deep Tubewell,Ground Water,SHILKI PARA,SHILKI PARA,2013-2014,0.81,0.81,21-Jun-13,30-Aug-13,03-06-2024
West Bengal,Paschim Medinipur,Keshpur,Sarishakhola,Chand Khali,Chandkhali Dolaipara,1343424,6434947,420074974,Deep Tubewell,Ground Water,CHANDKHALI DOLAIPARA,CHANDKHALI DOLAIPARA,2013-2014,0.81,0.81,11-Jul-13,30-Aug-13,03-06-2024
West Bengal,Paschim Medinipur,Keshpur,Sarishakhola,Ghoshpur,Adik Haiti Para,1343461,6434956,420074975,Deep Tubewell,Ground Water,ADIK HAITI PARA,ADIK HAITI PARA,2013-2014,0.82,0.82,21-Jul-13,30-Aug-13,03-06-2024
West Bengal,Paschim Medinipur,Keshpur,Sarishakhola,Manush Mari,Manusmari,1343416,6435012,420074982,Deep Tubewell,Ground Water,MANUSMARI,MANUSMARI,2013-2014,0.85,0.85,01-Sep-13,30-Oct-13,03-06-2024
West Bengal,Paschim Medinipur,Keshpur,Sarishakhola,Rashun Chak,Rasunchak Sumitradolaipara,1343446,6435094,420074988,Deep Tubewell,Ground Water,RASUNCHAK SUMITRADOLAIPARA,RASUNCHAK SUMITRADOLAIPARA,2013-2014,0.85,0.85,01-Sep-13,30-Oct-13,03-06-2024
West Bengal,Paschim Medinipur,Keshpur,Sarishakhola,Sinnibar,Sinnibarh Bandhpara,1343498,6435097,420074989,Deep Tubewell,Ground Water,SINNIBARH BANDHPARA,SINNIBARH BANDHPARA,2013-2014,0.88,0.88,10-Oct-13,11-Nov-13,03-06-2024
West Bengal,Paschim Medinipur,Keshpur,Teghori,Manta Bani,Mottabani Madhya,1343075,6437345,420248829,Deep Tubewell,Ground Water,Multaboni Pry. School,Construction of Rig Bored tube well Spot Sources fitted with India Mark II hand pump in different Blocks of Paschim Medinipur District 490 No TWs,2013-2014,392,450.81,01-Mar-13,03-May-23,03-06-2024
West Bengal,Paschim Medinipur,Keshpur,Amrakuchi,Bagla,Pukurpara,1343117,6437775,420251865,Deep Tubewell,Ground Water,Bagla Pry. School,Construction of Rig Bored T/W (Spot Sources) fitted with India Mark - II hand pump at different Sourceless Primary & Upper Primary Schools. [265 Nos. RBTW],2013-2014,212,212.01198,01-Mar-13,04-May-17,03-06-2024
West Bengal,Paschim Medinipur,Keshpur,Teghori,Kali Nagar,Kalinagar,1343025,6437776,420233308,Deep Tubewell,Ground Water,Baburdihi Ram Malash,Construction of Rig Bored tube well Spot Sources fitted with India Mark  II hand pump in different Blocks of Paschim Medinipur District 600 No TWs,2013-2014,480,436.36,01-Apr-13,03-May-23,03-06-2024
West Bengal,Paschim Medinipur,Keshpur,Teghori,Deulbar,Deubarh Tadara,1343038,6437776,420233301,Deep Tubewell,Ground Water,Deulbarh Near House of Ananth Sat,Construction of Rig Bored tube well Spot Sources fitted with India Mark  II hand pump in different Blocks of Paschim Medinipur District 600 No TWs,2013-2014,480,436.36,01-Apr-13,03-May-23,03-06-2024
West Bengal,Paschim Medinipur,Keshpur,Keshpur,Shankhapur,Natunpara,1343276,6437776,420233296,Deep Tubewell,Ground Water,Sankpur,Construction of Rig Bored tube well Spot Sources fitted with India Mark  II hand pump in different Blocks of Paschim Medinipur District 600 No TWs,2013-2014,480,436.36,01-Apr-13,03-May-23,03-06-2024
West Bengal,Paschim Medinipur,Keshpur,Anandapur,Gamaria,Bhuniapara,1343243,6437776,420233304,Deep Tubewell,Ground Water,Gamariya Bhuniapara,Construction of Rig Bored tube well Spot Sources fitted with India Mark  II hand pump in different Blocks of Paschim Medinipur District 600 No TWs,2013-2014,480,436.36,01-Apr-13,03-May-23,03-06-2024
West Bengal,Paschim Medinipur,Keshpur,Kalagram,Birbira,Sk. Para,1343338,6437776,420233299,Deep Tubewell,Ground Water,Birbira,Construction of Rig Bored tube well Spot Sources fitted with India Mark  II hand pump in different Blocks of Paschim Medinipur District 600 No TWs,2013-2014,480,436.36,01-Apr-13,03-May-23,03-06-2024
West Bengal,Paschim Medinipur,Keshpur,Amrakuchi,Panchami,Mollapara,1343137,6579073,420085960,Deep Tubewell,Ground Water,Fayej Mohommad,Gram Panchayat Office,2014-2015,0.82,0,12-Mar-14,28-Mar-14,03-06-2024
West Bengal,Paschim Medinipur,Keshpur,Amrakuchi,Panchami,Mollapara,1343137,6579073,420085957,Deep Tubewell,Ground Water,Sk Sattar Alam,Gram Panchayat Office,2014-2015,0.82,0,12-Mar-14,28-Mar-14,03-06-2024
West Bengal,Paschim Medinipur,Keshpur,Sirsa,Kalgerya,Kalgeria,1342653,6579276,420085979,Deep Tubewell,Ground Water,S.S.K.,Gram Panchayat Office,2014-2015,0.8,0,02-Mar-14,02-Apr-14,03-06-2024
West Bengal,Paschim Medinipur,Keshpur,Amanpur,Jadubar,Jadubarh Malderpara,1342724,6579436,420086018,Deep Tubewell,Ground Water,Rabindra Panja,Gram Panchayat Office,2014-2015,0.78,0,10-Mar-14,18-Mar-14,03-06-2024
West Bengal,Paschim Medinipur,Keshpur,Amanpur,Kota,Kota,1342779,6579436,420086019,Deep Tubewell,Ground Water,C.P.I(M) Office,Gram Panchayat Office,2014-2015,0.78,0,10-Mar-14,18-Mar-14,03-06-2024
West Bengal,Paschim Medinipur,Keshpur,Amanpur,Kota,Patrapara,1342781,6579436,420086026,Deep Tubewell,Ground Water,Bholai Maity,Gram Panchayat Office,2014-2015,0.78,0,10-Mar-14,18-Mar-14,03-06-2024
West Bengal,Paschim Medinipur,Keshpur,Amanpur,Dakshin Piashala,Dakhinpiasala Dharapara,1342775,6579436,420086010,Deep Tubewell,Ground Water,Paschim Para S.S.K.,Gram Panchayat Office,2014-2015,0.78,0,10-Mar-14,18-Mar-14,03-06-2024
West Bengal,Paschim Medinipur,Keshpur,Amanpur,Tanthua,Adibasipara,1342762,6588845,420086565,Deep Tubewell,Ground Water,Kuchan Mandi,Gram Panchayet,2014-2015,0.8,0,02-Mar-14,18-Mar-14,03-06-2024
West Bengal,Paschim Medinipur,Keshpur,Amanpur,Goharia,Goharia Upar,1342752,6389292,420053752,Deep Tubewell,Ground Water,Primary School,GRAM PANCHAYAT,2013-2014,0.7,0.7,12-Apr-13,25-Feb-14,03-06-2024
West Bengal,Paschim Medinipur,Keshpur,Golarh,Dharmma Pur,Digarpara,1342849,6388542,420053225,Deep Tubewell,Ground Water,Swadesh Doloi,Gram Panchayat,2013-2014,0.7,0.7,25-Apr-13,06-Apr-17,03-06-2024
West Bengal,Paschim Medinipur,Keshpur,Golarh,Harihar Chak,Hariharchak Bagpara,1342831,6388542,420053216,Deep Tubewell,Ground Water,Hammat Ali,Gram Panchayat,2013-2014,0.7,0.7,25-Apr-13,06-Apr-17,03-06-2024
West Bengal,Paschim Medinipur,Keshpur,Golarh,Golar,Goler - Bagpara,1342841,6388542,420053222,Deep Tubewell,Ground Water,Mintu Ali,Gram Panchayat,2013-2014,0.7,0.7,25-Apr-13,06-Apr-17,03-06-2024
West Bengal,Paschim Medinipur,Keshpur,Amanpur,Keshur Gerya,Kheshargeria,1342786,6388538,420053213,Deep Tubewell,Ground Water,Pagol Dogra,Gram Panchayat,2013-2014,0.8,0.8,25-Apr-13,14-Feb-14,03-06-2024
West Bengal,Paschim Medinipur,Keshpur,Amanpur,Amanpur,Kamalpara,1342716,6397461,420060619,Deep Tubewell,Ground Water,Teghara MandalPara,Roy Para,2013-2014,0.8,0.8,25-Apr-13,12-Feb-14,03-06-2024
West Bengal,Paschim Medinipur,Keshpur,Amanpur,Bahadur Patna,Daspara,1342766,6397500,420060654,Deep Tubewell,Ground Water,DASPARA,CHIMTA PARA,2013-2014,0.72,0.72,25-Apr-13,14-Feb-14,03-06-2024
West Bengal,Paschim Medinipur,Keshpur,Amanpur,Bahadur Patna,Karpara,1342765,6397500,420060653,Deep Tubewell,Ground Water,KARPARA,CHIMTA PARA,2013-2014,0.72,0.72,25-Apr-13,14-Feb-14,03-06-2024
West Bengal,Paschim Medinipur,Keshpur,Anandapur,Anandapur,Madhya Paschim Pal Para,1343193,6399641,420062133,Deep Tubewell,Ground Water,PALPARA,GRAM PANCHAYAT,2013-2014,0.8,0.8,25-Apr-13,12-Feb-14,03-06-2024
West Bengal,Paschim Medinipur,Keshpur,Anandapur,Anandapur,Uttar. Paschim Sadanandapara,1343198,6399641,420062125,Deep Tubewell,Ground Water,UTTARPASCHIM SADANANDAPARA,GRAM PANCHAYAT,2013-2014,0.8,0.8,25-Apr-13,12-Feb-14,03-06-2024
West Bengal,Paschim Medinipur,Keshpur,Anandapur,Anandapur,Bara Sitala Mandir,1343200,6399641,420062143,Deep Tubewell,Ground Water,BARASHITALAMANDIR,GRAM PANCHAYAT,2013-2014,0.8,0.8,25-Apr-13,12-Feb-14,03-06-2024
West Bengal,Paschim Medinipur,Keshpur,Anandapur,Anandapur,Bankata Lakhikanta Para,1343187,6399641,420062146,Deep Tubewell,Ground Water,LAKHIKANTAPARA,GRAM PANCHAYAT,2013-2014,0.8,0.8,25-Apr-13,12-Feb-14,03-06-2024
West Bengal,Paschim Medinipur,Keshpur,Amanpur,Kedar Pur,Kedarpur,1342729,6399641,420062167,Deep Tubewell,Ground Water,KEDARPUR,GRAM PANCHAYAT,2013-2014,0.8,0.8,25-Apr-13,12-Feb-14,03-06-2024
West Bengal,Paschim Medinipur,Keshpur,Amanpur,Satdubi,Haripara,1342758,6399641,420062165,Deep Tubewell,Ground Water,HARIPARA,GRAM PANCHAYAT,2013-2014,0.8,0.8,25-Apr-13,12-Feb-14,03-06-2024
West Bengal,Paschim Medinipur,Keshpur,Amanpur,Kalaberya,Kalaberia,1343702,6399641,420062168,Deep Tubewell,Ground Water,KALABERIA,GRAM PANCHAYAT,2013-2014,0.8,0.8,25-Apr-13,12-Feb-14,03-06-2024
West Bengal,Paschim Medinipur,Keshpur,Anandapur,Bibekpur,Amadkala,1343232,6400371,420062620,Deep Tubewell,Ground Water,AMADKALA,Gram Panchayet,2013-2014,0.8,0.8,25-Apr-13,12-Dec-14,03-06-2024
West Bengal,Paschim Medinipur,Keshpur,Dhalhara,Basudebpur,Basudebpur,1342691,6401296,420063215,Deep Tubewell,Ground Water,BASUDEBPUR,Gram Panchayet,2013-2014,0.8,0.8,25-Apr-13,12-Dec-14,03-06-2024
West Bengal,Paschim Medinipur,Keshpur,Dhalhara,Dakshin Parshura,Jogesh Mallick Kalghar,1343557,6401296,420063204,Deep Tubewell,Ground Water,JOGESH MALLICK GHAR,Gram Panchayet,2013-2014,0.8,0.8,25-Apr-13,12-Dec-14,03-06-2024
West Bengal,Paschim Medinipur,Keshpur,Dhalhara,Dakshin Parshura,Ghorai Para,1343558,6401296,420063205,Deep Tubewell,Ground Water,GHORAIPARA,Gram Panchayet,2013-2014,0.8,0.8,25-Apr-13,12-Dec-14,03-06-2024
West Bengal,Paschim Medinipur,Keshpur,Anandapur,Pachra,Ghosh Para,1343222,6401296,420063221,Deep Tubewell,Ground Water,GHOSH PARA,Gram Panchayet,2013-2014,0.8,0.8,25-Apr-13,12-Dec-14,03-06-2024
West Bengal,Paschim Medinipur,Keshpur,Dhalhara,Birambar Paikan,Purbapara,1343612,6401296,420063210,Deep Tubewell,Ground Water,PURBAPARA,Gram Panchayet,2013-2014,0.8,0.8,25-Apr-13,12-Dec-14,03-06-2024
West Bengal,Paschim Medinipur,Keshpur,Dhalhara,Damodar Chak,East Para,1343527,6401296,420063203,Deep Tubewell,Ground Water,EAST PARA,Gram Panchayet,2013-2014,0.8,0.8,25-Apr-13,12-Dec-14,03-06-2024
West Bengal,Paschim Medinipur,Keshpur,Dhalhara,Keottala,Madhyapara,1343609,6401959,420063979,Deep Tubewell,Ground Water,UTTARPARA,GRAM PANCHAYAT,2013-2014,0.8,0.8,12-Apr-13,25-Dec-14,03-06-2024
West Bengal,Paschim Medinipur,Keshpur,Dhalhara,Khejur Bani,Uttar Para,1343599,6401959,420063977,Deep Tubewell,Ground Water,UTTARPARA,GRAM PANCHAYAT,2013-2014,0.8,0.8,12-Apr-13,25-Dec-14,03-06-2024
West Bengal,Paschim Medinipur,Keshpur,Dhalhara,Salanga,Kaji Para,1343580,6401959,420063958,Deep Tubewell,Ground Water,KAJIPARA,GRAM PANCHAYAT,2013-2014,0.8,0.8,12-Apr-13,25-Dec-14,03-06-2024
West Bengal,Paschim Medinipur,Keshpur,Dhalhara,Herya,Haira,1343585,6401959,420063992,Deep Tubewell,Ground Water,HAIRA,GRAM PANCHAYAT,2013-2014,0.8,0.8,12-Apr-13,25-Dec-14,03-06-2024
West Bengal,Paschim Medinipur,Keshpur,Dhalhara,Sadek Mahammad,Sadek Mahamad,1343586,6401959,420063960,Deep Tubewell,Ground Water,SADEKMAHAMAD,GRAM PANCHAYAT,2013-2014,0.8,0.8,12-Apr-13,25-Dec-14,03-06-2024
West Bengal,Paschim Medinipur,Keshpur,Dhalhara,Madhyam Parshura,Singh Para,1343565,6401959,420063967,Deep Tubewell,Ground Water,SINGHPARA,GRAM PANCHAYAT,2013-2014,0.8,0.8,12-Apr-13,25-Dec-14,03-06-2024
West Bengal,Paschim Medinipur,Keshpur,Dhalhara,Kashta Khamar,Bhunia Para,1343570,6401959,420063986,Deep Tubewell,Ground Water,BHUNIA PARA,GRAM PANCHAYAT,2013-2014,0.8,0.8,12-Apr-13,25-Dec-14,03-06-2024
West Bengal,Paschim Medinipur,Keshpur,Dhalhara,Uttar Parshura,Hazra Para,1343573,6401959,420063955,Deep Tubewell,Ground Water,HAZRA PARA,GRAM PANCHAYAT,2013-2014,0.8,0.8,12-Apr-13,25-Dec-14,03-06-2024
West Bengal,Paschim Medinipur,Keshpur,Enayetpur,Gopinathpur,Sukumarpara,1343835,6402018,420064164,Deep Tubewell,Ground Water,SUKUMARPARA,Gram Panchayat,2013-2014,0.75,0.75,21-Apr-13,15-Dec-14,03-06-2024
West Bengal,Paschim Medinipur,Keshpur,Enayetpur,Ferura,Mondalpara,1343859,6402018,420064177,Deep Tubewell,Ground Water,MONDALPARA,Gram Panchayat,2013-2014,0.75,0.75,21-Apr-13,15-Dec-14,03-06-2024
West Bengal,Paschim Medinipur,Keshpur,Golarh,Geri Kala,Gerikata,1342833,6402061,420064269,Deep Tubewell,Ground Water,GERIKATA,Gram Panchayat,2013-2014,0.8,0.8,12-Apr-13,25-Dec-14,03-06-2024
West Bengal,Paschim Medinipur,Keshpur,Golarh,Mahisha Gerya,Paschimpara,1342826,6402061,420064245,Deep Tubewell,Ground Water,PASCHIMPARA,Gram Panchayat,2013-2014,0.8,0.8,12-Apr-13,25-Dec-14,03-06-2024
West Bengal,Paschim Medinipur,Keshpur,Golarh,Dharmma Pur,Muslimpara,1342851,6402061,420064270,Deep Tubewell,Ground Water,MUSLIMPARA,Gram Panchayat,2013-2014,0.8,0.8,12-Apr-13,25-Dec-14,03-06-2024
West Bengal,Paschim Medinipur,Keshpur,Golarh,Damdama,Damdama,1766773,6402061,420064272,Deep Tubewell,Ground Water,DAMDAMA,Gram Panchayat,2013-2014,0.8,0.8,12-Apr-13,25-Dec-14,03-06-2024
West Bengal,Paschim Medinipur,Keshpur,Golarh,Sirajpur,Kajipara,1342800,6402324,420064503,Deep Tubewell,Ground Water,KAJIPARA,GRAM PANCHAYAT,2013-2014,0.75,0.75,12-Apr-13,25-Dec-13,03-06-2024
West Bengal,Paschim Medinipur,Keshpur,Golarh,Shasha Gerya,Paschimpara,1342821,6402324,420064505,Deep Tubewell,Ground Water,PASCHIMPARA,GRAM PANCHAYAT,2013-2014,0.75,0.75,12-Apr-13,25-Dec-13,03-06-2024
West Bengal,Paschim Medinipur,Keshpur,Golarh,Palangpur,Palangpur,1342834,6402324,420064509,Deep Tubewell,Ground Water,PALANGARPUR,GRAM PANCHAYAT,2013-2014,0.75,0.75,12-Apr-13,25-Dec-13,03-06-2024
West Bengal,Paschim Medinipur,Keshpur,Jagannathpur,Jagannathpur,Jagannathpur Uttarpara,1343005,6402373,420064557,Deep Tubewell,Ground Water,UTTARPARA,GRAM PANCHAYAT,2013-2014,0.75,0.75,12-Apr-13,26-Feb-14,03-06-2024
West Bengal,Paschim Medinipur,Keshpur,Jagannathpur,Baukpur,Baukpur,1766778,6402373,420064577,Deep Tubewell,Ground Water,BAUKPUR,GRAM PANCHAYAT,2013-2014,0.75,0.75,12-Apr-13,26-Feb-14,03-06-2024
West Bengal,Paschim Medinipur,Keshpur,Jhentla,Bajgerya,Shaldang Para,1342938,6402410,420064620,Deep Tubewell,Ground Water,SHALDANG PARA,GRAM PANCHAYAT,2013-2014,0.75,0.75,10-Apr-13,13-Feb-14,03-06-2024
West Bengal,Paschim Medinipur,Keshpur,Jhentla,Banshi Bani,Gera Para,1343714,6402500,420064724,Deep Tubewell,Ground Water,GERAPARA,GRAM PANCHAYAT,2013-2014,0.75,0.75,12-Apr-13,25-Feb-14,03-06-2024
West Bengal,Paschim Medinipur,Keshpur,Jhentla,Manjuria,Paschimpara,1343640,6403031,420065239,Deep Tubewell,Ground Water,PASCHIMPARA,GRAM PANCHAYAT,2013-2014,0.75,0.75,12-Apr-13,25-Jan-14,03-06-2024
West Bengal,Paschim Medinipur,Keshpur,Jhentla,Kuralya,Dolaipara,1343619,6403031,420065227,Deep Tubewell,Ground Water,DOLAIPARA,GRAM PANCHAYAT,2013-2014,0.75,0.75,12-Apr-13,25-Jan-14,03-06-2024
West Bengal,Paschim Medinipur,Keshpur,Jhentla,Paruliya,Majipara,1342672,6403117,420065418,Deep Tubewell,Ground Water,MAJIPARA,GRAM PANCHAYAT,2013-2014,0.75,0.75,12-Apr-13,25-Jan-14,03-06-2024
West Bengal,Paschim Medinipur,Keshpur,Jorakeudi Solidiha,Bazar Arara,Bazararra,1342629,6403207,420065600,Deep Tubewell,Ground Water,BAZARARRA,Gram Panchayat,2013-2014,0.75,0.75,25-May-13,12-Dec-13,03-06-2024
West Bengal,Paschim Medinipur,Keshpur,Jorakeudi Solidiha,Dhara Sol,Dharasuli Samantapara,1342619,6403207,420065605,Deep Tubewell,Ground Water,SAMANTAPARA,Gram Panchayat,2013-2014,0.75,0.75,25-May-13,12-Dec-13,03-06-2024
West Bengal,Paschim Medinipur,Keshpur,Jorakeudi Solidiha,Paltagar,Dulaipara,1342601,6403430,420065820,Deep Tubewell,Ground Water,DULAIPARA,GRAM PANCHAYAT,2013-2014,0.82,0.82,12-May-13,14-Dec-13,03-06-2024
West Bengal,Paschim Medinipur,Keshpur,Jorakeudi Solidiha,Jaypur,Joypur Majipara,1342628,6403430,420065833,Deep Tubewell,Ground Water,MAJIPARA,GRAM PANCHAYAT,2013-2014,0.82,0.82,12-May-13,14-Dec-13,03-06-2024
West Bengal,Paschim Medinipur,Keshpur,Jorakeudi Solidiha,Murari,Murari Mahatopara,1342633,6403430,420065824,Deep Tubewell,Ground Water,MAHATOPARA,GRAM PANCHAYAT,2013-2014,0.82,0.82,12-May-13,14-Dec-13,03-06-2024
West Bengal,Paschim Medinipur,Keshpur,Jorakeudi Solidiha,Naya Gram,Dalberapara,1342567,6403430,420065823,Deep Tubewell,Ground Water,DALBERAPARA,GRAM PANCHAYAT,2013-2014,0.82,0.82,12-May-13,14-Dec-13,03-06-2024
West Bengal,Paschim Medinipur,Keshpur,Jorakeudi Solidiha,Sakhisol,Sakhisole Mahatopara,1342569,6403969,420066501,Deep Tubewell,Ground Water,MAHATOPARA,Gram Panchayet,2013-2014,0.72,0.72,15-Apr-13,21-Sep-14,03-06-2024
West Bengal,Paschim Medinipur,Keshpur,Jorakeudi Solidiha,Rola Pat,Ralapat Daspara,1342624,6403969,420066510,Deep Tubewell,Ground Water,DASPARA,Gram Panchayet,2013-2014,0.72,0.72,15-Apr-13,21-Sep-14,03-06-2024
West Bengal,Paschim Medinipur,Keshpur,Jorakeudi Solidiha,Saishol,Guwaladanga,1342594,6403969,420066509,Deep Tubewell,Ground Water,GUWALADANGA,Gram Panchayet,2013-2014,0.72,0.72,15-Apr-13,21-Sep-14,03-06-2024
West Bengal,Paschim Medinipur,Keshpur,Jorakeudi Solidiha,Udaypur,Udaypur Ghoshpara,1342627,6404131,420066866,Deep Tubewell,Ground Water,GHOSHPARA,Gram Panchayat,2013-2014,0.84,0.84,23-May-13,12-Dec-13,03-06-2024
West Bengal,Paschim Medinipur,Keshpur,Jorakeudi Solidiha,Taltala,Napitpara,1342622,6404131,420066869,Deep Tubewell,Ground Water,NAPITPARA,Gram Panchayat,2013-2014,0.84,0.84,23-May-13,12-Dec-13,03-06-2024
West Bengal,Paschim Medinipur,Keshpur,Jorakeudi Solidiha,Kenja Para,Kenyapara Kiskupara,1342579,6690866,420094413,Deep Tubewell,Ground Water,M.S.K.,Gram Panchayat,2014-2015,0.8,0.8,02-May-14,20-May-14,03-06-2024
West Bengal,Paschim Medinipur,Keshpur,Jorakeudi Solidiha,Gopal Bandh,Gopalbandh Uparpara,1342584,6690866,420094409,Deep Tubewell,Ground Water,Primary School,Gram Panchayat,2014-2015,0.8,0.8,02-May-14,20-May-14,03-06-2024
West Bengal,Paschim Medinipur,Keshpur,Jorakeudi Solidiha,Dotal,Dantan,1342632,6845174,420118670,Deep Tubewell,Ground Water,I.C.D.S.,Gram Panchayat,2014-2015,0.84,0.84,14-May-14,12-Jun-14,03-06-2024
West Bengal,Paschim Medinipur,Keshpur,Jorakeudi Solidiha,Jorakeundi,Jarakudi Upajatipara,1342581,7721508,420252307,Deep Tubewell,Ground Water,Jorakeudi Pry. School (1),Construction of 150 nos  Rig Bored  Tube Well fitted with India Mark II  hand pump in different blocks of  Paschim Medinipur District(TSM/003379   SM/05513),2017-2018,156.75,137.5,19-Jan-17,03-May-23,03-06-2024
West Bengal,Paschim Medinipur,Keshpur,Jorakeudi Solidiha,Chandmura,Chandmura,1342568,7721508,420252310,Deep Tubewell,Ground Water,Chandmura SSK,Construction of 150 nos  Rig Bored  Tube Well fitted with India Mark II  hand pump in different blocks of  Paschim Medinipur District(TSM/003379   SM/05513),2017-2018,156.75,137.5,19-Jan-17,03-May-23,03-06-2024
West Bengal,Paschim Medinipur,Keshpur,Jorakeudi Solidiha,Sankrui,Sankrai,1342591,6071193,420251588,Deep Tubewell,Ground Water,Sankrui ICDS,Cretion of drinking water source at Source Less Anganwadi Centers in Govt. Premises within different Blocks in paschim medinipur district,2013-2014,96.59,96.59,02-Jul-13,30-Aug-17,03-06-2024
West Bengal,Paschim Medinipur,Keshpur,Teghori,Kontai,Ghoshpara Paschim,1343046,6071193,420251580,Deep Tubewell,Ground Water,Kontai ICDS,Cretion of drinking water source at Source Less Anganwadi Centers in Govt. Premises within different Blocks in paschim medinipur district,2013-2014,96.59,96.59,02-Jul-13,30-Aug-17,03-06-2024
West Bengal,Paschim Medinipur,Keshpur,Anandapur,Anandapur,Rajar Durpa Para,1343218,6071193,420251586,Deep Tubewell,Ground Water,Rajardanga ICDS,Cretion of drinking water source at Source Less Anganwadi Centers in Govt. Premises within different Blocks in paschim medinipur district,2013-2014,96.59,96.59,02-Jul-13,30-Aug-17,03-06-2024
West Bengal,Paschim Medinipur,Keshpur,Jagannathpur,Pebua,Pebua,1766781,6071193,420251578,Deep Tubewell,Ground Water,Pebua ICDS,Cretion of drinking water source at Source Less Anganwadi Centers in Govt. Premises within different Blocks in paschim medinipur district,2013-2014,96.59,96.59,02-Jul-13,30-Aug-17,03-06-2024
West Bengal,Paschim Medinipur,Keshpur,Sirsa,Shirsha,Shirsha,1766945,6071193,420251587,Deep Tubewell,Ground Water,Bhandari Para ICDS,Cretion of drinking water source at Source Less Anganwadi Centers in Govt. Premises within different Blocks in paschim medinipur district,2013-2014,96.59,96.59,02-Jul-13,30-Aug-17,03-06-2024
West Bengal,Paschim Medinipur,Keshpur,Enayetpur,Paharchak,Paharchak Adibasipara,1343739,6352980,420036273,Deep Tubewell,Ground Water,Paharchak M.S.K.,Gram Panchayat,2013-2014,0.8,0.8,12-May-13,11-Apr-17,03-06-2024
West Bengal,Paschim Medinipur,Keshpur,Enayetpur,Kaigerya,Janapara,1343782,6358632,420039847,Deep Tubewell,Ground Water,Raghu Pora,GRAM PANCHAYAT,2013-2014,0.7,0.7,02-May-13,15-Feb-14,03-06-2024
West Bengal,Paschim Medinipur,Keshpur,Sarishakhola,Got Gerya,Got Gerya,1766942,6377707,420049148,Deep Tubewell,Ground Water,Bijoi Sing,Gram Panchayat,2013-2014,0.8,0.8,25-May-13,24-Feb-14,03-06-2024
West Bengal,Paschim Medinipur,Keshpur,Enayetpur,Ghosh Diha,Ghoshdina Janapara,1343760,6388552,420053256,Deep Tubewell,Ground Water,Ramesh Kalsar,Gram Panchayat,2013-2014,0.7,0.7,25-Apr-13,24-Feb-14,03-06-2024
West Bengal,Paschim Medinipur,Keshpur,Enayetpur,Bara Pasha,Mondalpara,1343753,6389292,420053740,Deep Tubewell,Ground Water,Mithu Maji,GRAM PANCHAYAT,2013-2014,0.7,0.7,12-Apr-13,25-Feb-14,03-06-2024
West Bengal,Paschim Medinipur,Keshpur,Enayetpur,Chotta Pasha,Kumaripara,1343756,6389292,420053744,Deep Tubewell,Ground Water,Hamid Ali,GRAM PANCHAYAT,2013-2014,0.7,0.7,12-Apr-13,25-Feb-14,03-06-2024
West Bengal,Paschim Medinipur,Keshpur,Enayetpur,Kapash Tikri,Letarpara,1343774,6402018,420064163,Deep Tubewell,Ground Water,LETARPARA,Gram Panchayat,2013-2014,0.75,0.75,21-Apr-13,15-Dec-14,03-06-2024
West Bengal,Paschim Medinipur,Keshpur,Enayetpur,Pindra Gerya,Bartalapara,1766854,6402018,420064150,Deep Tubewell,Ground Water,BARTALAPARA,Gram Panchayat,2013-2014,0.75,0.75,21-Apr-13,15-Dec-14,03-06-2024
West Bengal,Paschim Medinipur,Keshpur,Jhentla,Brindaban Chak,Brindaban Chak,1766801,6402500,420064716,Deep Tubewell,Ground Water,BRINDABANCHAK,GRAM PANCHAYAT,2013-2014,0.75,0.75,12-Apr-13,25-Feb-14,03-06-2024
West Bengal,Paschim Medinipur,Keshpur,Jhentla,Tentul Muri,Tentulmari,1343710,6403207,420065597,Deep Tubewell,Ground Water,TENTULMARI,Gram Panchayat,2013-2014,0.75,0.75,25-May-13,12-Dec-13,03-06-2024
West Bengal,Paschim Medinipur,Keshpur,Jhentla,Salanga,Paschimpara,1343657,6403329,420065666,Deep Tubewell,Ground Water,GHORAIPARA,Gram Panchayat,2013-2014,0.8,0.8,12-Apr-13,24-Dec-13,03-06-2024
West Bengal,Paschim Medinipur,Keshpur,Jorakeudi Solidiha,Jam Pal,Jam Pal,1766553,6403430,420065834,Deep Tubewell,Ground Water,JAM PAL,GRAM PANCHAYAT,2013-2014,0.82,0.82,12-May-13,14-Dec-13,03-06-2024
West Bengal,Paschim Medinipur,Keshpur,Jorakeudi Solidiha,Sholdiha,Darapara,1342615,6403969,420066495,Deep Tubewell,Ground Water,DASPARA,Gram Panchayet,2013-2014,0.72,0.72,15-Apr-13,21-Sep-14,03-06-2024
West Bengal,Paschim Medinipur,Keshpur,Kalagram,Akhra Pota,Paschimpara,1343387,6404131,420066856,Deep Tubewell,Ground Water,PASCHIMPARA,Gram Panchayat,2013-2014,0.84,0.84,23-May-13,12-Dec-13,03-06-2024
West Bengal,Paschim Medinipur,Keshpur,Kalagram,Birbira,Mallickpara,1343339,6404143,420066917,Deep Tubewell,Ground Water,MALLICKPARA,Gram Panchayat,2013-2014,0.8,0.8,12-Apr-13,25-Feb-14,03-06-2024
West Bengal,Paschim Medinipur,Keshpur,Kalagram,Bhimpur,Bera Para,1343329,6404143,420066923,Deep Tubewell,Ground Water,BERA PARA,Gram Panchayat,2013-2014,0.8,0.8,12-Apr-13,25-Feb-14,03-06-2024
West Bengal,Paschim Medinipur,Keshpur,Kalagram,Bhimpur,Kha Para,1343327,6404143,420066922,Deep Tubewell,Ground Water,KHA PARA,Gram Panchayat,2013-2014,0.8,0.8,12-Apr-13,25-Feb-14,03-06-2024
West Bengal,Paschim Medinipur,Keshpur,Kalagram,Chandan Gerya,Uttarpara,1343373,6404143,420066908,Deep Tubewell,Ground Water,UTTARPARA,Gram Panchayat,2013-2014,0.8,0.8,12-Apr-13,25-Feb-14,03-06-2024
West Bengal,Paschim Medinipur,Keshpur,Kalagram,Padima Shyam Chak,Dolaipara,1343354,6404155,420066960,Deep Tubewell,Ground Water,DOLAIPARA,Gram Panchayat,2013-2014,0.75,0.75,14-Jun-13,12-Dec-13,03-06-2024
West Bengal,Paschim Medinipur,Keshpur,Keshpur,Ghana Gerya,Ghana Geria,1766919,6404165,420067013,Deep Tubewell,Ground Water,GHANAGERIA,Gram Panchayat,2013-2014,0.75,0.75,25-May-13,12-Mar-14,03-06-2024
West Bengal,Paschim Medinipur,Keshpur,Keshpur,Beldoba,Degur Para,1343293,6404165,420067029,Deep Tubewell,Ground Water,DEGURPARA,Gram Panchayat,2013-2014,0.75,0.75,25-May-13,12-Mar-14,03-06-2024
West Bengal,Paschim Medinipur,Keshpur,Keshpur,Mathania,Methumia,1343280,6404173,420067054,Deep Tubewell,Ground Water,METHUMIA,Gram Panchayat,2013-2014,0.75,0.75,12-Apr-13,25-Feb-14,03-06-2024
West Bengal,Paschim Medinipur,Keshpur,Keshpur,Shankhapur,Masjidpara,1343278,6404173,420067046,Deep Tubewell,Ground Water,MASJID PARA,Gram Panchayat,2013-2014,0.75,0.75,12-Apr-13,25-Feb-14,03-06-2024
West Bengal,Paschim Medinipur,Keshpur,Keshpur,Sarai,Dakshinpara,1343261,6404173,420067049,Deep Tubewell,Ground Water,DAKSHINPARA,Gram Panchayat,2013-2014,0.75,0.75,12-Apr-13,25-Feb-14,03-06-2024
West Bengal,Paschim Medinipur,Keshpur,Keshpur,Maruk Chak,Makulchak Bamunpara,1342904,6404173,420067057,Deep Tubewell,Ground Water,BAMUNPARA,Gram Panchayat,2013-2014,0.75,0.75,12-Apr-13,25-Feb-14,03-06-2024
West Bengal,Paschim Medinipur,Keshpur,Keshpur,Maruk Chak,Raypara,1342907,6404173,420067055,Deep Tubewell,Ground Water,RAYPARA,Gram Panchayat,2013-2014,0.75,0.75,12-Apr-13,25-Feb-14,03-06-2024
West Bengal,Paschim Medinipur,Keshpur,Mugbasan,Krishnanagar Kismat,Krishnanagar,1342896,6404439,420067283,Deep Tubewell,Ground Water,KRISHNAGAR,Gram Panchayet,2013-2014,0.8,0.8,12-May-13,25-Mar-14,03-06-2024
West Bengal,Paschim Medinipur,Keshpur,Teghori,Ganta,Ganta,1343033,6853701,420123538,Deep Tubewell,Ground Water,Bhuban Samanta,Gram Panchayat,2014-2015,0.8,0.8,02-Jun-14,28-Jun-14,03-06-2024
West Bengal,Paschim Medinipur,Keshpur,Teghori,Palbani,Palbani,1343045,6853701,420123533,Deep Tubewell,Ground Water,S.S.K.,Gram Panchayat,2014-2015,0.8,0.8,02-Jun-14,28-Jun-14,03-06-2024
West Bengal,Paschim Medinipur,Keshpur,Amrakuchi,Amrakuchi,Amrakuchi Bazar,1343159,6857620,420125863,Deep Tubewell,Ground Water,Saidul Mallick,Gram Panchayat,2014-2015,0.84,0.84,12-Jun-14,11-Apr-17,03-06-2024
West Bengal,Paschim Medinipur,Keshpur,Enayetpur,Malyan,Malyan,1766765,6858416,420126632,Deep Tubewell,Ground Water,S.S.K.,Gram Panchayat,2014-2015,0.84,0.84,10-Jun-14,11-Apr-17,03-06-2024
West Bengal,Paschim Medinipur,Keshpur,Enayetpur,Mirpur,Mirpur Mallickpara,1343788,6858416,420126629,Deep Tubewell,Ground Water,Kartik Nayek,Gram Panchayat,2014-2015,0.84,0.84,10-Jun-14,11-Apr-17,03-06-2024
West Bengal,Paschim Medinipur,Keshpur,Sirsa,Toria,Taria,1342647,6858943,420127026,Deep Tubewell,Ground Water,Bohara S.S.K&amp;amp;amp;amp;amp;amp;amp;amp;amp;gt;,Gram Panchayat,2014-2015,0.84,0.84,06-Jul-14,25-Jul-14,03-06-2024
West Bengal,Paschim Medinipur,Keshpur,Jagannathpur,Birhimbar,Birhimbar Adakpara,1342956,6858953,420127048,Deep Tubewell,Ground Water,Ashudtola Chak,Gram Panchayat,2014-2015,0.8,0.8,06-Jul-14,28-Jul-14,03-06-2024
West Bengal,Paschim Medinipur,Keshpur,Enayetpur,Gopinathpur,Gopinathpur Berapara,1343830,6858962,420127058,Deep Tubewell,Ground Water,Biswanath Mahali,Gram Panchayat,2014-2015,0.8,0.8,12-Jun-14,28-Jun-14,03-06-2024
West Bengal,Paschim Medinipur,Keshpur,Enayetpur,Gopinathpur,Gopinathpur Berapara,1343830,6858962,420127059,Deep Tubewell,Ground Water,Primary School,Gram Panchayat,2014-2015,0.8,0.8,12-Jun-14,28-Jun-14,03-06-2024
West Bengal,Paschim Medinipur,Keshpur,Enayetpur,Gopinathpur,Gopinathpur Berapara,1343830,6858962,420127061,Deep Tubewell,Ground Water,Taposh Ghorai,Gram Panchayat,2014-2015,0.8,0.8,12-Jun-14,28-Jun-14,03-06-2024
West Bengal,Paschim Medinipur,Keshpur,Enayetpur,Gopinathpur,Gopinathpur Berapara,1343830,6858962,420127062,Deep Tubewell,Ground Water,Samir Hansda,Gram Panchayat,2014-2015,0.8,0.8,12-Jun-14,28-Jun-14,03-06-2024
West Bengal,Paschim Medinipur,Keshpur,Enayetpur,Ferura,Murmupara,1343855,6858962,420127065,Deep Tubewell,Ground Water,Sukumar Pator,Gram Panchayat,2014-2015,0.8,0.8,12-Jun-14,28-Jun-14,03-06-2024
West Bengal,Paschim Medinipur,Keshpur,Enayetpur,Ferura,Murmupara,1343855,6858962,420127067,Deep Tubewell,Ground Water,Mangal Mandi,Gram Panchayat,2014-2015,0.8,0.8,12-Jun-14,28-Jun-14,03-06-2024
West Bengal,Paschim Medinipur,Keshpur,Sirsa,Maharajpur,Maharajpur,1342636,6859051,420127088,Deep Tubewell,Ground Water,Brindaban Gayen,Gram Panchayat,2014-2015,0.8,0.8,02-Jul-14,30-Jul-14,03-06-2024
West Bengal,Paschim Medinipur,Keshpur,Sirsa,Maharajpur,Maharajpur,1342636,6859051,420127093,Deep Tubewell,Ground Water,I.CD.S.,Gram Panchayat,2014-2015,0.8,0.8,02-Jul-14,30-Jul-14,03-06-2024
West Bengal,Paschim Medinipur,Keshpur,Sirsa,Bara Rajgram,Bararajagram,1342680,6859052,420127103,Deep Tubewell,Ground Water,Rampada Man,Gram Panchayat,2014-2015,0.8,0.8,02-Jul-14,28-Jul-14,03-06-2024
West Bengal,Paschim Medinipur,Keshpur,Sirsa,Toria,Taria,1342647,6859052,420127094,Deep Tubewell,Ground Water,Putoder Pan,Gram Panchayat,2014-2015,0.8,0.8,02-Jul-14,28-Jul-14,03-06-2024
West Bengal,Paschim Medinipur,Keshpur,Sirsa,Khari Gerya,Dakshinpara,1342854,6859052,420127098,Deep Tubewell,Ground Water,Mahadiha Primary School,Gram Panchayat,2014-2015,0.8,0.8,02-Jul-14,28-Jul-14,03-06-2024
West Bengal,Paschim Medinipur,Keshpur,Sirsa,Akmura,Janapara,1342660,6859960,420127477,Deep Tubewell,Ground Water,Amal Jana,Gram Panchayat,2014-2015,0.84,0.84,06-Jun-14,25-Jun-14,03-06-2024
West Bengal,Paschim Medinipur,Keshpur,Sirsa,Akmura,Janapara,1342660,6859960,420127470,Deep Tubewell,Ground Water,Kartik Jana,Gram Panchayat,2014-2015,0.84,0.84,06-Jun-14,25-Jun-14,03-06-2024
West Bengal,Paschim Medinipur,Keshpur,Amanpur,Karuria,Adibasipara,1342742,6859963,420127483,Deep Tubewell,Ground Water,Raghunath Das,Gram Panchayat,2014-2015,0.84,0.84,12-Jun-14,29-Jun-14,03-06-2024
West Bengal,Paschim Medinipur,Keshpur,Dhalhara,Mukunda Pur,Mukundapur Purbapara,1343601,6859963,420127482,Deep Tubewell,Ground Water,Sk Abul Kalam,Gram Panchayat,2014-2015,0.84,0.84,12-Jun-14,29-Jun-14,03-06-2024
West Bengal,Paschim Medinipur,Keshpur,Teghori,Amla Bani,Amlaboni Madhyapara,1343031,6861674,420128669,Deep Tubewell,Ground Water,Sunil Mandal,Gram Panchayat,2014-2015,0.84,0.84,06-Jul-14,20-Jul-14,03-06-2024
West Bengal,Paschim Medinipur,Keshpur,Teghori,Dudiabandi,Dudiabandhi Uporpara,1343027,6861674,420128662,Deep Tubewell,Ground Water,Ananta Mandal,Gram Panchayat,2014-2015,0.84,0.84,06-Jul-14,20-Jul-14,03-06-2024
West Bengal,Paschim Medinipur,Keshpur,Teghori,Kontai,Dalbera Madhya,1343050,6861674,420128668,Deep Tubewell,Ground Water,T.M.C. Party Office,Gram Panchayat,2014-2015,0.84,0.84,06-Jul-14,20-Jul-14,03-06-2024
West Bengal,Paschim Medinipur,Keshpur,Teghori,Kontai,Dalbera Madhya,1343050,6861674,420128665,Deep Tubewell,Ground Water,Bijoy Patra,Gram Panchayat,2014-2015,0.84,0.84,06-Jul-14,20-Jul-14,03-06-2024
West Bengal,Paschim Medinipur,Keshpur,Kalagram,Chand Chak,Singh Para,1343407,6867188,420132415,Deep Tubewell,Ground Water,Shankar Bag,Gram Panchayat,2014-2015,0.82,0.82,02-Jul-14,28-Jul-14,03-06-2024
West Bengal,Paschim Medinipur,Keshpur,Kalagram,Chand Chak,Dolaipara,1343408,6867188,420132417,Deep Tubewell,Ground Water,Surajit Doloi,Gram Panchayat,2014-2015,0.82,0.82,02-Jul-14,28-Jul-14,03-06-2024
West Bengal,Paschim Medinipur,Keshpur,Kalagram,Basan Chak,Santrapara,1343406,6867188,420132413,Deep Tubewell,Ground Water,Srimanta Santra,Gram Panchayat,2014-2015,0.82,0.82,02-Jul-14,28-Jul-14,03-06-2024
West Bengal,Paschim Medinipur,Keshpur,Kalagram,Chand Chak,Mandirpara,1343409,6867188,420132419,Deep Tubewell,Ground Water,Shitala Mandir,Gram Panchayat,2014-2015,0.82,0.82,02-Jul-14,28-Jul-14,03-06-2024
West Bengal,Paschim Medinipur,Keshpur,Kalagram,Chand Chak,Mandirpara,1343409,6867188,420132421,Deep Tubewell,Ground Water,Biswajit Santra,Gram Panchayat,2014-2015,0.82,0.82,02-Jul-14,28-Jul-14,03-06-2024
West Bengal,Paschim Medinipur,Keshpur,Kalagram,Chand Chak,Mandirpara,1343409,6867188,420132422,Deep Tubewell,Ground Water,Primary School,Gram Panchayat,2014-2015,0.82,0.82,02-Jul-14,28-Jul-14,03-06-2024
West Bengal,Paschim Medinipur,Keshpur,Enayetpur,Kanja Gerya,Kanja Gerya,1766666,6867874,420133228,Deep Tubewell,Ground Water,KOmola Pandit,Gram Panchayat,2014-2015,0.82,0.82,12-Aug-14,28-Aug-14,03-06-2024
West Bengal,Paschim Medinipur,Keshpur,Enayetpur,Kanja Gerya,Kanja Gerya,1766666,6867874,420133229,Deep Tubewell,Ground Water,Satish Adgiri,Gram Panchayat,2014-2015,0.82,0.82,12-Aug-14,28-Aug-14,03-06-2024
West Bengal,Paschim Medinipur,Keshpur,Amrakuchi,Panchami,Mollapara,1343137,6869420,420134673,Deep Tubewell,Ground Water,Sattar Alam,Gram Panchayat,2014-2015,0.82,0.82,12-Aug-14,12-Apr-17,03-06-2024
West Bengal,Paschim Medinipur,Keshpur,Amrakuchi,Panchami,Mollapara,1343137,6869420,420134674,Deep Tubewell,Ground Water,Sk Durmusa Ali,Gram Panchayat,2014-2015,0.82,0.82,12-Aug-14,12-Apr-17,03-06-2024
West Bengal,Paschim Medinipur,Keshpur,Amrakuchi,Panchami,Mollapara,1343137,6869420,420134676,Deep Tubewell,Ground Water,Majed Alam,Gram Panchayat,2014-2015,0.82,0.82,12-Aug-14,12-Apr-17,03-06-2024
West Bengal,Paschim Medinipur,Keshpur,Teghori,Kontai,Dalbera Madhya,1343050,6869421,420134690,Deep Tubewell,Ground Water,Bibhuti Pramanik,Gram Panchayat,2014-2015,0.82,0.82,12-Aug-14,28-Aug-14,03-06-2024
West Bengal,Paschim Medinipur,Keshpur,Teghori,Kontai,Malpara Madhya,1343055,6869421,420134682,Deep Tubewell,Ground Water,Madhyamik Shiksha Kendra(Meal Room),Gram Panchayat,2014-2015,0.82,0.82,12-Aug-14,28-Aug-14,03-06-2024
West Bengal,Paschim Medinipur,Keshpur,Anandapur,Anandapur,Gayan Para,1343216,6884351,420139562,Deep Tubewell,Ground Water,Golam Mostafa,Gram Panchayat,2014-2015,0.84,0.84,08-Aug-14,28-Aug-14,03-06-2024
West Bengal,Paschim Medinipur,Keshpur,Anandapur,Anandapur,Chanlikala Para,1343217,6884351,420139564,Deep Tubewell,Ground Water,Selim Jamadar,Gram Panchayat,2014-2015,0.84,0.84,08-Aug-14,28-Aug-14,03-06-2024
West Bengal,Paschim Medinipur,Keshpur,Anandapur,Anandapur,Bankata Masjidpara,1343184,6884402,420139593,Deep Tubewell,Ground Water,Chunikhar Par,Gram Panchayat,2014-2015,0.84,0.84,12-Aug-14,02-Sep-14,03-06-2024
West Bengal,Paschim Medinipur,Keshpur,Amrakuchi,Panchami,Panchami Mirpara,1343136,6884442,420139619,Deep Tubewell,Ground Water,Mir Nur Mahammad,Gram Panchayat,2014-2015,0.84,0.84,12-Aug-14,10-Sep-14,03-06-2024
West Bengal,Paschim Medinipur,Keshpur,Amrakuchi,Mukti Chak,Amulia,1343161,6884442,420139616,Deep Tubewell,Ground Water,Dayal Das,Gram Panchayat,2014-2015,0.84,0.84,12-Aug-14,10-Sep-14,03-06-2024
West Bengal,Paschim Medinipur,Keshpur,Enayetpur,Brahman Gerya,Bramhangeria Senguptapara,1343792,6885178,420139878,Deep Tubewell,Ground Water,Primary School,Gram Panchayat,2014-2015,0.8,0.8,12-Aug-14,28-Aug-14,03-06-2024
West Bengal,Paschim Medinipur,Keshpur,Kalagram,Thaur,Thaur,1766913,6885373,420139911,Deep Tubewell,Ground Water,Sunil Bag,Gram Panchayat,2014-2015,0.8,0.8,12-Aug-14,28-Aug-14,03-06-2024
West Bengal,Paschim Medinipur,Keshpur,Kalagram,Thaur,Thaur,1766913,6901994,420143824,Deep Tubewell,Ground Water,M.S.K.,Gram Panchayat,2014-2015,0.84,0.84,12-Aug-14,30-Aug-14,03-06-2024
West Bengal,Paschim Medinipur,Keshpur,Sirsa,Garur Bag,Gatibarh,1342827,6902664,420144398,Deep Tubewell,Ground Water,Dilip Samanta,Gram Panchayat,2014-2015,0.84,0.84,08-Aug-14,28-Aug-14,03-06-2024
West Bengal,Paschim Medinipur,Keshpur,Sirsa,Maharajpur,Maharajpur,1342636,6902664,420144401,Deep Tubewell,Ground Water,Nursary School,Gram Panchayat,2014-2015,0.84,0.84,08-Aug-14,28-Aug-14,03-06-2024
West Bengal,Paschim Medinipur,Keshpur,Dhalhara,Dhalhara,Dhalhara,1343534,6902682,420144473,Deep Tubewell,Ground Water,Paglimatar Mondir,Gram Panchayat,2014-2015,0.84,0.84,12-Aug-14,28-Aug-14,03-06-2024
West Bengal,Paschim Medinipur,Keshpur,Anandapur,Lepsa,Chinchindanga,1343252,6903322,420145170,Deep Tubewell,Ground Water,Jhapar Singh,Gram Panchayat,2014-2015,0.8,0.8,12-Aug-14,30-Aug-14,03-06-2024
West Bengal,Paschim Medinipur,Keshpur,Sirsa,Gopinathpur,Gopinathpur Maitypara,1342642,6903322,420145158,Deep Tubewell,Ground Water,Primary School,Gram Panchayat,2014-2015,0.8,0.8,12-Aug-14,30-Aug-14,03-06-2024
West Bengal,Paschim Medinipur,Keshpur,Sirsa,Gopinathpur,Karanpara,1342644,6903322,420145157,Deep Tubewell,Ground Water,Chandi Karan,Gram Panchayat,2014-2015,0.8,0.8,12-Aug-14,30-Aug-14,03-06-2024
West Bengal,Paschim Medinipur,Keshpur,Sirsa,Khetua,Dholpara,1342687,6903356,420145226,Deep Tubewell,Ground Water,Primary School,Gram Panchayat,2014-2015,0.8,0.8,12-Aug-14,30-Aug-14,03-06-2024
West Bengal,Paschim Medinipur,Keshpur,Amanpur,Eluni,Purba Para,1343307,6903356,420145205,Deep Tubewell,Ground Water,Eluni Samabai Samity,Gram Panchayat,2014-2015,0.8,0.8,12-Aug-14,30-Aug-14,03-06-2024
West Bengal,Paschim Medinipur,Keshpur,Sirsa,Parulia,Purulia,1343688,6903356,420145224,Deep Tubewell,Ground Water,Kali Mondir,Gram Panchayat,2014-2015,0.8,0.8,12-Aug-14,30-Aug-14,03-06-2024
West Bengal,Paschim Medinipur,Keshpur,Amrakuchi,Pipurda,Mallickpara,1343102,7132385,420206313,Deep Tubewell,Ground Water,Samit Bhattacharya,Gram Panchayet,2015-2016,0.84,0.84,02-Mar-15,25-Mar-15,03-06-2024
West Bengal,Paschim Medinipur,Keshpur,Amrakuchi,Mukti Chak,Amulia,1343161,7132385,420206312,Deep Tubewell,Ground Water,Ratan Das,Gram Panchayet,2015-2016,0.84,0.84,02-Mar-15,25-Mar-15,03-06-2024
West Bengal,Paschim Medinipur,Keshpur,Kalagram,Gopinath Bati,Gopinathbati - Mallickpara,1343374,7132385,420206323,Deep Tubewell,Ground Water,Tea Shope,Gram Panchayet,2015-2016,0.84,0.84,02-Mar-15,25-Mar-15,03-06-2024
West Bengal,Paschim Medinipur,Keshpur,Amanpur,Tukura Pat,Turiapat,1342727,7140831,420207082,Deep Tubewell,Ground Water,Bansi Mallick,Gram Panchayet,2015-2016,0.84,0.84,02-Mar-15,28-Mar-15,03-06-2024
West Bengal,Paschim Medinipur,Keshpur,Amanpur,Jadupur,Jadupur Shivmandir,1342730,7140831,420207083,Deep Tubewell,Ground Water,Pabitra Khamrui,Gram Panchayet,2015-2016,0.84,0.84,02-Mar-15,28-Mar-15,03-06-2024
West Bengal,Paschim Medinipur,Keshpur,Amanpur,Jadupur,Jadupur Shivmandir,1342730,7140831,420207084,Deep Tubewell,Ground Water,Kartik Patra,Gram Panchayet,2015-2016,0.84,0.84,02-Mar-15,28-Mar-15,03-06-2024
West Bengal,Paschim Medinipur,Keshpur,Amrakuchi,Bagasol,Baglasole - Dangapur,1343125,7140831,420207085,Deep Tubewell,Ground Water,Dayal Babu,Gram Panchayet,2015-2016,0.84,0.84,02-Mar-15,28-Mar-15,03-06-2024
West Bengal,Paschim Medinipur,Keshpur,Enayetpur,Bara Chand Bar,Barachandbarh Kashinathbhuniapara,1343777,7219141,420208818,Deep Tubewell,Ground Water,Amal Sing,Gram Panchayet,2015-2016,0.86,0.86,05-Apr-15,01-May-15,03-06-2024
West Bengal,Paschim Medinipur,Keshpur,Amanpur,Hijli,Hijli Shitalamandirpara,1342783,7219141,420208824,Deep Tubewell,Ground Water,Shambhu Doloi,Gram Panchayet,2015-2016,0.86,0.86,05-Apr-15,01-May-15,03-06-2024
West Bengal,Paschim Medinipur,Keshpur,Teghori,Kontai,Chandabila Paschim,1343052,7294636,420210115,Deep Tubewell,Ground Water,Kontai Madhyamik Shiksha Kendra,Gram Panchayet,2015-2016,0.8,0.8,02-Apr-15,26-Apr-15,03-06-2024
West Bengal,Paschim Medinipur,Keshpur,Teghori,Dudiabandi,Dudiabandhi Uporpara,1343027,7294636,420210106,Deep Tubewell,Ground Water,Sudhir Bahar,Gram Panchayet,2015-2016,0.8,0.8,02-Apr-15,26-Apr-15,03-06-2024
West Bengal,Paschim Medinipur,Keshpur,Amanpur,Jadubar,Jadubarh Malderpara,1342724,7295851,420210264,Deep Tubewell,Ground Water,Primary School,Garam Panchayet,2015-2016,0.8,0.8,05-May-15,28-May-15,03-06-2024
West Bengal,Paschim Medinipur,Keshpur,Kalagram,Bhol Sarapota,Dolaipara,1343331,7299163,420210422,Deep Tubewell,Ground Water,Pralay Doloi,Gram Panchayet,2015-2016,0.8,0.8,05-May-15,30-May-15,03-06-2024
West Bengal,Paschim Medinipur,Keshpur,Kalagram,Bhol Sarapota,Maji Para,1343330,7299163,420210421,Deep Tubewell,Ground Water,Mukul Pora,Gram Panchayet,2015-2016,0.8,0.8,05-May-15,30-May-15,03-06-2024
West Bengal,Paschim Medinipur,Keshpur,Kalagram,Kana Khali,Mandirpara,1343348,7299163,420210424,Deep Tubewell,Ground Water,Primary School,Gram Panchayet,2015-2016,0.8,0.8,05-May-15,30-May-15,03-06-2024
West Bengal,Paschim Medinipur,Keshpur,Amanpur,Panch Khuiri,Parapara,1342744,7305132,420211079,Deep Tubewell,Ground Water,Sunil Roy,Gram Panchayet,2015-2016,0.8,0.8,02-May-15,22-May-15,03-06-2024
West Bengal,Paschim Medinipur,Keshpur,Amrakuchi,Kapta Bankati,Kaptabankati,1343162,7306052,420211165,Deep Tubewell,Ground Water,Hamid Mandal,Gram Panchayet,2015-2016,0.8,0.8,02-May-15,22-May-15,03-06-2024
West Bengal,Paschim Medinipur,Keshpur,Amanpur,Karuria,Adibasipara,1342742,7307492,420211539,Deep Tubewell,Ground Water,Sitaram Koyla,Gram Panchayet,2015-2016,0.8,0.8,02-May-15,22-May-15,03-06-2024
West Bengal,Paschim Medinipur,Keshpur,Amanpur,Karuria,Adibasipara,1342742,7307492,420211541,Deep Tubewell,Ground Water,Bapi Mandi,Gram Panchayet,2015-2016,0.8,0.8,02-May-15,22-May-15,03-06-2024
West Bengal,Paschim Medinipur,Keshpur,Amanpur,Askanda,Makpara,1342740,7327126,420214484,Deep Tubewell,Ground Water,Inside Makpara,SM/08872 Retrofit of Dalang Piped Water Supply Scheme(SM/05334),2015-2016,313.04,205.54298,17-Sep-15,06-May-23,03-06-2024
West Bengal,Paschim Medinipur,Keshpur,Dhalhara,Lakshman Chak,Panja Para,1343582,7337146,420232987,Deep Tubewell,Ground Water,Lakshmanchak ICDS No. 242,Installation of 225 Nos  India Mark II Tubewell with Solar Power Dual Pumping System to provide drinking water facility in the,2015-2016,854.23,0,23-Sep-15,03-May-23,03-06-2024
West Bengal,Paschim Medinipur,Keshpur,Amrakuchi,Nagda,Roy Para,1343105,7337146,420232978,Deep Tubewell,Ground Water,Nagda 1 ICDS,Installation of 225 Nos  India Mark II Tubewell with Solar Power Dual Pumping System to provide drinking water facility in the,2015-2016,854.23,0,23-Sep-15,03-May-23,03-06-2024
West Bengal,Paschim Medinipur,Keshpur,Amrakuchi,Nagda,Roy Para,1343105,7337146,420232960,Deep Tubewell,Ground Water,Nagda ICDS,Installation of 225 Nos  India Mark II Tubewell with Solar Power Dual Pumping System to provide drinking water facility in the,2015-2016,854.23,0,23-Sep-15,03-May-23,03-06-2024
West Bengal,Paschim Medinipur,Keshpur,Kalagram,Padima Shyam Chak,Dolaipara,1343354,7349956,420219200,Deep Tubewell,Ground Water,Gurupada Doloi,Gram Panchayet,2015-2016,0.8,0.8,15-Apr-15,02-May-17,03-06-2024
West Bengal,Paschim Medinipur,Keshpur,Kalagram,Suratpur,Purbapara,1343350,7349956,420219207,Deep Tubewell,Ground Water,Subal Doloi,Gram Panchayet,2015-2016,0.8,0.8,15-Apr-15,02-May-17,03-06-2024
West Bengal,Paschim Medinipur,Keshpur,Kalagram,Suratpur,Dolaipara,1343353,7349956,420219205,Deep Tubewell,Ground Water,Monoronjann Doloi,Gram Panchayet,2015-2016,0.8,0.8,15-Apr-15,02-May-17,03-06-2024
West Bengal,Paschim Medinipur,Keshpur,Kalagram,Suratpur,Dolaipara,1343353,7349956,420219202,Deep Tubewell,Ground Water,Nirupan Doloi,Gram Panchayet,2015-2016,0.8,0.8,15-Apr-15,02-May-17,03-06-2024
West Bengal,Paschim Medinipur,Keshpur,Sirsa,Memua,Memua,1342673,7351339,420219818,Deep Tubewell,Ground Water,M.S.K.(Inside),Gram Panchayet,2015-2016,0.8,0.8,15-Jul-15,10-May-17,03-06-2024
West Bengal,Paschim Medinipur,Keshpur,Sirsa,Shirsha,Shirsha,1766945,7351339,420219816,Deep Tubewell,Ground Water,Primary School,Gram Panchayet,2015-2016,0.8,0.8,15-Jul-15,10-May-17,03-06-2024
West Bengal,Paschim Medinipur,Keshpur,Teghori,Teghari,Dakshin Palli,1343061,7352602,420219945,Deep Tubewell,Ground Water,Kali Mandir,Gram Panchayet,2015-2016,0.8,0.8,04-Jun-15,09-May-17,03-06-2024
West Bengal,Paschim Medinipur,Keshpur,Sarishakhola,Sarisha Khola,Manoj Para,1343477,7352701,420219991,Deep Tubewell,Ground Water,Mosjid,Gram Panchayet,2015-2016,0.8,0.8,12-Jun-15,10-Jul-15,03-06-2024
West Bengal,Paschim Medinipur,Keshpur,Sarishakhola,Sarisha Khola,Manoj Para,1343477,7352701,420219992,Deep Tubewell,Ground Water,Mukherjee Babu,Gram Panchayet,2015-2016,0.8,0.8,12-Jun-15,10-Jul-15,03-06-2024
West Bengal,Paschim Medinipur,Keshpur,Jhentla,Manta,Churijeria,1343668,7353758,420220258,Deep Tubewell,Ground Water,Sk Jafar Ali,Gram Panchayet,2015-2016,0.8,0.8,04-Jun-15,12-Apr-17,03-06-2024
West Bengal,Paschim Medinipur,Keshpur,Anandapur,Bhagirath Bar,Irra Masjid Para,1343235,7353758,420220257,Deep Tubewell,Ground Water,Sk Ishak,Gram Panchayet,2015-2016,0.8,0.8,04-Jun-15,12-Apr-17,03-06-2024
West Bengal,Paschim Medinipur,Keshpur,Anandapur,Singpur,Singpur -jana Para,1343227,7353921,420220356,Deep Tubewell,Ground Water,Moloi Samanta,Gram Panchayet,2015-2016,0.8,0.8,04-Jun-15,30-Jul-15,03-06-2024
West Bengal,Paschim Medinipur,Keshpur,Sarishakhola,Ghoshpur,Mandal Para,1343466,7358350,420223336,Deep Tubewell,Ground Water,Uttam Mallick,Gram Panchayet,2015-2016,0.8,0.8,04-Jun-15,30-Jul-15,03-06-2024
West Bengal,Paschim Medinipur,Keshpur,Sarishakhola,Sarisha Khola,Haidu Para,1343476,7359601,420223700,Deep Tubewell,Ground Water,Samuruddin,Gram Panchayet,2015-2016,0.8,0.8,04-Jun-15,12-Aug-15,03-06-2024
West Bengal,Paschim Medinipur,Keshpur,Kalagram,Thaur,Thaur,1766913,7359601,420223698,Deep Tubewell,Ground Water,Shankar Doloi,Gram Panchayet,2015-2016,0.8,0.8,04-Jun-15,12-Aug-15,03-06-2024
West Bengal,Paschim Medinipur,Keshpur,Amanpur,Uttar Piashala,Haripara,1342771,7359834,420223870,Deep Tubewell,Ground Water,Kochon Senapati,Gram Panchayet,2015-2016,0.8,0.8,04-Jun-15,30-Jul-15,03-06-2024
West Bengal,Paschim Medinipur,Keshpur,Anandapur,Anandapur,Bankata Office Para,1343181,7365681,420225673,Deep Tubewell,Ground Water,Chunikhar Pukur Par,Gram Panchayat,2015-2016,0.8,0.8,25-Jul-15,15-Aug-15,03-06-2024
West Bengal,Paschim Medinipur,Keshpur,Anandapur,Anandapur,Sat Para,1343212,7365681,420225670,Deep Tubewell,Ground Water,More,Gram Panchayat,2015-2016,0.8,0.8,25-Jul-15,15-Aug-15,03-06-2024
West Bengal,Paschim Medinipur,Keshpur,Teghori,Palbani,Palbani,1343045,7365738,420225706,Deep Tubewell,Ground Water,Hori Mondir,Gram Panchayat,2015-2016,0.8,0.8,25-Jul-15,16-Aug-15,03-06-2024
West Bengal,Paschim Medinipur,Keshpur,Enayetpur,Bishwanath Pur,Biswanathpur Hemrompara,1343823,7367806,420226512,Deep Tubewell,Ground Water,Gurupada Nayak,Gram Panchayat,2015-2016,0.82,0.82,15-Jul-15,04-Aug-15,03-06-2024
West Bengal,Paschim Medinipur,Keshpur,Jagannathpur,Kanashol,Kanasole Ayma,1342978,6355035,420037457,Deep Tubewell,Ground Water,Kanasole Pry. School,Kanasole Pry. School,2009-2010,0.74,0.74,26-Apr-09,28-Apr-09,03-06-2024
West Bengal,Paschim Medinipur,Keshpur,Enayetpur,Biripota,Biripota Khalpara,1343807,6358632,420039838,Deep Tubewell,Ground Water,Chinibas Mandi,GRAM PANCHAYAT,2013-2014,0.7,0.7,02-May-13,15-Feb-14,03-06-2024
West Bengal,Paschim Medinipur,Keshpur,Anandapur,Anandapur,Majhipara,1343208,6363770,420042648,Deep Tubewell,Ground Water,I.C.D.S.,Gram Panchayat,2013-2014,0.8,0.8,25-Apr-13,30-Mar-14,03-06-2024
West Bengal,Paschim Medinipur,Keshpur,Anandapur,Anandapur,Bamunpara,1343205,6363770,420042644,Deep Tubewell,Ground Water,Sushil Sarkar,Gram Panchayat,2013-2014,0.8,0.8,25-Apr-13,30-Mar-14,03-06-2024
West Bengal,Paschim Medinipur,Keshpur,Amanpur,Dakshin Baharat,Dakshinbaharat Dalaipara,1342708,6364040,420042769,Deep Tubewell,Ground Water,Basan Dalbera,Gram Panchayat,2013-2014,0.7,0.7,10-May-13,20-Mar-14,03-06-2024
West Bengal,Paschim Medinipur,Keshpur,Amanpur,Dakshin Baharat,Dakshinbaharat Dalaipara,1342708,6364040,420042768,Deep Tubewell,Ground Water,Ajit Kotal,Gram Panchayat,2013-2014,0.7,0.7,10-May-13,20-Mar-14,03-06-2024
West Bengal,Paschim Medinipur,Keshpur,Enayetpur,Kush Pota,Kushpara Hemrampara,1343785,6364040,420042758,Deep Tubewell,Ground Water,S.S.K.,Gram Panchayat,2013-2014,0.7,0.7,10-May-13,20-Mar-14,03-06-2024
West Bengal,Paschim Medinipur,Keshpur,Jhentla,Abhi Arjjuni,Mal Para,1343699,6354162,420036784,Deep Tubewell,Ground Water,AJOY MAL,GRAM PANCHAYAT,2013-2014,0.8,0.8,27-Apr-13,06-Jan-14,03-06-2024
West Bengal,Paschim Medinipur,Keshpur,Enayetpur,Biripota,Biripota Khalpara,1343807,6364040,420042762,Deep Tubewell,Ground Water,S.S.K.,Gram Panchayat,2013-2014,0.7,0.7,10-May-13,20-Mar-14,03-06-2024
West Bengal,Paschim Medinipur,Keshpur,Amanpur,Burya Pat,Burapat,1342748,6364122,420042889,Deep Tubewell,Ground Water,Samabai Samity,Gram Panchayat,2013-2014,0.7,0.7,10-Apr-13,20-Feb-14,03-06-2024
West Bengal,Paschim Medinipur,Keshpur,Amanpur,Burya Pat,Burapat,1342748,6364122,420042888,Deep Tubewell,Ground Water,Madhusudan Doloi,Gram Panchayat,2013-2014,0.7,0.7,10-Apr-13,20-Feb-14,03-06-2024
West Bengal,Paschim Medinipur,Keshpur,Amanpur,Burya Pat,Patrapara,1342750,6364122,420042884,Deep Tubewell,Ground Water,Sanjit Patra,Gram Panchayat,2013-2014,0.7,0.7,10-Apr-13,20-Feb-14,03-06-2024
West Bengal,Paschim Medinipur,Keshpur,Enayetpur,Ganadiha,Ghonadiha Srikanta Diyalipara,1343801,6366934,420044196,Deep Tubewell,Ground Water,Ashok Mandal,GRAM PANCHAYAT,2013-2014,0.8,0.8,17-Apr-13,05-Feb-14,03-06-2024
West Bengal,Paschim Medinipur,Keshpur,Anandapur,Pachra,Pirakata Hari Mandir,1343221,6366934,420044187,Deep Tubewell,Ground Water,Manik Mandal,GRAM PANCHAYAT,2013-2014,0.8,0.8,17-Apr-13,05-Feb-14,03-06-2024
West Bengal,Paschim Medinipur,Keshpur,Anandapur,Singpur,Singpur -jana Para,1343227,6366934,420044188,Deep Tubewell,Ground Water,Banshi Handel,GRAM PANCHAYAT,2013-2014,0.8,0.8,17-Apr-13,05-Feb-14,03-06-2024
West Bengal,Paschim Medinipur,Keshpur,Anandapur,Bibekpur,Bibekpur - Dolaipara,1343229,6366934,420044185,Deep Tubewell,Ground Water,Kali Mandir,GRAM PANCHAYAT,2013-2014,0.8,0.8,17-Apr-13,05-Feb-14,03-06-2024
West Bengal,Paschim Medinipur,Keshpur,Enayetpur,Bagha Gerya,Madhya Paschim Para,1343705,6366934,420044192,Deep Tubewell,Ground Water,Pump House,GRAM PANCHAYAT,2013-2014,0.8,0.8,17-Apr-13,05-Feb-14,03-06-2024
West Bengal,Paschim Medinipur,Keshpur,Amanpur,Askanda,Sarkarpara,1342738,6374602,420048026,Deep Tubewell,Ground Water,Jagannath Doloi,GRAM PANCHAYAT,2013-2014,0.8,0.8,02-May-13,12-Feb-14,03-06-2024
West Bengal,Paschim Medinipur,Keshpur,Enayetpur,Maisha,Maisha Adibasipara,1343805,6374672,420048041,Deep Tubewell,Ground Water,Swapan Diasi,GRAM PANCHAYAT,2013-2014,0.8,0.8,02-May-13,10-Apr-17,03-06-2024
West Bengal,Paschim Medinipur,Keshpur,Teghori,Ganta,Ganta,1343033,6377508,420049029,Deep Tubewell,Ground Water,Ganta S.S.k.,Gram Panchayat,2013-2014,0.8,0.8,12-Apr-13,24-Feb-14,03-06-2024
West Bengal,Paschim Medinipur,Keshpur,Teghori,Gopal Nagar,Gopal Nagar,1343043,6377508,420049021,Deep Tubewell,Ground Water,Hironmoi Ghosh,Gram Panchayat,2013-2014,0.8,0.8,12-Apr-13,24-Feb-14,03-06-2024
West Bengal,Paschim Medinipur,Keshpur,Amanpur,Madhya Piashala,Prachandapara,1342774,6377508,420049019,Deep Tubewell,Ground Water,Basudeb Prachanda,Gram Panchayat,2013-2014,0.8,0.8,12-Apr-13,24-Feb-14,03-06-2024
West Bengal,Paschim Medinipur,Keshpur,Amanpur,Madhya Piashala,Madhyapiasala Duleypara,1342772,6377508,420049013,Deep Tubewell,Ground Water,I.C.D.S.,Gram Panchayat,2013-2014,0.8,0.8,12-Apr-13,24-Feb-14,03-06-2024
West Bengal,Paschim Medinipur,Keshpur,Anandapur,Anandapur,Kumarpara,1343194,6377538,420049048,Deep Tubewell,Ground Water,Suku Rana,Gram Panchayat,2013-2014,0.8,0.8,12-May-13,10-Apr-17,03-06-2024
West Bengal,Paschim Medinipur,Keshpur,Sarishakhola,Kanchan Tala,Bagpara,1343489,6377538,420049065,Deep Tubewell,Ground Water,Primary School,Gram Panchayat,2013-2014,0.8,0.8,12-May-13,10-Apr-17,03-06-2024
West Bengal,Paschim Medinipur,Keshpur,Sarishakhola,Golagerya,Golageria Anilmadhyapara,1343510,6377640,420049121,Deep Tubewell,Ground Water,Khursed Mallick,Gram Panchayat,2013-2014,0.8,0.8,25-Apr-13,12-Feb-14,03-06-2024
West Bengal,Paschim Medinipur,Keshpur,Sarishakhola,Sarisha Khola,Khansherif Para,1343471,6377707,420049154,Deep Tubewell,Ground Water,Alkaj Ali,Gram Panchayat,2013-2014,0.8,0.8,25-May-13,24-Feb-14,03-06-2024
West Bengal,Paschim Medinipur,Keshpur,Sarishakhola,Taba Gerya,Tabageria Gopaljanapara,1343437,6377707,420049149,Deep Tubewell,Ground Water,Nesar Ali,Gram Panchayat,2013-2014,0.8,0.8,25-May-13,24-Feb-14,03-06-2024
West Bengal,Paschim Medinipur,Keshpur,Sarishakhola,Taba Gerya,Tabageria Gopaljanapara,1343437,6377707,420049150,Deep Tubewell,Ground Water,Taher Ali,Gram Panchayat,2013-2014,0.8,0.8,25-May-13,24-Feb-14,03-06-2024
West Bengal,Paschim Medinipur,Keshpur,Mugbasan,Kuchiara,Kuchiara - Choudhurypara,1342928,6381494,420049765,Deep Tubewell,Ground Water,Nawaj Choudhuri,Gram Panchayat,2013-2014,0.8,0.8,23-Apr-13,12-Feb-14,03-06-2024
West Bengal,Paschim Medinipur,Keshpur,Mugbasan,Gar Senapatya,Dalaipara,1342871,6381494,420049759,Deep Tubewell,Ground Water,Primary School,Gram Panchayat,2013-2014,0.8,0.8,23-Apr-13,12-Feb-14,03-06-2024
West Bengal,Paschim Medinipur,Keshpur,Mugbasan,Gar Senapatya,Dalaipara,1342871,6381494,420049757,Deep Tubewell,Ground Water,Lulki Dolai,Gram Panchayat,2013-2014,0.8,0.8,23-Apr-13,12-Feb-14,03-06-2024
West Bengal,Paschim Medinipur,Keshpur,Mugbasan,Gar Senapatya,Dalaipara,1342871,6381494,420049756,Deep Tubewell,Ground Water,Bolai Deb,Gram Panchayat,2013-2014,0.8,0.8,23-Apr-13,12-Feb-14,03-06-2024
West Bengal,Paschim Medinipur,Keshpur,Mugbasan,Keot Para,Keotpara Dolaipara,1342887,6381494,420049747,Deep Tubewell,Ground Water,Sk Burham,Gram Panchayat,2013-2014,0.8,0.8,23-Apr-13,12-Feb-14,03-06-2024
West Bengal,Paschim Medinipur,Keshpur,Mugbasan,Kulibahara,Kulbahara,1342899,6381510,420049780,Deep Tubewell,Ground Water,Ratan Samanta,Gram Panchayat,2013-2014,0.8,0.8,23-Apr-13,12-Mar-14,03-06-2024
West Bengal,Paschim Medinipur,Keshpur,Mugbasan,Jambani,Jambani,1766554,6381544,420049795,Deep Tubewell,Ground Water,Mir Saharup Ali,Gram Panchayat,2013-2014,0.85,0.85,01-Apr-13,30-Apr-13,03-06-2024
West Bengal,Paschim Medinipur,Keshpur,Mugbasan,Jambani,Jambani,1766554,6381544,420049794,Deep Tubewell,Ground Water,Mir Dinesh Ali,Gram Panchayat,2013-2014,0.85,0.85,01-Apr-13,30-Apr-13,03-06-2024
West Bengal,Paschim Medinipur,Keshpur,Mugbasan,Chhitka,Chilka,1342879,6381544,420049798,Deep Tubewell,Ground Water,Sk Rabiul,Gram Panchayat,2013-2014,0.85,0.85,01-Apr-13,30-Apr-13,03-06-2024
West Bengal,Paschim Medinipur,Keshpur,Anandapur,Lauria,Tal Pukur,1343239,6381567,420049810,Deep Tubewell,Ground Water,Talpukurpar,Gram Panchayat,2013-2014,0.8,0.8,21-Apr-13,26-Feb-14,03-06-2024
West Bengal,Paschim Medinipur,Keshpur,Anandapur,Gamaria,Gamaria -chalakpara,1343242,6381567,420049817,Deep Tubewell,Ground Water,Hatpukur,Gram Panchayat,2013-2014,0.8,0.8,21-Apr-13,26-Feb-14,03-06-2024
West Bengal,Paschim Medinipur,Keshpur,Enayetpur,Bishwanath Pur,Doloipara,1343826,6382073,420050211,Deep Tubewell,Ground Water,Prima  School,Gram Panchayat,2013-2014,0.8,0.8,12-May-13,14-Feb-14,03-06-2024
West Bengal,Paschim Medinipur,Keshpur,Enayetpur,Bishwanath Pur,Doloipara,1343826,6382073,420050213,Deep Tubewell,Ground Water,Madan   Doloi,Gram Panchayat,2013-2014,0.8,0.8,12-May-13,14-Feb-14,03-06-2024
West Bengal,Paschim Medinipur,Keshpur,Sirsa,Akmura,Mondalpara,1342657,6382207,420050239,Deep Tubewell,Ground Water,Nalini Mondal,Gram Pancayat,2013-2014,0.8,0.8,24-Apr-13,12-Mar-14,03-06-2024
West Bengal,Paschim Medinipur,Keshpur,Sirsa,Akmura,Mondalpara,1342657,6382207,420050237,Deep Tubewell,Ground Water,Banamali  Dhauria,Gram Pancayat,2013-2014,0.8,0.8,24-Apr-13,12-Mar-14,03-06-2024
West Bengal,Paschim Medinipur,Keshpur,Sarishakhola,Paniat,Mallick Para,1343468,6383912,420050643,Deep Tubewell,Ground Water,Niamot Mallick,GRAM PANCHAYAT,2013-2014,0.8,0.8,12-Apr-13,25-Feb-14,03-06-2024
West Bengal,Paschim Medinipur,Keshpur,Sarishakhola,Akna,Mahinpara,1343455,6383912,420050640,Deep Tubewell,Ground Water,Manas Mandal,GRAM PANCHAYAT,2013-2014,0.8,0.8,12-Apr-13,25-Feb-14,03-06-2024
West Bengal,Paschim Medinipur,Keshpur,Enayetpur,Mirpur,Mirpur Mallickpara,1343788,6383912,420050633,Deep Tubewell,Ground Water,Shitala Mandir,GRAM PANCHAYAT,2013-2014,0.8,0.8,12-Apr-13,25-Feb-14,03-06-2024
West Bengal,Paschim Medinipur,Keshpur,Enayetpur,Gopinathpur,Gopinathpur Berapara,1343830,6384525,420050971,Deep Tubewell,Ground Water,Primary School,GRAM PANCHAYAT,2013-2014,0.8,0.8,14-Apr-13,25-Feb-14,03-06-2024
West Bengal,Paschim Medinipur,Keshpur,Amrakuchi,Mukti Chak,Amulia,1343161,6384525,420050960,Deep Tubewell,Ground Water,Ratan Das,GRAM PANCHAYAT,2013-2014,0.8,0.8,14-Apr-13,25-Feb-14,03-06-2024
West Bengal,Paschim Medinipur,Keshpur,Amrakuchi,Panchami,Mollapara,1343137,6384525,420050966,Deep Tubewell,Ground Water,Sk Meyed,GRAM PANCHAYAT,2013-2014,0.8,0.8,14-Apr-13,25-Feb-14,03-06-2024
West Bengal,Paschim Medinipur,Keshpur,Amrakuchi,Pipurda,Khanpara,1343101,6384525,420050963,Deep Tubewell,Ground Water,Fudan Shikdar,GRAM PANCHAYAT,2013-2014,0.8,0.8,14-Apr-13,25-Feb-14,03-06-2024
West Bengal,Paschim Medinipur,Keshpur,Amrakuchi,Nagda,Dolaipara,1343107,6384745,420051084,Deep Tubewell,Ground Water,Sunil Dandapat,GRAM PANCHAYAT,2013-2014,0.7,0.7,14-Apr-13,25-Feb-14,03-06-2024
West Bengal,Paschim Medinipur,Keshpur,Amrakuchi,Amsol,Amsole,1343124,6384745,420051095,Deep Tubewell,Ground Water,Niranjan PAtor,GRAM PANCHAYAT,2013-2014,0.7,0.7,14-Apr-13,25-Feb-14,03-06-2024
West Bengal,Paschim Medinipur,Keshpur,Amrakuchi,Kapta Bankati,Napitpara,1343163,6384745,420051091,Deep Tubewell,Ground Water,C.P.I,GRAM PANCHAYAT,2013-2014,0.7,0.7,14-Apr-13,25-Feb-14,03-06-2024
West Bengal,Paschim Medinipur,Keshpur,Jagannathpur,Jagannathpur,Kadarpara,1343006,6384745,420051075,Deep Tubewell,Ground Water,Horen DOlio,GRAM PANCHAYAT,2013-2014,0.7,0.7,14-Apr-13,25-Feb-14,03-06-2024
West Bengal,Paschim Medinipur,Keshpur,Amrakuchi,Nagda,Roy Para,1343105,6385170,420051368,Deep Tubewell,Ground Water,Primary School,GRAM PANCHAYAT,2013-2014,0.8,0.8,25-Apr-13,12-Feb-14,03-06-2024
West Bengal,Paschim Medinipur,Keshpur,Amrakuchi,Amrakuchi,Masjidtala,1343153,6385170,420051357,Deep Tubewell,Ground Water,Lakhikanta Mana,GRAM PANCHAYAT,2013-2014,0.8,0.8,25-Apr-13,12-Feb-14,03-06-2024
West Bengal,Paschim Medinipur,Keshpur,Amrakuchi,Amrakuchi,Masjidtala,1343153,6385170,420051358,Deep Tubewell,Ground Water,Panchanan Puila,GRAM PANCHAYAT,2013-2014,0.8,0.8,25-Apr-13,12-Feb-14,03-06-2024
West Bengal,Paschim Medinipur,Keshpur,Amrakuchi,Amrakuchi,Masjidtala,1343153,6385170,420051360,Deep Tubewell,Ground Water,Mondir,GRAM PANCHAYAT,2013-2014,0.8,0.8,25-Apr-13,12-Feb-14,03-06-2024
West Bengal,Paschim Medinipur,Keshpur,Dhalhara,Gun Hara,Gunhara Madhyapara,1343604,6385170,420051355,Deep Tubewell,Ground Water,Farman Ali,GRAM PANCHAYAT,2013-2014,0.8,0.8,25-Apr-13,12-Feb-14,03-06-2024
West Bengal,Paschim Medinipur,Keshpur,Dhalhara,Gun Hara,Gunhara Madhyapara,1343604,6385170,420051356,Deep Tubewell,Ground Water,Iasin,GRAM PANCHAYAT,2013-2014,0.8,0.8,25-Apr-13,12-Feb-14,03-06-2024
West Bengal,Paschim Medinipur,Keshpur,Dhalhara,Mukunda Pur,Mukundapur Purbapara,1343601,6385216,420051389,Deep Tubewell,Ground Water,Mosjid,GRAM PANCHAYAT,2013-2014,0.8,0.8,12-Apr-13,14-Feb-14,03-06-2024
West Bengal,Paschim Medinipur,Keshpur,Anandapur,Jhatiar,Purbapara,1343246,6385216,420051380,Deep Tubewell,Ground Water,Apsar Ali,GRAM PANCHAYAT,2013-2014,0.8,0.8,12-Apr-13,14-Feb-14,03-06-2024
West Bengal,Paschim Medinipur,Keshpur,Anandapur,Jhatiar,Purbapara,1343246,6385216,420051381,Deep Tubewell,Ground Water,Sk Kurban Ali,GRAM PANCHAYAT,2013-2014,0.8,0.8,12-Apr-13,14-Feb-14,03-06-2024
West Bengal,Paschim Medinipur,Keshpur,Anandapur,Ranpara,Ranipara - Madhyapara,1343248,6385216,420051385,Deep Tubewell,Ground Water,Dinu Mirja,GRAM PANCHAYAT,2013-2014,0.8,0.8,12-Apr-13,14-Feb-14,03-06-2024
West Bengal,Paschim Medinipur,Keshpur,Anandapur,Ranpara,Ranipara - Madhyapara,1343248,6385216,420051386,Deep Tubewell,Ground Water,Sk Toju,GRAM PANCHAYAT,2013-2014,0.8,0.8,12-Apr-13,14-Feb-14,03-06-2024
West Bengal,Paschim Medinipur,Keshpur,Amanpur,Burya Pat,Burapat,1342748,6387504,420052323,Deep Tubewell,Ground Water,I.C.D&amp;amp;amp;gt;S.,GRAM PANCHAYAT,2013-2014,0.8,0.8,12-Apr-13,24-Feb-14,03-06-2024
West Bengal,Paschim Medinipur,Keshpur,Sirsa,Garur Bag,Gatibarh,1342827,6385093,420051311,Deep Tubewell,Ground Water,Gararbaga Primary School,GRAM PANCHAYAT,2013-2014,0.8,0.8,01-Apr-13,30-Jan-14,03-06-2024
West Bengal,Paschim Medinipur,Keshpur,Amrakuchi,Kapta Bankati,Kaptabankati,1343162,6385093,420051297,Deep Tubewell,Ground Water,Sudhir Babu,GRAM PANCHAYAT,2013-2014,0.8,0.8,01-Apr-13,30-Jan-14,03-06-2024
West Bengal,Paschim Medinipur,Keshpur,Amanpur,Satdubi,Roypara,1342757,6387504,420052324,Deep Tubewell,Ground Water,I.C.D.S.,GRAM PANCHAYAT,2013-2014,0.8,0.8,12-Apr-13,24-Feb-14,03-06-2024
West Bengal,Paschim Medinipur,Keshpur,Keshpur,Bajirchak,Chowdhury Para,1343300,6388209,420052895,Deep Tubewell,Ground Water,Samarchak I.C.D&amp;amp;amp;amp;amp;amp;amp;amp;amp;amp;amp;amp;amp;gt;S.,Gram Panchayat,2013-2014,0.8,0.8,25-Apr-13,12-Feb-14,03-06-2024
West Bengal,Paschim Medinipur,Keshpur,Keshpur,Bajirchak,Chowdhury Para,1343300,6388209,420052898,Deep Tubewell,Ground Water,Primary School,Gram Panchayat,2013-2014,0.8,0.8,25-Apr-13,12-Feb-14,03-06-2024
West Bengal,Paschim Medinipur,Keshpur,Teghori,Gopal Nagar,Gopal Nagar,1343043,6388231,420052925,Deep Tubewell,Ground Water,Hironmoi Ghosh,Gram Panchayat,2013-2014,0.8,0.8,25-Apr-13,08-May-17,03-06-2024
West Bengal,Paschim Medinipur,Keshpur,Teghori,Gopal Nagar,Gopal Nagar,1343043,6388231,420052927,Deep Tubewell,Ground Water,S.S.K.,Gram Panchayat,2013-2014,0.8,0.8,25-Apr-13,08-May-17,03-06-2024
West Bengal,Paschim Medinipur,Keshpur,Amanpur,Eluni,Eloni Mondalpara,1342776,6388231,420052937,Deep Tubewell,Ground Water,Arun Mondal,Gram Panchayat,2013-2014,0.8,0.8,25-Apr-13,08-May-17,03-06-2024
West Bengal,Paschim Medinipur,Keshpur,Amanpur,Eluni,Eloni Mondalpara,1342776,6388231,420052932,Deep Tubewell,Ground Water,Primary School,Gram Panchayat,2013-2014,0.8,0.8,25-Apr-13,08-May-17,03-06-2024
West Bengal,Paschim Medinipur,Keshpur,Amanpur,Eluni,Eloni Mondalpara,1342776,6388231,420052930,Deep Tubewell,Ground Water,Pradip Ghosh,Gram Panchayat,2013-2014,0.8,0.8,25-Apr-13,08-May-17,03-06-2024
West Bengal,Paschim Medinipur,Keshpur,Amanpur,Hijli,Hijli Shitalamandirpara,1342783,6388231,420052915,Deep Tubewell,Ground Water,Shombhu Digar,Gram Panchayat,2013-2014,0.8,0.8,25-Apr-13,08-May-17,03-06-2024
West Bengal,Paschim Medinipur,Keshpur,Kalagram,Uchahar,Chak,1343367,6389957,420054059,Deep Tubewell,Ground Water,Sk Asgar Ali,Gram Panchayat,2013-2014,0.7,0.7,12-Apr-13,25-Feb-14,03-06-2024
West Bengal,Paschim Medinipur,Keshpur,Amanpur,Amanpur,Roypara,1342713,6396858,420060195,Deep Tubewell,Ground Water,Askandha Dolai Para,Roy Para,2013-2014,0.8,0.8,25-Apr-13,24-Feb-14,03-06-2024
West Bengal,Paschim Medinipur,Keshpur,Amanpur,Amanpur,Kamalpara,1342716,6397461,420060630,Deep Tubewell,Ground Water,Kar Para,Roy Para,2013-2014,0.8,0.8,25-Apr-13,12-Feb-14,03-06-2024
West Bengal,Paschim Medinipur,Keshpur,Amanpur,Amanpur,Kamalpara,1342716,6397461,420060623,Deep Tubewell,Ground Water,Kalaberia,Roy Para,2013-2014,0.8,0.8,25-Apr-13,12-Feb-14,03-06-2024
West Bengal,Paschim Medinipur,Keshpur,Enayetpur,Dhoba Gerya,Dhobageria Kuitipara,1343796,956672,1287568,Deep Tubewell,Ground Water,DHOBAGERIA KUITIPARA,Pry School,2006-2007,0.17,0.17,09-Feb-07,26-Feb-07,03-06-2024
West Bengal,Paschim Medinipur,Keshpur,Dhalhara,Narayan Chak,Das Para,1343589,956932,1283777,Deep Tubewell,Ground Water,Narayan Chak(SchemeId-0000956932),Narayan Chak,2007-2008,0.59,0.59,26-Jun-07,27-Jun-07,03-06-2024
West Bengal,Paschim Medinipur,Keshpur,Dhalhara,Khejur Bani,Dakshin Para,1343597,956934,1285455,Deep Tubewell,Ground Water,ICDS Centre(SchemeId-0000956934),ICDS Centre,2007-2008,0.59,0.59,28-Jun-07,29-Jun-07,03-06-2024
West Bengal,Paschim Medinipur,Keshpur,Sarishakhola,Haji Chak,Hajichak,1343415,971008,1281196,Deep Tubewell,Ground Water,HAJICHAK,Hajichak Pry. School,2008-2009,0.59,0.59,29-Apr-08,30-Apr-08,03-06-2024
West Bengal,Paschim Medinipur,Keshpur,Jagannathpur,Birhimbar,Birhimbar Adakpara,1342956,971014,1242862,Deep Tubewell,Ground Water,BIRHIMBAR ADAKPARA,Pry. School,2008-2009,0.59,0.59,27-Apr-08,28-Apr-08,03-06-2024
West Bengal,Paschim Medinipur,Keshpur,Kalagram,Gopinath Bati,Gopinathbati - Mallickpara,1343374,974191,1271740,Deep Tubewell,Ground Water,GOPINATHBATI - MALLICKPARA,Pry. School,2007-2008,0.59,0.59,05-Aug-07,07-Aug-07,03-06-2024
West Bengal,Paschim Medinipur,Keshpur,Golarh,Markha,Markha - Purbapra,1342810,974195,1243836,Deep Tubewell,Ground Water,Pry. School,Pry. School,2007-2008,0.59,0.59,09-Sep-07,11-Sep-07,03-06-2024
West Bengal,Paschim Medinipur,Keshpur,Anandapur,Pachra,Pirakata Hari Mandir,1343221,974202,1282977,Deep Tubewell,Ground Water,PIRAKATA HARI MANDIR,SSK,2007-2008,0.59,0.59,01-Dec-07,03-Dec-07,03-06-2024
West Bengal,Paschim Medinipur,Keshpur,Amanpur,Panch Khuiri,Kalyanipara,1342746,981130,1293794,Deep Tubewell,Ground Water,KALYANIPARA,Panch Khuiri,2007-2008,0.59,0.59,19-Aug-07,20-Aug-07,03-06-2024
West Bengal,Paschim Medinipur,Keshpur,Amrakuchi,Amrakuchi,Amrakuchi Baipara,1343150,981356,1276749,Deep Tubewell,Ground Water,AMRAKUCHI BAIPARA,Amrakuchi,2007-2008,0.59,0.59,24-Nov-07,25-Nov-07,03-06-2024
West Bengal,Paschim Medinipur,Keshpur,Enayetpur,Bagrui,Doloipara,1343840,6885126,420139848,Deep Tubewell,Ground Water,Maya Puila,Gram Panchayat,2014-2015,0.8,0.8,12-Aug-14,28-Aug-14,03-06-2024
West Bengal,Paschim Medinipur,Keshpur,Enayetpur,Mahesh Pur,Dolaipara,1343846,6885126,420139841,Deep Tubewell,Ground Water,Binod Doloi,Gram Panchayat,2014-2015,0.8,0.8,12-Aug-14,28-Aug-14,03-06-2024
West Bengal,Paschim Medinipur,Keshpur,Enayetpur,Mahesh Pur,Dolaipara,1343846,6885126,420139845,Deep Tubewell,Ground Water,Purna Doloi,Gram Panchayat,2014-2015,0.8,0.8,12-Aug-14,28-Aug-14,03-06-2024
West Bengal,Paschim Medinipur,Keshpur,Enayetpur,Mahesh Pur,Harijanpara,1343847,6885126,420139842,Deep Tubewell,Ground Water,Noukaghat,Gram Panchayat,2014-2015,0.8,0.8,12-Aug-14,28-Aug-14,03-06-2024
West Bengal,Paschim Medinipur,Keshpur,Enayetpur,Bagrui,Bagrai Bagdipara,1343839,6885178,420139886,Deep Tubewell,Ground Water,Mrigen Roy,Gram Panchayat,2014-2015,0.8,0.8,12-Aug-14,28-Aug-14,03-06-2024
West Bengal,Paschim Medinipur,Keshpur,Kalagram,Thaur,Thaur,1766913,6885373,420139912,Deep Tubewell,Ground Water,Budha Pandit,Gram Panchayat,2014-2015,0.8,0.8,12-Aug-14,28-Aug-14,03-06-2024
West Bengal,Paschim Medinipur,Keshpur,Kalagram,Thaur,Thaur,1766913,6901994,420143825,Deep Tubewell,Ground Water,I.C.D.S.(Muchi Para),Gram Panchayat,2014-2015,0.84,0.84,12-Aug-14,30-Aug-14,03-06-2024
West Bengal,Paschim Medinipur,Keshpur,Kalagram,Thaur,Thaur,1766913,6901994,420143826,Deep Tubewell,Ground Water,Sudan Sadara,Gram Panchayat,2014-2015,0.84,0.84,12-Aug-14,30-Aug-14,03-06-2024
West Bengal,Paschim Medinipur,Keshpur,Sirsa,Garur Bag,Gatibarh,1342827,6902664,420144397,Deep Tubewell,Ground Water,Primary School,Gram Panchayat,2014-2015,0.84,0.84,08-Aug-14,28-Aug-14,03-06-2024
West Bengal,Paschim Medinipur,Keshpur,Sirsa,Maharajpur,Maharajpur,1342636,6902664,420144400,Deep Tubewell,Ground Water,Mondir,Gram Panchayat,2014-2015,0.84,0.84,08-Aug-14,28-Aug-14,03-06-2024
West Bengal,Paschim Medinipur,Keshpur,Dhalhara,Gun Hara,Gunhara Madhyapara,1343604,6902682,420144479,Deep Tubewell,Ground Water,Apsar Ali,Gram Panchayat,2014-2015,0.84,0.84,12-Aug-14,28-Aug-14,03-06-2024
West Bengal,Paschim Medinipur,Keshpur,Dhalhara,Dhalhara,Dhalhara,1343534,6902682,420144474,Deep Tubewell,Ground Water,Sasadhar Dalbera,Gram Panchayat,2014-2015,0.84,0.84,12-Aug-14,28-Aug-14,03-06-2024
West Bengal,Paschim Medinipur,Keshpur,Anandapur,Pachra,Bhunia Para,1343223,6903322,420145161,Deep Tubewell,Ground Water,Kashinath Roy,Gram Panchayat,2014-2015,0.8,0.8,12-Aug-14,30-Aug-14,03-06-2024
West Bengal,Paschim Medinipur,Keshpur,Sirsa,Khetua,Dholpara,1342687,6903356,420145227,Deep Tubewell,Ground Water,Milan Dule,Gram Panchayat,2014-2015,0.8,0.8,12-Aug-14,30-Aug-14,03-06-2024
West Bengal,Paschim Medinipur,Keshpur,Amanpur,Eluni,Eloni Mondalpara,1342776,6903356,420145207,Deep Tubewell,Ground Water,Shankar Mondal,Gram Panchayat,2014-2015,0.8,0.8,12-Aug-14,30-Aug-14,03-06-2024
West Bengal,Paschim Medinipur,Keshpur,Amanpur,Eluni,Eloni Mondalpara,1342776,6903356,420145213,Deep Tubewell,Ground Water,Arun Mondal,Gram Panchayat,2014-2015,0.8,0.8,12-Aug-14,30-Aug-14,03-06-2024
West Bengal,Paschim Medinipur,Keshpur,Amanpur,Eluni,Purba Para,1343307,6903356,420145206,Deep Tubewell,Ground Water,Chakrabir Ghosh,Gram Panchayat,2014-2015,0.8,0.8,12-Aug-14,30-Aug-14,03-06-2024
West Bengal,Paschim Medinipur,Keshpur,Enayetpur,Chathla,Chathla Mondalpara,1343746,6903356,420145216,Deep Tubewell,Ground Water,Dilip Mondal,Gram Panchayat,2014-2015,0.8,0.8,12-Aug-14,30-Aug-14,03-06-2024
West Bengal,Paschim Medinipur,Keshpur,Enayetpur,Dosatina,Dasarina Samantapara,1343749,6903356,420145223,Deep Tubewell,Ground Water,Dostina S.S.K.,Gram Panchayat,2014-2015,0.8,0.8,12-Aug-14,30-Aug-14,03-06-2024
West Bengal,Paschim Medinipur,Keshpur,Amanpur,Tanthua,Adibasipara,1342762,6903467,420145438,Deep Tubewell,Ground Water,Kisan Hansda,Gram Panchayat,2014-2015,0.8,0.8,02-Sep-14,25-Sep-14,03-06-2024
West Bengal,Paschim Medinipur,Keshpur,Amanpur,Tanthua,Talhua Mondalpara,1342760,6903467,420145434,Deep Tubewell,Ground Water,Krista Mondal,Gram Panchayat,2014-2015,0.8,0.8,02-Sep-14,25-Sep-14,03-06-2024
West Bengal,Paschim Medinipur,Keshpur,Amanpur,Goharia,Nichugoharia,1342754,6905177,420147111,Deep Tubewell,Ground Water,Ashish Mondal,Gram Panchayat,2014-2015,0.86,0.86,12-Aug-14,06-Sep-14,03-06-2024
West Bengal,Paschim Medinipur,Keshpur,Amanpur,Satdubi,Satdubi,1342755,6905177,420147109,Deep Tubewell,Ground Water,Montu Mondal,Gram Panchayat,2014-2015,0.86,0.86,12-Aug-14,06-Sep-14,03-06-2024
West Bengal,Paschim Medinipur,Keshpur,Jhentla,Manta,Masjidpara,1343665,6908582,420150750,Deep Tubewell,Ground Water,Sk Samshul Alam,Gram Panchayat,2014-2015,0.8,0.8,10-Oct-14,25-Oct-14,03-06-2024
West Bengal,Paschim Medinipur,Keshpur,Jhentla,Manta,Manda,1343662,6908582,420150751,Deep Tubewell,Ground Water,Sk Aiub Ali,Gram Panchayat,2014-2015,0.8,0.8,10-Oct-14,25-Oct-14,03-06-2024
West Bengal,Paschim Medinipur,Keshpur,Golarh,Chenchura,Chenchura - Paschimpara,1342812,6910219,420152127,Deep Tubewell,Ground Water,Sk Abu Hasan,Gram Panchayat,2014-2015,0.82,0.82,08-Oct-14,28-Oct-14,03-06-2024
West Bengal,Paschim Medinipur,Keshpur,Sirsa,Kalgerya,Mayrapara,1342654,6918967,420162888,Deep Tubewell,Ground Water,Tuhin Kumar Ghosh,Gram Panchayat,2014-2015,0.84,0.84,12-Oct-14,10-Nov-14,03-06-2024
West Bengal,Paschim Medinipur,Keshpur,Dhalhara,Bagagerya,Dompara,1343780,6918987,420162923,Deep Tubewell,Ground Water,Primary School,Gram Panchayat,2014-2015,0.84,0.84,12-Oct-14,10-Nov-14,03-06-2024
West Bengal,Paschim Medinipur,Keshpur,Dhalhara,Keottala,Keatola,1343607,6918987,420162922,Deep Tubewell,Ground Water,Manik Mallick,Gram Panchayat,2014-2015,0.84,0.84,12-Oct-14,10-Nov-14,03-06-2024
West Bengal,Paschim Medinipur,Keshpur,Dhalhara,Narsingpur,Narasingpur,1343721,6918987,420162929,Deep Tubewell,Ground Water,Primary School,Gram Panchayat,2014-2015,0.84,0.84,12-Oct-14,10-Nov-14,03-06-2024
West Bengal,Paschim Medinipur,Keshpur,Jhentla,Manta,Masjidpara,1343665,6920898,420165439,Deep Tubewell,Ground Water,Monta Mosjid,Gram Panchayat,2014-2015,0.86,0.86,12-Oct-14,02-Nov-14,03-06-2024
West Bengal,Paschim Medinipur,Keshpur,Teghori,Ramakata,Ramakata,1343022,6910603,420152422,Deep Tubewell,Ground Water,Primary School,Gram Panchayat,2014-2015,0.83,0.83,08-Oct-14,30-Oct-14,03-06-2024
West Bengal,Paschim Medinipur,Keshpur,Anandapur,Pachra,Ghosh Para,1343222,6905402,420147371,Deep Tubewell,Ground Water,Anil Khamroi,Gram Panchayat,2014-2015,0.86,0.86,02-Sep-14,25-Sep-14,03-06-2024
West Bengal,Paschim Medinipur,Keshpur,Anandapur,Anandapur,Gayan Para,1343216,6905402,420147375,Deep Tubewell,Ground Water,Usuf Pathan,Gram Panchayat,2014-2015,0.86,0.86,02-Sep-14,25-Sep-14,03-06-2024
West Bengal,Paschim Medinipur,Keshpur,Anandapur,Anandapur,Gayan Para,1343216,6905402,420147374,Deep Tubewell,Ground Water,S.S.K.,Gram Panchayat,2014-2015,0.86,0.86,02-Sep-14,25-Sep-14,03-06-2024
West Bengal,Paschim Medinipur,Keshpur,Teghori,Talchhara,Karpara,1343019,6910522,420152408,Deep Tubewell,Ground Water,Manik Kar,Gram Panchayat,2014-2015,0.83,0.83,08-Oct-14,30-Oct-14,03-06-2024
West Bengal,Paschim Medinipur,Keshpur,Jagannathpur,Tatarpur,Muchipara,1342992,6921595,420165975,Deep Tubewell,Ground Water,Samita Dasmal,Gram Panchayat,2014-2015,0.82,0.82,12-Nov-14,10-May-17,03-06-2024
West Bengal,Paschim Medinipur,Keshpur,Enayetpur,Brahman Gerya,Ghoshpara,1343795,6921616,420166000,Deep Tubewell,Ground Water,Sukumar Ghosh,Gram Panchayat,2014-2015,0.84,0.84,12-Nov-14,05-Dec-14,03-06-2024
West Bengal,Paschim Medinipur,Keshpur,Enayetpur,Dhoba Gerya,Dhobageria Kuitipara,1343796,6921616,420166001,Deep Tubewell,Ground Water,Primary School,Gram Panchayat,2014-2015,0.84,0.84,12-Nov-14,05-Dec-14,03-06-2024
West Bengal,Paschim Medinipur,Keshpur,Anandapur,Nutan Bajar,Chouka Para,1343256,6922669,420167656,Deep Tubewell,Ground Water,Natun Bazar,Gram Panchayat,2014-2015,0.86,0.86,12-Nov-14,10-Dec-14,03-06-2024
West Bengal,Paschim Medinipur,Keshpur,Anandapur,Nutan Bajar,Barui Para,1343258,6922669,420167653,Deep Tubewell,Ground Water,I.C.D.S.,Gram Panchayat,2014-2015,0.86,0.86,12-Nov-14,10-Dec-14,03-06-2024
West Bengal,Paschim Medinipur,Keshpur,Teghori,Mejura,Dakshin Para,1343069,6922745,420167707,Deep Tubewell,Ground Water,Ramkrishna Midya,Gram Panchayat,2014-2015,0.86,0.86,14-Nov-14,20-Dec-14,03-06-2024
West Bengal,Paschim Medinipur,Keshpur,Teghori,Mejura,Paschim Para,1343068,6922745,420167711,Deep Tubewell,Ground Water,Mejura Primary School,Gram Panchayat,2014-2015,0.86,0.86,14-Nov-14,20-Dec-14,03-06-2024
West Bengal,Paschim Medinipur,Keshpur,Mugbasan,Bejara,Belara,1342874,6925205,420170438,Deep Tubewell,Ground Water,Sares Mallick,Gram Panchayat,2014-2015,0.84,0.84,10-Dec-14,30-Dec-14,03-06-2024
West Bengal,Paschim Medinipur,Keshpur,Mugbasan,Jambani,Jambani,1766554,6925205,420170442,Deep Tubewell,Ground Water,Sk Sabbir Hosen,Gram Panchayat,2014-2015,0.84,0.84,10-Dec-14,30-Dec-14,03-06-2024
West Bengal,Paschim Medinipur,Keshpur,Mugbasan,Jambani,Jambani,1766554,6925205,420170443,Deep Tubewell,Ground Water,Sk Asek Ali,Gram Panchayat,2014-2015,0.84,0.84,10-Dec-14,30-Dec-14,03-06-2024
West Bengal,Paschim Medinipur,Keshpur,Mugbasan,Bejara,Belara,1342874,6925241,420170467,Deep Tubewell,Ground Water,Sk Maku,Gram Panchayat,2014-2015,0.86,0.86,10-Dec-14,30-Dec-14,03-06-2024
West Bengal,Paschim Medinipur,Keshpur,Mugbasan,Bejara,Belara,1342874,6925241,420170469,Deep Tubewell,Ground Water,Sk Allarama,Gram Panchayat,2014-2015,0.86,0.86,10-Dec-14,30-Dec-14,03-06-2024
West Bengal,Paschim Medinipur,Keshpur,Enayetpur,Ganadiha,Ghonadiha Srikanta Diyalipara,1343801,6928652,420173207,Deep Tubewell,Ground Water,Primary School,Gram Panchayat,2014-2015,0.82,0.82,06-Oct-14,20-Dec-14,03-06-2024
West Bengal,Paschim Medinipur,Keshpur,Enayetpur,Brahman Gerya,Berapara,1343794,6928652,420173210,Deep Tubewell,Ground Water,Nepal Bera,Gram Panchayat,2014-2015,0.82,0.82,06-Oct-14,20-Dec-14,03-06-2024
West Bengal,Paschim Medinipur,Keshpur,Amanpur,Palas Larya,Palastora Rajpara,1342705,6588845,420086560,Deep Tubewell,Ground Water,Bhim Mandal,Gram Panchayet,2014-2015,0.8,0,02-Mar-14,18-Mar-14,03-06-2024
West Bengal,Paschim Medinipur,Keshpur,Amanpur,Palas Larya,Palastora Rajpara,1342705,6588845,420086561,Deep Tubewell,Ground Water,Badal Kar,Gram Panchayet,2014-2015,0.8,0,02-Mar-14,18-Mar-14,03-06-2024
West Bengal,Paschim Medinipur,Keshpur,Jhentla,Paruliya,Parulea,1342670,6616126,420087415,Deep Tubewell,Ground Water,Parulia Chak,Gram Panchayet,2014-2015,0.84,0.84,12-Mar-14,30-Mar-14,03-06-2024
West Bengal,Paschim Medinipur,Keshpur,Jhentla,Padima,Jana Para,1343684,6616126,420087408,Deep Tubewell,Ground Water,Panchanan Jana,Gram Panchayet,2014-2015,0.84,0.84,12-Mar-14,30-Mar-14,03-06-2024
West Bengal,Paschim Medinipur,Keshpur,Jhentla,Uttar Gerya,Uhargeria,1343687,6673136,420090914,Deep Tubewell,Ground Water,Nitai Mondal,Gram Panchayat,2014-2015,0.8,0,12-Mar-14,28-Mar-14,03-06-2024
West Bengal,Paschim Medinipur,Keshpur,Jhentla,Padima,Jana Para,1343684,6673136,420090920,Deep Tubewell,Ground Water,Panchanan Jana,Gram Panchayat,2014-2015,0.8,0,12-Mar-14,28-Mar-14,03-06-2024
West Bengal,Paschim Medinipur,Keshpur,Jhentla,Hijli,Hijli - Chalakpara,1343707,6673136,420090908,Deep Tubewell,Ground Water,Jadunath Murmu,Gram Panchayat,2014-2015,0.8,0,12-Mar-14,28-Mar-14,03-06-2024
West Bengal,Paschim Medinipur,Keshpur,Amrakuchi,Jaora Paikan,Sengupta Para,1343099,6673373,420090950,Deep Tubewell,Ground Water,Harimondir,Gram Panchayat,2014-2015,0.8,0,15-Mar-14,05-Apr-14,03-06-2024
West Bengal,Paschim Medinipur,Keshpur,Amrakuchi,Charka,Mir Para,1343172,6673373,420090954,Deep Tubewell,Ground Water,MOhokel Ali,Gram Panchayat,2014-2015,0.8,0,15-Mar-14,05-Apr-14,03-06-2024
West Bengal,Paschim Medinipur,Keshpur,Dhalhara,Parulia,Adibasi Para,1343547,6673373,420090942,Deep Tubewell,Ground Water,Shibu Mandal,Gram Panchayat,2014-2015,0.8,0,15-Mar-14,05-Apr-14,03-06-2024
West Bengal,Paschim Medinipur,Keshpur,Dhalhara,Dhalhara,Dhalhara,1343534,6673373,420090948,Deep Tubewell,Ground Water,Hospital,Gram Panchayat,2014-2015,0.8,0,15-Mar-14,05-Apr-14,03-06-2024
West Bengal,Paschim Medinipur,Keshpur,Amrakuchi,Mukti Chak,Amulia,1343161,6673433,420091035,Deep Tubewell,Ground Water,Ratan Das,Gram Panchayat,2014-2015,0.8,0,15-Mar-14,05-Apr-14,03-06-2024
West Bengal,Paschim Medinipur,Keshpur,Amrakuchi,Amrakuchi,Masjidtala,1343153,6673433,420091033,Deep Tubewell,Ground Water,Mosjid,Gram Panchayat,2014-2015,0.8,0,15-Mar-14,05-Apr-14,03-06-2024
West Bengal,Paschim Medinipur,Keshpur,Amrakuchi,Amrakuchi,Dangapara,1343154,6673433,420091030,Deep Tubewell,Ground Water,Kartik Mandal,Gram Panchayat,2014-2015,0.8,0,15-Mar-14,05-Apr-14,03-06-2024
West Bengal,Paschim Medinipur,Keshpur,Amrakuchi,Amrakuchi,Dolaipara,1343152,6673433,420091031,Deep Tubewell,Ground Water,Nimai Dolai,Gram Panchayat,2014-2015,0.8,0,15-Mar-14,05-Apr-14,03-06-2024
West Bengal,Paschim Medinipur,Keshpur,Amrakuchi,Pipurda,Khanpara,1343101,6673433,420091037,Deep Tubewell,Ground Water,Primary School,Gram Panchayat,2014-2015,0.8,0,15-Mar-14,05-Apr-14,03-06-2024
West Bengal,Paschim Medinipur,Keshpur,Amrakuchi,Pipurda,Khanpara,1343101,6673433,420091038,Deep Tubewell,Ground Water,Fudan Fouzdar,Gram Panchayat,2014-2015,0.8,0,15-Mar-14,05-Apr-14,03-06-2024
West Bengal,Paschim Medinipur,Keshpur,Amrakuchi,Jabar Danga,Mondalpara,1343114,6677000,420091212,Deep Tubewell,Ground Water,Mondal Da,GRAM PANCHAYAT,2014-2015,0.82,0.82,02-Apr-14,28-Apr-14,03-06-2024
West Bengal,Paschim Medinipur,Keshpur,Enayetpur,Enayat Pur,Mirjapara,1343769,6677000,420091209,Deep Tubewell,Ground Water,Maidul Islam,GRAM PANCHAYAT,2014-2015,0.82,0.82,02-Apr-14,28-Apr-14,03-06-2024
West Bengal,Paschim Medinipur,Keshpur,Amanpur,Panch Khuiri,Chakpara,1342747,6677196,420091252,Deep Tubewell,Ground Water,Gramya Debota,Gram Panchayat,2014-2015,0.82,0.82,12-Apr-14,30-Apr-14,03-06-2024
West Bengal,Paschim Medinipur,Keshpur,Amanpur,Hijli,Hijli Shitalamandirpara,1342783,6677196,420091256,Deep Tubewell,Ground Water,Shitala Mandir,Gram Panchayat,2014-2015,0.82,0.82,12-Apr-14,30-Apr-14,03-06-2024
West Bengal,Paschim Medinipur,Keshpur,Sarishakhola,Ghoshpur,Bharat Baj Para,1343463,6677199,420091264,Deep Tubewell,Ground Water,Biren Bag,Gram Panchayat,2014-2015,0.82,0.82,12-Apr-14,28-Apr-14,03-06-2024
West Bengal,Paschim Medinipur,Keshpur,Sarishakhola,Sarisha Khola,Khansherif Para,1343471,6677203,420091285,Deep Tubewell,Ground Water,Primary School,Gram Panchayat,2014-2015,0.82,0.82,12-Apr-14,28-Apr-14,03-06-2024
West Bengal,Paschim Medinipur,Keshpur,Sarishakhola,Sinnibar,Sinnibarh Bandhpara,1343498,6677203,420091283,Deep Tubewell,Ground Water,Jefertea Shop,Gram Panchayat,2014-2015,0.82,0.82,12-Apr-14,28-Apr-14,03-06-2024
West Bengal,Paschim Medinipur,Keshpur,Sarishakhola,Sarisha Khola,Khansherif Para,1343471,6677206,420091295,Deep Tubewell,Ground Water,Primary School,Gram Panchayat,2014-2015,0.82,0.82,12-Apr-14,30-Apr-14,03-06-2024
West Bengal,Paschim Medinipur,Keshpur,Sirsa,Toria,Taria,1342647,6677424,420091434,Deep Tubewell,Ground Water,Garorbaga Primary School,GRAM PANCHAYAT,2014-2015,0.84,0.84,01-Apr-14,28-Apr-14,03-06-2024
West Bengal,Paschim Medinipur,Keshpur,Sirsa,Kalgerya,Kalgeria,1342653,6677424,420091433,Deep Tubewell,Ground Water,Monu Pakhor,GRAM PANCHAYAT,2014-2015,0.84,0.84,01-Apr-14,28-Apr-14,03-06-2024
West Bengal,Paschim Medinipur,Keshpur,Enayetpur,Kapash Tikri,Kapastikri Daspara,1343772,6687083,420093703,Deep Tubewell,Ground Water,Badal  Pora,Gram Panchayat,2014-2015,0.82,0.82,02-Apr-14,30-Apr-14,03-06-2024
West Bengal,Paschim Medinipur,Keshpur,Sirsa,Maharajpur,Maharajpur,1342636,6687083,420093695,Deep Tubewell,Ground Water,Maharajpur I.C.D.S.,Gram Panchayat,2014-2015,0.82,0.82,02-Apr-14,30-Apr-14,03-06-2024
West Bengal,Paschim Medinipur,Keshpur,Amrakuchi,Amsol,Amsole,1343124,6687166,420093757,Deep Tubewell,Ground Water,Niranjan Pator,GRAM PANCHAYAT,2014-2015,0.8,0.8,12-Apr-14,12-Apr-17,03-06-2024
West Bengal,Paschim Medinipur,Keshpur,Amrakuchi,Kharika,Kharika Bagpara,1343145,6687166,420093750,Deep Tubewell,Ground Water,Kharika I.C.D.S.,GRAM PANCHAYAT,2014-2015,0.8,0.8,12-Apr-14,12-Apr-17,03-06-2024
West Bengal,Paschim Medinipur,Keshpur,Amrakuchi,Amrakuchi,Amrakuchi Baipara,1343150,6687166,420093754,Deep Tubewell,Ground Water,Bazar,GRAM PANCHAYAT,2014-2015,0.8,0.8,12-Apr-14,12-Apr-17,03-06-2024
West Bengal,Paschim Medinipur,Keshpur,Amrakuchi,Mukti Chak,Amulia,1343161,6687166,420093753,Deep Tubewell,Ground Water,Amulia,GRAM PANCHAYAT,2014-2015,0.8,0.8,12-Apr-14,12-Apr-17,03-06-2024
West Bengal,Paschim Medinipur,Keshpur,Amrakuchi,Pipurda,Dolaipara,1343100,6687166,420093749,Deep Tubewell,Ground Water,Primary School,GRAM PANCHAYAT,2014-2015,0.8,0.8,12-Apr-14,12-Apr-17,03-06-2024
West Bengal,Paschim Medinipur,Keshpur,Keshpur,Sarai,Sorai - Uttarpara,1343259,6687663,420093895,Deep Tubewell,Ground Water,Primary School,Gram Panchayat,2014-2015,0.82,0.82,04-Apr-14,20-Apr-14,03-06-2024
West Bengal,Paschim Medinipur,Keshpur,Kalagram,Amlada,Mallickpara,1343393,6692627,420094615,Deep Tubewell,Ground Water,Sk Rejjak Ali,Gram Panchayat,2014-2015,0.8,0.8,10-May-14,25-May-14,03-06-2024
West Bengal,Paschim Medinipur,Keshpur,Kalagram,Majur Hati,Majurhati - Purba Para,1343382,6692627,420094616,Deep Tubewell,Ground Water,Mojibul,Gram Panchayat,2014-2015,0.8,0.8,10-May-14,25-May-14,03-06-2024
West Bengal,Paschim Medinipur,Keshpur,Kalagram,Kalagram,Mal Para,1343344,6692627,420094617,Deep Tubewell,Ground Water,Kali Mandir,Gram Panchayat,2014-2015,0.8,0.8,10-May-14,25-May-14,03-06-2024
West Bengal,Paschim Medinipur,Keshpur,Jhentla,Taruk Gerya,Turnkgeria,1343726,6692627,420094606,Deep Tubewell,Ground Water,Manik Babu,Gram Panchayat,2014-2015,0.8,0.8,10-May-14,25-May-14,03-06-2024
West Bengal,Paschim Medinipur,Keshpur,Mugbasan,Shasa Bani,Sasaboni,1342875,6692684,420094659,Deep Tubewell,Ground Water,Mir Hasibul Islam,Gram Panchayat,2014-2015,0.78,0.78,02-May-14,20-May-14,03-06-2024
West Bengal,Paschim Medinipur,Keshpur,Mugbasan,Mamudpur,Namudpur - Paschimpara,1342913,6692684,420094654,Deep Tubewell,Ground Water,Primary School,Gram Panchayat,2014-2015,0.78,0.78,02-May-14,20-May-14,03-06-2024
West Bengal,Paschim Medinipur,Keshpur,Mugbasan,Puran Berya,Dalaipara,1342939,6692684,420094657,Deep Tubewell,Ground Water,Tarapada Bhandari,Gram Panchayat,2014-2015,0.78,0.78,02-May-14,20-May-14,03-06-2024
West Bengal,Paschim Medinipur,Keshpur,Mugbasan,Mugbasan,Das Para,1342927,6692684,420094651,Deep Tubewell,Ground Water,S.S.K.,Gram Panchayat,2014-2015,0.78,0.78,02-May-14,20-May-14,03-06-2024
West Bengal,Paschim Medinipur,Keshpur,Mugbasan,Mundalika,Roypara,1342923,6692684,420094652,Deep Tubewell,Ground Water,Monoranjan Roy,Gram Panchayat,2014-2015,0.78,0.78,02-May-14,20-May-14,03-06-2024
West Bengal,Paschim Medinipur,Keshpur,Teghori,Manta Bani,Mottabani Madhya,1343075,6692853,420094710,Deep Tubewell,Ground Water,Primary School,Gram Panchayat,2014-2015,0.82,0.82,04-Apr-14,30-Apr-14,03-06-2024
West Bengal,Paschim Medinipur,Keshpur,Dhalhara,Dhalhara,Dhalhara,1343534,6692853,420094704,Deep Tubewell,Ground Water,High School,Gram Panchayat,2014-2015,0.82,0.82,04-Apr-14,30-Apr-14,03-06-2024
West Bengal,Paschim Medinipur,Keshpur,Dhalhara,Kashta Khamar,Roypara,1343567,6692853,420094705,Deep Tubewell,Ground Water,S.S.K.,Gram Panchayat,2014-2015,0.82,0.82,04-Apr-14,30-Apr-14,03-06-2024
West Bengal,Paschim Medinipur,Keshpur,Jagannathpur,Kamar Bandi,Kamarbandi,1343010,6696808,420094881,Deep Tubewell,Ground Water,Primary School,Gram Panchayat,2014-2015,0.78,0.78,12-May-14,24-May-14,03-06-2024
West Bengal,Paschim Medinipur,Keshpur,Jagannathpur,Dogerya,Dogeria Adibasipara,1342947,6696808,420094880,Deep Tubewell,Ground Water,Primary School,Gram Panchayat,2014-2015,0.78,0.78,12-May-14,24-May-14,03-06-2024
West Bengal,Paschim Medinipur,Keshpur,Jagannathpur,Dalang,Dolong Paschimpara,1342971,6696808,420094877,Deep Tubewell,Ground Water,Benu Pator,Gram Panchayat,2014-2015,0.78,0.78,12-May-14,24-May-14,03-06-2024
West Bengal,Paschim Medinipur,Keshpur,Enayetpur,Pindra Gerya,Pindrageria Talpukurpara,1343764,6819161,420104162,Deep Tubewell,Ground Water,Khaibar Ali,Gram Panchayat,2014-2015,0.78,0.78,14-May-14,26-May-14,03-06-2024
West Bengal,Paschim Medinipur,Keshpur,Sarishakhola,Akna,Mahinpara,1343455,6823272,420106649,Deep Tubewell,Ground Water,Asit Mohis,Gram Panchayat,2014-2015,0.8,0.8,12-May-14,04-Apr-17,03-06-2024
West Bengal,Paschim Medinipur,Keshpur,Sarishakhola,Akna,Aknakaranpara,1343454,6823272,420106645,Deep Tubewell,Ground Water,Shombhu Hemrom,Gram Panchayat,2014-2015,0.8,0.8,12-May-14,04-Apr-17,03-06-2024
West Bengal,Paschim Medinipur,Keshpur,Jhentla,Shrimanta Chak,Shrimanta Chak,1766842,6403207,420065591,Deep Tubewell,Ground Water,SHRIMANTACHAK,Gram Panchayat,2013-2014,0.75,0.75,25-May-13,12-Dec-13,03-06-2024
West Bengal,Paschim Medinipur,Keshpur,Jhentla,Sindrakola,Sindrakola,1766904,6403207,420065592,Deep Tubewell,Ground Water,SINDRAKOLA,Gram Panchayat,2013-2014,0.75,0.75,25-May-13,12-Dec-13,03-06-2024
West Bengal,Paschim Medinipur,Keshpur,Jhentla,Tipi Gerya,Tipi Gerya,1766905,6403207,420065598,Deep Tubewell,Ground Water,TIPI GERYA,Gram Panchayat,2013-2014,0.75,0.75,25-May-13,12-Dec-13,03-06-2024
West Bengal,Paschim Medinipur,Keshpur,Jhentla,Shata Chak,Satachak - Manna Para,1343682,6403329,420065668,Deep Tubewell,Ground Water,MANNAPARA,Gram Panchayat,2013-2014,0.8,0.8,12-Apr-13,24-Dec-13,03-06-2024
West Bengal,Paschim Medinipur,Keshpur,Jhentla,Shata Chak,Das Para,1343683,6403329,420065669,Deep Tubewell,Ground Water,DAS PARA,Gram Panchayat,2013-2014,0.8,0.8,12-Apr-13,24-Dec-13,03-06-2024
West Bengal,Paschim Medinipur,Keshpur,Jorakeudi Solidiha,Sholdiha,Roypara,1342616,6403969,420066491,Deep Tubewell,Ground Water,ROYPARA,Gram Panchayet,2013-2014,0.72,0.72,15-Apr-13,21-Sep-14,03-06-2024
West Bengal,Paschim Medinipur,Keshpur,Kalagram,Akhra Pota,Dakshinpara,1343388,6404131,420066858,Deep Tubewell,Ground Water,DAKSHINPARA,Gram Panchayat,2013-2014,0.84,0.84,23-May-13,12-Dec-13,03-06-2024
West Bengal,Paschim Medinipur,Keshpur,Kalagram,Akhra Pota,Choukidarpara,1343389,6404131,420066859,Deep Tubewell,Ground Water,CHOUKIDARPARA,Gram Panchayat,2013-2014,0.84,0.84,23-May-13,12-Dec-13,03-06-2024
West Bengal,Paschim Medinipur,Keshpur,Kalagram,Amlada,Saha Para,1343394,6404143,420066927,Deep Tubewell,Ground Water,SAHAPARA,Gram Panchayat,2013-2014,0.8,0.8,12-Apr-13,25-Feb-14,03-06-2024
West Bengal,Paschim Medinipur,Keshpur,Kalagram,Amlada,Dakshinpara,1343395,6404143,420066928,Deep Tubewell,Ground Water,DOLAIPARA,Gram Panchayat,2013-2014,0.8,0.8,12-Apr-13,25-Feb-14,03-06-2024
West Bengal,Paschim Medinipur,Keshpur,Kalagram,Bhol Sarapota,Saith Para,1343332,6404143,420066918,Deep Tubewell,Ground Water,SAITHPARA,Gram Panchayat,2013-2014,0.8,0.8,12-Apr-13,25-Feb-14,03-06-2024
West Bengal,Paschim Medinipur,Keshpur,Kalagram,Suratpur,Dolaipara,1343353,6404155,420066954,Deep Tubewell,Ground Water,DOLAIPARA,Gram Panchayat,2013-2014,0.75,0.75,14-Jun-13,12-Dec-13,03-06-2024
West Bengal,Paschim Medinipur,Keshpur,Kalagram,Suratpur,Karakpara,1343349,6404155,420066953,Deep Tubewell,Ground Water,KARAKPARA,Gram Panchayat,2013-2014,0.75,0.75,14-Jun-13,12-Dec-13,03-06-2024
West Bengal,Paschim Medinipur,Keshpur,Kalagram,Kanpur,Karakpara,1343333,6404155,420066967,Deep Tubewell,Ground Water,KARKPARA,Gram Panchayat,2013-2014,0.75,0.75,14-Jun-13,12-Dec-13,03-06-2024
West Bengal,Paschim Medinipur,Keshpur,Kalagram,Jhalka,Maity Para,1343412,6404155,420066977,Deep Tubewell,Ground Water,KALAGRAM,Gram Panchayat,2013-2014,0.75,0.75,14-Jun-13,12-Dec-13,03-06-2024
West Bengal,Paschim Medinipur,Keshpur,Kalagram,Jhalka,Maity Para,1343412,6404155,420066978,Deep Tubewell,Ground Water,MAITYPARA,Gram Panchayat,2013-2014,0.75,0.75,14-Jun-13,12-Dec-13,03-06-2024
West Bengal,Paschim Medinipur,Keshpur,Kalagram,Thaur,Thaur,1766913,6404155,420066949,Deep Tubewell,Ground Water,THAUR,Gram Panchayat,2013-2014,0.75,0.75,14-Jun-13,12-Dec-13,03-06-2024
West Bengal,Paschim Medinipur,Keshpur,Keshpur,Mahishda,Dalpati Para,1343320,6404165,420067003,Deep Tubewell,Ground Water,DALPATIPARA,Gram Panchayat,2013-2014,0.75,0.75,25-May-13,12-Mar-14,03-06-2024
West Bengal,Paschim Medinipur,Keshpur,Keshpur,Kapas Geria,Kapasgerli,1343304,6404165,420067007,Deep Tubewell,Ground Water,KAPASGERLI,Gram Panchayat,2013-2014,0.75,0.75,25-May-13,12-Mar-14,03-06-2024
West Bengal,Paschim Medinipur,Keshpur,Keshpur,Ichhai Pur,Purb Para,1343263,6404165,420067008,Deep Tubewell,Ground Water,PURBAPARA,Gram Panchayat,2013-2014,0.75,0.75,25-May-13,12-Mar-14,03-06-2024
West Bengal,Paschim Medinipur,Keshpur,Keshpur,Gargaj Pota,Uttar Para,1343288,6404165,420067014,Deep Tubewell,Ground Water,UTTARPARA,Gram Panchayat,2013-2014,0.75,0.75,25-May-13,12-Mar-14,03-06-2024
West Bengal,Paschim Medinipur,Keshpur,Keshpur,Ranga Dighi,Paschim Para,1343290,6404173,420067052,Deep Tubewell,Ground Water,PASCHIMPARA,Gram Panchayat,2013-2014,0.75,0.75,12-Apr-13,25-Feb-14,03-06-2024
West Bengal,Paschim Medinipur,Keshpur,Keshpur,Ranibar,Ranibar,1343309,6404173,420067050,Deep Tubewell,Ground Water,RANIBAR,Gram Panchayat,2013-2014,0.75,0.75,12-Apr-13,25-Feb-14,03-06-2024
West Bengal,Paschim Medinipur,Keshpur,Keshpur,Maruk Chak,Jakapara,1342905,6404173,420067058,Deep Tubewell,Ground Water,JAKAPARA,Gram Panchayat,2013-2014,0.75,0.75,12-Apr-13,25-Feb-14,03-06-2024
West Bengal,Paschim Medinipur,Keshpur,Keshpur,Maruk Chak,Dolaipara,1342908,6404173,420067059,Deep Tubewell,Ground Water,DOLAIPARA,Gram Panchayat,2013-2014,0.75,0.75,12-Apr-13,25-Feb-14,03-06-2024
West Bengal,Paschim Medinipur,Keshpur,Mugbasan,Mamudpur,Purbapara,1342915,6404439,420067279,Deep Tubewell,Ground Water,PURBAPARA,Gram Panchayet,2013-2014,0.8,0.8,12-May-13,25-Mar-14,03-06-2024
West Bengal,Paschim Medinipur,Keshpur,Mugbasan,Keot Para,Maharpara,1342888,6404439,420067292,Deep Tubewell,Ground Water,MAHARPARA,Gram Panchayet,2013-2014,0.8,0.8,12-May-13,25-Mar-14,03-06-2024
West Bengal,Paschim Medinipur,Keshpur,Mugbasan,Kokapur,Kokapur,1342900,6404439,420067287,Deep Tubewell,Ground Water,KOKAPUR,Gram Panchayet,2013-2014,0.8,0.8,12-May-13,25-Mar-14,03-06-2024
West Bengal,Paschim Medinipur,Keshpur,Mugbasan,Jheta Jambani,Talpukur,1342883,6404439,420067293,Deep Tubewell,Ground Water,TALPUKUR,Gram Panchayet,2013-2014,0.8,0.8,12-May-13,25-Mar-14,03-06-2024
West Bengal,Paschim Medinipur,Keshpur,Sarishakhola,Andi Chak,Mondalpara,1343444,6404670,420067557,Deep Tubewell,Ground Water,MONDALPARA,Gram Panchayet,2013-2014,0.75,0.75,24-Apr-13,12-Jan-14,03-06-2024
West Bengal,Paschim Medinipur,Keshpur,Sarishakhola,Magra,Shamsut,1343434,6404789,420067764,Deep Tubewell,Ground Water,SHAMSUT,Gram Panchayet,2013-2014,0.8,0.8,12-Apr-13,08-May-17,03-06-2024
West Bengal,Paschim Medinipur,Keshpur,Sarishakhola,Golagerya,Teghoripara,1343513,6404789,420067771,Deep Tubewell,Ground Water,TEGHORIPARA,Gram Panchayet,2013-2014,0.8,0.8,12-Apr-13,08-May-17,03-06-2024
West Bengal,Paschim Medinipur,Keshpur,Sarishakhola,Ghoshpur,Dula Para,1343467,6404789,420067776,Deep Tubewell,Ground Water,DULAPARA,Gram Panchayet,2013-2014,0.8,0.8,12-Apr-13,08-May-17,03-06-2024
West Bengal,Paschim Medinipur,Keshpur,Sarishakhola,Sarisha Khola,Manoj Para,1343477,6404789,420067752,Deep Tubewell,Ground Water,MANOJPARA,Gram Panchayet,2013-2014,0.8,0.8,12-Apr-13,08-May-17,03-06-2024
West Bengal,Paschim Medinipur,Keshpur,Sarishakhola,Sarisha Khola,Layek Para,1343479,6404789,420067753,Deep Tubewell,Ground Water,LAYEKPARA,Gram Panchayet,2013-2014,0.8,0.8,12-Apr-13,08-May-17,03-06-2024
West Bengal,Paschim Medinipur,Keshpur,Sarishakhola,Sinnibar,Janapara,1343509,6404860,420067906,Deep Tubewell,Ground Water,JANAPARA,Gram Panchayet,2013-2014,0.75,0.75,01-Apr-13,12-Jan-14,03-06-2024
West Bengal,Paschim Medinipur,Keshpur,Sarishakhola,Taba Gerya,Khanpara,1343439,6404860,420067898,Deep Tubewell,Ground Water,KHANPARA,Gram Panchayet,2013-2014,0.75,0.75,01-Apr-13,12-Jan-14,03-06-2024
West Bengal,Paschim Medinipur,Keshpur,Sirsa,Akmura,Dheurapara,1342656,6404860,420067895,Deep Tubewell,Ground Water,DHEURAPARA,Gram Panchayet,2013-2014,0.75,0.75,01-Apr-13,12-Jan-14,03-06-2024
West Bengal,Paschim Medinipur,Keshpur,Sirsa,Kharsu,Bahanaroypara,1342676,6404926,420068018,Deep Tubewell,Ground Water,ROYPARA,Gram Panchayet,2013-2014,0.75,0.75,01-Apr-13,14-Jan-14,03-06-2024
West Bengal,Paschim Medinipur,Keshpur,Sirsa,Khetua,Dompara,1342690,6404926,420068010,Deep Tubewell,Ground Water,DOMPARA,Gram Panchayet,2013-2014,0.75,0.75,01-Apr-13,14-Jan-14,03-06-2024
West Bengal,Paschim Medinipur,Keshpur,Sirsa,Khari Gerya,Dakshinpara,1342854,6404926,420068022,Deep Tubewell,Ground Water,DAKSHINPARA,Gram Panchayet,2013-2014,0.75,0.75,01-Apr-13,14-Jan-14,03-06-2024
West Bengal,Paschim Medinipur,Keshpur,Sirsa,Gopalgar,Gopalgar,1766944,6404926,420068031,Deep Tubewell,Ground Water,GOPALGAR,Gram Panchayet,2013-2014,0.75,0.75,01-Apr-13,14-Jan-14,03-06-2024
West Bengal,Paschim Medinipur,Keshpur,Sirsa,Raniar,Raniorh Majipara,1342697,6404981,420068176,Deep Tubewell,Ground Water,MAJIPARA,Gram Panchayet,2013-2014,0.8,0.8,12-May-13,25-Jan-14,03-06-2024
West Bengal,Paschim Medinipur,Keshpur,Sirsa,Raniar,Bhuniapara,1342700,6404981,420068179,Deep Tubewell,Ground Water,BHUNIAPARA,Gram Panchayet,2013-2014,0.8,0.8,12-May-13,25-Jan-14,03-06-2024
West Bengal,Paschim Medinipur,Keshpur,Sirsa,Mohabani,Ghosalpara,1342702,6404981,420068185,Deep Tubewell,Ground Water,GHOSALPARA,Gram Panchayet,2013-2014,0.8,0.8,12-May-13,25-Jan-14,03-06-2024
West Bengal,Paschim Medinipur,Keshpur,Sirsa,Maharajpur,Muslimpara,1342640,6404981,420068187,Deep Tubewell,Ground Water,NAYEKPARA,Gram Panchayet,2013-2014,0.8,0.8,12-May-13,25-Jan-14,03-06-2024
West Bengal,Paschim Medinipur,Keshpur,Teghori,Gobardda,Dalbera Para,1343058,6405060,420068296,Deep Tubewell,Ground Water,DALBERAPARA,Gram Panchayet,2013-2014,0.8,0.8,12-Apr-13,21-Feb-14,03-06-2024
West Bengal,Paschim Medinipur,Keshpur,Teghori,Chanda Bila,Chandabila Purba,1343074,6405060,420068306,Deep Tubewell,Ground Water,CHANDBILA PURBA,Gram Panchayet,2013-2014,0.8,0.8,12-Apr-13,21-Feb-14,03-06-2024
West Bengal,Paschim Medinipur,Keshpur,Teghori,Dhakkata,Madhya Para,1343078,6405060,420068301,Deep Tubewell,Ground Water,MADHYAPARA,Gram Panchayet,2013-2014,0.8,0.8,12-Apr-13,21-Feb-14,03-06-2024
West Bengal,Paschim Medinipur,Keshpur,Teghori,Kanch Gerya,Fabdarpara,1343084,6405060,420068289,Deep Tubewell,Ground Water,FABDARPARA,Gram Panchayet,2013-2014,0.8,0.8,12-Apr-13,21-Feb-14,03-06-2024
West Bengal,Paschim Medinipur,Keshpur,Teghori,Kashi Danga,Kashi Danga,1766672,6405060,420068287,Deep Tubewell,Ground Water,KASHIDANGA,Gram Panchayet,2013-2014,0.8,0.8,12-Apr-13,21-Feb-14,03-06-2024
West Bengal,Paschim Medinipur,Keshpur,Teghori,Khudibisi,Bera Para,1343090,6405119,420068406,Deep Tubewell,Ground Water,BERA PARA,Gram Panchayet,2013-2014,0.8,0.8,12-May-13,25-Jan-14,03-06-2024
West Bengal,Paschim Medinipur,Keshpur,Teghori,Mejura,Abra,1343070,6405119,420068390,Deep Tubewell,Ground Water,ABRA,Gram Panchayet,2013-2014,0.8,0.8,12-May-13,25-Jan-14,03-06-2024
West Bengal,Paschim Medinipur,Keshpur,Teghori,Palbani,Palbani,1343045,6405119,420068381,Deep Tubewell,Ground Water,PALABANI,Gram Panchayet,2013-2014,0.8,0.8,12-May-13,25-Jan-14,03-06-2024
West Bengal,Paschim Medinipur,Keshpur,Teghori,Kontai,Dalbera Madhya,1343050,6405119,420068401,Deep Tubewell,Ground Water,DALBERA MADHYA,Gram Panchayet,2013-2014,0.8,0.8,12-May-13,25-Jan-14,03-06-2024
West Bengal,Paschim Medinipur,Keshpur,Teghori,Kharga Diha,Berapara,1343012,6405119,420068410,Deep Tubewell,Ground Water,BERAPARA,Gram Panchayet,2013-2014,0.8,0.8,12-May-13,25-Jan-14,03-06-2024
West Bengal,Paschim Medinipur,Keshpur,Teghori,Putigerya,Pafigeria,1343040,6405144,420068471,Deep Tubewell,Ground Water,PAFIGERIA,Gram Panchayet,2013-2014,0.8,0.8,12-May-13,24-Jan-14,03-06-2024
West Bengal,Paschim Medinipur,Keshpur,Enayetpur,Ajodhya Bar,Patarpara.,1343776,6405922,420069568,Deep Tubewell,Ground Water,PATARPARA,Gram Panchayet,2013-2014,0.84,0.84,12-Apr-13,15-Jan-14,03-06-2024
West Bengal,Paschim Medinipur,Keshpur,Golarh,Langal Dihi,Sk. Para,1342862,6405922,420069563,Deep Tubewell,Ground Water,SK.PARA,Gram Panchayet,2013-2014,0.84,0.84,12-Apr-13,15-Jan-14,03-06-2024
West Bengal,Paschim Medinipur,Keshpur,Jagannathpur,Jagannathpur,Jagannathpur Uttarpara,1343005,6405922,420069562,Deep Tubewell,Ground Water,UTTARPARA,Gram Panchayet,2013-2014,0.84,0.84,12-Apr-13,15-Jan-14,03-06-2024
West Bengal,Paschim Medinipur,Keshpur,Sirsa,Maharajpur,Adibasipara,1342641,6405937,420069580,Deep Tubewell,Ground Water,ADIBASIPARA,Gram Panchayet,2013-2014,0.75,0.75,21-Apr-13,15-Jan-14,03-06-2024
West Bengal,Paschim Medinipur,Keshpur,Sirsa,Golaugrasanda,Ruidaspara,1342667,6405937,420069581,Deep Tubewell,Ground Water,RUIDASPARA,Gram Panchayet,2013-2014,0.75,0.75,21-Apr-13,15-Jan-14,03-06-2024
West Bengal,Paschim Medinipur,Keshpur,Sarishakhola,Amar Chak,Kadampara,1343515,6434877,420074967,Deep Tubewell,Ground Water,KADAMPARA,KADAMPARA,2013-2014,0.84,0.84,15-Jun-13,25-Jul-13,03-06-2024
West Bengal,Paschim Medinipur,Keshpur,Sarishakhola,Bairat,Paschim Para,1343482,6434915,420074971,Deep Tubewell,Ground Water,PASCHIM PARA,PASCHIM PARA,2013-2014,0.86,0.86,31-May-13,30-Jul-13,03-06-2024
West Bengal,Paschim Medinipur,Keshpur,Mugbasan,Makul Chak,Manuchak,1343266,6437345,420248789,Deep Tubewell,Ground Water,Mukulchak,Construction of Rig Bored tube well Spot Sources fitted with India Mark II hand pump in different Blocks of Paschim Medinipur District 490 No TWs,2013-2014,392,450.81,01-Mar-13,03-May-23,03-06-2024
West Bengal,Paschim Medinipur,Keshpur,Dhalhara,Chak Joyti,Chakjoti,1343588,6437345,420248817,Deep Tubewell,Ground Water,Chakjali,Construction of Rig Bored tube well Spot Sources fitted with India Mark II hand pump in different Blocks of Paschim Medinipur District 490 No TWs,2013-2014,392,450.81,01-Mar-13,03-May-23,03-06-2024
West Bengal,Paschim Medinipur,Keshpur,Sirsa,Ausberya,Ausberya,1766943,6437345,420248822,Deep Tubewell,Ground Water,Bina Bera ICDS,Construction of Rig Bored tube well Spot Sources fitted with India Mark II hand pump in different Blocks of Paschim Medinipur District 490 No TWs,2013-2014,392,450.81,01-Mar-13,03-May-23,03-06-2024
West Bengal,Paschim Medinipur,Keshpur,Teghori,Talchhara,Talchara Adibasipara,1343018,6437345,420248831,Deep Tubewell,Ground Water,Talchara Upper Pry. School,Construction of Rig Bored tube well Spot Sources fitted with India Mark II hand pump in different Blocks of Paschim Medinipur District 490 No TWs,2013-2014,392,450.81,01-Mar-13,03-May-23,03-06-2024
West Bengal,Paschim Medinipur,Keshpur,Jagannathpur,Tapuria,Tapuria Purbapara,1342957,6437345,420248800,Deep Tubewell,Ground Water,Tapuria SSK,Construction of Rig Bored tube well Spot Sources fitted with India Mark II hand pump in different Blocks of Paschim Medinipur District 490 No TWs,2013-2014,392,450.81,01-Mar-13,03-May-23,03-06-2024
West Bengal,Paschim Medinipur,Keshpur,Jagannathpur,Jagannathpur Ayma,Jaganathpurayma Dalberapara,1343001,6437345,420248801,Deep Tubewell,Ground Water,Jagannathpur ICDS,Construction of Rig Bored tube well Spot Sources fitted with India Mark II hand pump in different Blocks of Paschim Medinipur District 490 No TWs,2013-2014,392,450.81,01-Mar-13,03-May-23,03-06-2024
West Bengal,Paschim Medinipur,Keshpur,Sirsa,Raniar,Raniorh Majipara,1342697,6437345,420248823,Deep Tubewell,Ground Water,Raniorh Pry. School,Construction of Rig Bored tube well Spot Sources fitted with India Mark II hand pump in different Blocks of Paschim Medinipur District 490 No TWs,2013-2014,392,450.81,01-Mar-13,03-May-23,03-06-2024
West Bengal,Paschim Medinipur,Keshpur,Jhentla,Jamira,Jueara - Khanpara,1343675,6437615,420081372,Deep Tubewell,Ground Water,Khanpara,Spot Sources for the mouzas colonized by Lodha Tribe [350 Nos. T/W],2013-2014,274.93,60,01-Mar-13,12-Sep-16,03-06-2024
West Bengal,Paschim Medinipur,Keshpur,Amrakuchi,Kapta Bankati,Kaptabankati,1343162,6437775,420251867,Deep Tubewell,Ground Water,Jamira SSK Near MSK,Construction of Rig Bored T/W (Spot Sources) fitted with India Mark - II hand pump at different Sourceless Primary & Upper Primary Schools. [265 Nos. RBTW],2013-2014,212,212.01198,01-Mar-13,04-May-17,03-06-2024
West Bengal,Paschim Medinipur,Keshpur,Amrakuchi,Shukun Diha,Sukundiha,1343098,6437775,420251866,Deep Tubewell,Ground Water,Shukun Diha Pry. School,Construction of Rig Bored T/W (Spot Sources) fitted with India Mark - II hand pump at different Sourceless Primary & Upper Primary Schools. [265 Nos. RBTW],2013-2014,212,212.01198,01-Mar-13,04-May-17,03-06-2024
West Bengal,Paschim Medinipur,Keshpur,Teghori,Chanda Bila,Chandabila Madhya,1343073,6437776,420233306,Deep Tubewell,Ground Water,Chandabila,Construction of Rig Bored tube well Spot Sources fitted with India Mark  II hand pump in different Blocks of Paschim Medinipur District 600 No TWs,2013-2014,480,436.36,01-Apr-13,03-May-23,03-06-2024
West Bengal,Paschim Medinipur,Keshpur,Teghori,Ghosh Khira,Ghoshkhir,1343026,6437776,420233303,Deep Tubewell,Ground Water,Tetuldanga Near House of Chittaranjan Ghosh,Construction of Rig Bored tube well Spot Sources fitted with India Mark  II hand pump in different Blocks of Paschim Medinipur District 600 No TWs,2013-2014,480,436.36,01-Apr-13,03-May-23,03-06-2024
West Bengal,Paschim Medinipur,Keshpur,Amrakuchi,Khasla,Khasla,1343167,6437776,420233295,Deep Tubewell,Ground Water,Brahamandiha Near Mari Mandir,Construction of Rig Bored tube well Spot Sources fitted with India Mark  II hand pump in different Blocks of Paschim Medinipur District 600 No TWs,2013-2014,480,436.36,01-Apr-13,03-May-23,03-06-2024
West Bengal,Paschim Medinipur,Keshpur,Jorakeudi Solidiha,Sankrui,Sankrai,1342591,6437776,420233313,Deep Tubewell,Ground Water,Godamutya Adibasipara,Construction of Rig Bored tube well Spot Sources fitted with India Mark  II hand pump in different Blocks of Paschim Medinipur District 600 No TWs,2013-2014,480,436.36,01-Apr-13,03-May-23,03-06-2024
West Bengal,Paschim Medinipur,Keshpur,Keshpur,Shankhapur,Natunpara,1343276,6437776,420233297,Deep Tubewell,Ground Water,Sankpur Nutanbasti,Construction of Rig Bored tube well Spot Sources fitted with India Mark  II hand pump in different Blocks of Paschim Medinipur District 600 No TWs,2013-2014,480,436.36,01-Apr-13,03-May-23,03-06-2024
West Bengal,Paschim Medinipur,Keshpur,Kalagram,Thaur,Thaur,1766913,6437776,420233300,Deep Tubewell,Ground Water,Thayur Purba Dolaipara,Construction of Rig Bored tube well Spot Sources fitted with India Mark  II hand pump in different Blocks of Paschim Medinipur District 600 No TWs,2013-2014,480,436.36,01-Apr-13,03-May-23,03-06-2024
West Bengal,Paschim Medinipur,Keshpur,Amanpur,Tukura Pat,Turiapat,1342727,6579073,420085970,Deep Tubewell,Ground Water,Shitala Mandir,Gram Panchayat Office,2014-2015,0.82,0,12-Mar-14,28-Mar-14,03-06-2024
West Bengal,Paschim Medinipur,Keshpur,Enayetpur,Kapash Tikri,Letarpara,1343774,6579276,420085988,Deep Tubewell,Ground Water,Baneswar Haldar,Gram Panchayat Office,2014-2015,0.8,0,02-Mar-14,02-Apr-14,03-06-2024
West Bengal,Paschim Medinipur,Keshpur,Amanpur,Kota,Kota,1342779,6579436,420086021,Deep Tubewell,Ground Water,T.M.C. Office,Gram Panchayat Office,2014-2015,0.78,0,10-Mar-14,18-Mar-14,03-06-2024
West Bengal,Paschim Medinipur,Keshpur,Amanpur,Kota,Patrapara,1342781,6579436,420086023,Deep Tubewell,Ground Water,Satish Adhikary,Gram Panchayat Office,2014-2015,0.78,0,10-Mar-14,18-Mar-14,03-06-2024
West Bengal,Paschim Medinipur,Keshpur,Amanpur,Kota,Patrapara,1342781,6579436,420086024,Deep Tubewell,Ground Water,Shankar Pal,Gram Panchayat Office,2014-2015,0.78,0,10-Mar-14,18-Mar-14,03-06-2024
West Bengal,Paschim Medinipur,Keshpur,Amanpur,Kota,Patrapara,1342781,6579436,420086028,Deep Tubewell,Ground Water,High School,Gram Panchayat Office,2014-2015,0.78,0,10-Mar-14,18-Mar-14,03-06-2024
West Bengal,Paschim Medinipur,Keshpur,Amanpur,Nata Gerya,Patageria Bagpara,1342785,6588845,420086548,Deep Tubewell,Ground Water,Basudeb Ghosh,Gram Panchayet,2014-2015,0.8,0,02-Mar-14,18-Mar-14,03-06-2024
West Bengal,Paschim Medinipur,Keshpur,Amanpur,Teghara,Teghara Mandalpara,1342720,6588845,420086553,Deep Tubewell,Ground Water,Milk Samity,Gram Panchayet,2014-2015,0.8,0,02-Mar-14,18-Mar-14,03-06-2024
West Bengal,Paschim Medinipur,Keshpur,Golarh,Kanunya,Kanunya,1342830,6402061,420064263,Deep Tubewell,Ground Water,KANUNYA,Gram Panchayat,2013-2014,0.8,0.8,12-Apr-13,25-Dec-14,03-06-2024
West Bengal,Paschim Medinipur,Keshpur,Golarh,Pahari Sol,Pahari Sol,1766775,6402324,420064510,Deep Tubewell,Ground Water,PAHARISOL,GRAM PANCHAYAT,2013-2014,0.75,0.75,12-Apr-13,25-Dec-13,03-06-2024
West Bengal,Paschim Medinipur,Keshpur,Golarh,Ratan Hati,Ratanhati,1342817,6402324,420064507,Deep Tubewell,Ground Water,RATANHATI,GRAM PANCHAYAT,2013-2014,0.75,0.75,12-Apr-13,25-Dec-13,03-06-2024
West Bengal,Paschim Medinipur,Keshpur,Jagannathpur,Hindal Bar,Hindalbar,1342959,6402373,420064559,Deep Tubewell,Ground Water,HINDALBAR,GRAM PANCHAYAT,2013-2014,0.75,0.75,12-Apr-13,26-Feb-14,03-06-2024
West Bengal,Paschim Medinipur,Keshpur,Jagannathpur,Gohalara,Maitipara,1342997,6402373,420064560,Deep Tubewell,Ground Water,MAITIPARA,GRAM PANCHAYAT,2013-2014,0.75,0.75,12-Apr-13,26-Feb-14,03-06-2024
West Bengal,Paschim Medinipur,Keshpur,Jagannathpur,Pebua,Pebua,1766781,6402410,420064646,Deep Tubewell,Ground Water,PEBUA,GRAM PANCHAYAT,2013-2014,0.75,0.75,10-Apr-13,13-Feb-14,03-06-2024
West Bengal,Paschim Medinipur,Keshpur,Jagannathpur,Padampat,Padampat Paschimpara,1342982,6402410,420064647,Deep Tubewell,Ground Water,PASCHIMPARA,GRAM PANCHAYAT,2013-2014,0.75,0.75,10-Apr-13,13-Feb-14,03-06-2024
West Bengal,Paschim Medinipur,Keshpur,Jhentla,Bajgerya,Madhyapara,1342934,6402410,420064623,Deep Tubewell,Ground Water,MADHYAPARA,GRAM PANCHAYAT,2013-2014,0.75,0.75,10-Apr-13,13-Feb-14,03-06-2024
West Bengal,Paschim Medinipur,Keshpur,Jagannathpur,Kunyarer Ayma,Purbapara,1342986,6402410,420064650,Deep Tubewell,Ground Water,PURBAPARA,GRAM PANCHAYAT,2013-2014,0.75,0.75,10-Apr-13,13-Feb-14,03-06-2024
West Bengal,Paschim Medinipur,Keshpur,Jagannathpur,Tapuria,Paschimpara,1342958,6402410,420064637,Deep Tubewell,Ground Water,PASCHIMPARA,GRAM PANCHAYAT,2013-2014,0.75,0.75,10-Apr-13,13-Feb-14,03-06-2024
West Bengal,Paschim Medinipur,Keshpur,Jagannathpur,Sahaspur,Sahaspurwakhin,1342962,6402410,420064641,Deep Tubewell,Ground Water,SAHASPURWAKIN,GRAM PANCHAYAT,2013-2014,0.75,0.75,10-Apr-13,13-Feb-14,03-06-2024
West Bengal,Paschim Medinipur,Keshpur,Jagannathpur,Siddeshwari,Shideswari Adakpara,1342955,6402410,420064638,Deep Tubewell,Ground Water,ADAK PARA,GRAM PANCHAYAT,2013-2014,0.75,0.75,10-Apr-13,13-Feb-14,03-06-2024
West Bengal,Paschim Medinipur,Keshpur,Jhentla,Banka Bara,Paschimpara,1343629,6402410,420064616,Deep Tubewell,Ground Water,PASCHIMPARA,GRAM PANCHAYAT,2013-2014,0.75,0.75,10-Apr-13,13-Feb-14,03-06-2024
West Bengal,Paschim Medinipur,Keshpur,Jhentla,Gholai,Gholai,1343701,6402806,420065012,Deep Tubewell,Ground Water,GHOLAI,Gram Panchayat,2013-2014,0.75,0.75,12-Apr-13,25-Feb-14,03-06-2024
West Bengal,Paschim Medinipur,Keshpur,Jhentla,Harina,Madhyapara,1343696,6402806,420065002,Deep Tubewell,Ground Water,MADHYAPARA,Gram Panchayat,2013-2014,0.75,0.75,12-Apr-13,25-Feb-14,03-06-2024
West Bengal,Paschim Medinipur,Keshpur,Jhentla,Gurur Gohal,Gurur Gohal,1766820,6402806,420065004,Deep Tubewell,Ground Water,GURUR GOHAL,Gram Panchayat,2013-2014,0.75,0.75,12-Apr-13,25-Feb-14,03-06-2024
West Bengal,Paschim Medinipur,Keshpur,Jhentla,Gotgerya,Gotegeria Sankardoloipara,1343418,6402806,420065009,Deep Tubewell,Ground Water,SANKARADOLOIPARA,Gram Panchayat,2013-2014,0.75,0.75,12-Apr-13,25-Feb-14,03-06-2024
West Bengal,Paschim Medinipur,Keshpur,Jhentla,Juarya,Adbani Para,1343617,6402914,420065083,Deep Tubewell,Ground Water,ABANIPARA,Gram Panchayat,2013-2014,0.75,0.75,06-Apr-13,12-Feb-14,03-06-2024
West Bengal,Paschim Medinipur,Keshpur,Jhentla,Kalaberya,Kalaberya,1766840,6402914,420065080,Deep Tubewell,Ground Water,KALABERYA,Gram Panchayat,2013-2014,0.75,0.75,06-Apr-13,12-Feb-14,03-06-2024
West Bengal,Paschim Medinipur,Keshpur,Jhentla,Manjuria,"Majuria - ,mallickpara",1343636,6403031,420065238,Deep Tubewell,Ground Water,MALLICKPARA,GRAM PANCHAYAT,2013-2014,0.75,0.75,12-Apr-13,25-Jan-14,03-06-2024
West Bengal,Paschim Medinipur,Keshpur,Jhentla,Mandaria,Busi Danga,1343625,6403031,420065233,Deep Tubewell,Ground Water,BUSI DANGA,GRAM PANCHAYAT,2013-2014,0.75,0.75,12-Apr-13,25-Jan-14,03-06-2024
West Bengal,Paschim Medinipur,Keshpur,Jhentla,Maisha,Majipara,1343648,6403031,420065230,Deep Tubewell,Ground Water,MAJIPARA,GRAM PANCHAYAT,2013-2014,0.75,0.75,12-Apr-13,25-Jan-14,03-06-2024
West Bengal,Paschim Medinipur,Keshpur,Jhentla,Nijmanta,Nijmanta,1343660,6403117,420065423,Deep Tubewell,Ground Water,NIJMANTA,GRAM PANCHAYAT,2013-2014,0.75,0.75,12-Apr-13,25-Jan-14,03-06-2024
West Bengal,Paschim Medinipur,Keshpur,Jhentla,Pindra Gerya,Pinbrageria,1343689,6403117,420065415,Deep Tubewell,Ground Water,PINBRAGERIA,GRAM PANCHAYAT,2013-2014,0.75,0.75,12-Apr-13,25-Jan-14,03-06-2024
West Bengal,Paschim Medinipur,Keshpur,Jorakeudi Solidiha,Dotal,Dantan,1342632,6403207,420065606,Deep Tubewell,Ground Water,DANTAN,Gram Panchayat,2013-2014,0.75,0.75,25-May-13,12-Dec-13,03-06-2024
West Bengal,Paschim Medinipur,Keshpur,Jorakeudi Solidiha,Kenja Para,Mahatopara,1342580,6403430,420065827,Deep Tubewell,Ground Water,MAHATOPARA,GRAM PANCHAYAT,2013-2014,0.82,0.82,12-May-13,14-Dec-13,03-06-2024
West Bengal,Paschim Medinipur,Keshpur,Jorakeudi Solidiha,Naya Gram,Payagram Pakhrapara,1342566,6403430,420065822,Deep Tubewell,Ground Water,PAYAGRAM PAKHRAPARA,GRAM PANCHAYAT,2013-2014,0.82,0.82,12-May-13,14-Dec-13,03-06-2024
West Bengal,Paschim Medinipur,Keshpur,Jorakeudi Solidiha,Shiris Bani,Bisaipara,1342635,6403969,420066498,Deep Tubewell,Ground Water,BISAIPARA,Gram Panchayet,2013-2014,0.72,0.72,15-Apr-13,21-Sep-14,03-06-2024
West Bengal,Paschim Medinipur,Keshpur,Jorakeudi Solidiha,Saishol,Kacharipara,1342593,6403969,420066506,Deep Tubewell,Ground Water,KACHARIPARA,Gram Panchayet,2013-2014,0.72,0.72,15-Apr-13,21-Sep-14,03-06-2024
West Bengal,Paschim Medinipur,Keshpur,Jorakeudi Solidiha,Junpara,Jonpara Mahatopara,1342630,6437776,420233315,Deep Tubewell,Ground Water,Junepara,Construction of Rig Bored tube well Spot Sources fitted with India Mark  II hand pump in different Blocks of Paschim Medinipur District 600 No TWs,2013-2014,480,436.36,01-Apr-13,03-May-23,03-06-2024
West Bengal,Paschim Medinipur,Keshpur,Jorakeudi Solidiha,Jaypur,Joypur Majipara,1342628,6690866,420094412,Deep Tubewell,Ground Water,School,Gram Panchayat,2014-2015,0.8,0.8,02-May-14,20-May-14,03-06-2024
West Bengal,Paschim Medinipur,Keshpur,Jorakeudi Solidiha,Saiyadbali,Syedbali Middyapara,1342620,6690866,420094411,Deep Tubewell,Ground Water,Sakti Midya,Gram Panchayat,2014-2015,0.8,0.8,02-May-14,20-May-14,03-06-2024
West Bengal,Paschim Medinipur,Keshpur,Jorakeudi Solidiha,Bhaturia,Bhaturia,1342577,6690866,420094414,Deep Tubewell,Ground Water,S.S.K.,Gram Panchayat,2014-2015,0.8,0.8,02-May-14,20-May-14,03-06-2024
West Bengal,Paschim Medinipur,Keshpur,Jorakeudi Solidiha,Urami,Urami Road,1342573,6690866,420094416,Deep Tubewell,Ground Water,Primary School,Gram Panchayat,2014-2015,0.8,0.8,02-May-14,20-May-14,03-06-2024
West Bengal,Paschim Medinipur,Keshpur,Jorakeudi Solidiha,Shiris Bani,Bisaipara,1342635,6845174,420118673,Deep Tubewell,Ground Water,Sadhan Mahato,Gram Panchayat,2014-2015,0.84,0.84,14-May-14,12-Jun-14,03-06-2024
West Bengal,Paschim Medinipur,Keshpur,Amrakuchi,Amrakuchi,Dolaipara,1343152,8374175,420019504,Deep Tubewell,Ground Water,Dolai Para,SM/08872 RETROFITTING OF AMRAKUCHI W/S SCHEME,2020-2021,82.3,25.54271,10-Sep-21,03-May-23,03-06-2024
West Bengal,Paschim Medinipur,Keshpur,Enayetpur,Enayat Pur,Enayetpur Thakurerpara,1343766,1989449,1763178,Deep Tubewell,Ground Water,Anitpur,Anitpur,2009-2010,0.59,0.59,01-Apr-09,03-Apr-09,03-06-2024
West Bengal,Paschim Medinipur,Keshpur,Enayetpur,Ghosh Diha,Ghoshdina Janapara,1343760,4938136,4859021,Deep Tubewell,Ground Water,ghoshdiha Pr. school,ghoshdiha pr school,2012-2013,1,1,01-Jul-12,31-Mar-13,03-06-2024
West Bengal,Paschim Medinipur,Keshpur,Amrakuchi,Santarya,Santaria,1343111,6071193,420224798,Deep Tubewell,Ground Water,Santaria ICDS,Cretion of drinking water source at Source Less Anganwadi Centers in Govt. Premises within different Blocks in paschim medinipur district,2013-2014,96.59,96.59,02-Jul-13,30-Aug-17,03-06-2024
West Bengal,Paschim Medinipur,Keshpur,Anandapur,Anandapur,Chak Bazar,1343201,6071193,420251579,Deep Tubewell,Ground Water,Natun Bazar ICDS,Cretion of drinking water source at Source Less Anganwadi Centers in Govt. Premises within different Blocks in paschim medinipur district,2013-2014,96.59,96.59,02-Jul-13,30-Aug-17,03-06-2024
West Bengal,Paschim Medinipur,Keshpur,Enayetpur,Mirpur,Mirpur Mallickpara,1343788,6071193,420251583,Deep Tubewell,Ground Water,Mirpur ICDS,Cretion of drinking water source at Source Less Anganwadi Centers in Govt. Premises within different Blocks in paschim medinipur district,2013-2014,96.59,96.59,02-Jul-13,30-Aug-17,03-06-2024
West Bengal,Paschim Medinipur,Keshpur,Enayetpur,Paharchak,Paharchak Adibasipara,1343739,6352980,420036274,Deep Tubewell,Ground Water,Lakhikanta Das,Gram Panchayat,2013-2014,0.8,0.8,12-May-13,11-Apr-17,03-06-2024
West Bengal,Paschim Medinipur,Keshpur,Enayetpur,Rasunchak,Rasunchak,1343738,6353017,420036284,Deep Tubewell,Ground Water,Shambhu Hemrom,Gram Panchayat,2013-2014,0.7,0.7,20-May-13,05-Apr-17,03-06-2024
West Bengal,Paschim Medinipur,Keshpur,Enayetpur,Rasunchak,Rasunchak,1343738,6353057,420036337,Deep Tubewell,Ground Water,kisan Hemrom,Gram Panchayat,2013-2014,0.7,0.7,12-May-13,11-Apr-17,03-06-2024
West Bengal,Paschim Medinipur,Keshpur,Enayetpur,Nurketu,Nurketu Dolaipara,1343754,6354136,420036734,Deep Tubewell,Ground Water,INTAJ ALI,GRAM PANCHAYAT,2013-2014,0.8,0.8,23-Apr-13,12-Feb-14,03-06-2024
West Bengal,Paschim Medinipur,Keshpur,Enayetpur,Ghosh Diha,Ghoshdina Janapara,1343760,6388552,420053258,Deep Tubewell,Ground Water,High School,Gram Panchayat,2013-2014,0.7,0.7,25-Apr-13,24-Feb-14,03-06-2024
West Bengal,Paschim Medinipur,Keshpur,Enayetpur,Ghosh Diha,Ghoshdina Janapara,1343760,6388552,420053263,Deep Tubewell,Ground Water,Purnakaran Babu,Gram Panchayat,2013-2014,0.7,0.7,25-Apr-13,24-Feb-14,03-06-2024
West Bengal,Paschim Medinipur,Keshpur,Enayetpur,Chotta Pasha,Kumaripara,1343756,6389292,420053742,Deep Tubewell,Ground Water,Nabab Ali,GRAM PANCHAYAT,2013-2014,0.7,0.7,12-Apr-13,25-Feb-14,03-06-2024
West Bengal,Paschim Medinipur,Keshpur,Enayetpur,Chotta Pasha,Chatopansa,1343755,6389957,420054069,Deep Tubewell,Ground Water,Nabaranjan Bhunia,Gram Panchayat,2013-2014,0.7,0.7,12-Apr-13,25-Feb-14,03-06-2024
West Bengal,Paschim Medinipur,Keshpur,Dhalhara,Bagagerya,Dompara,1343780,6401296,420063217,Deep Tubewell,Ground Water,DOMPARA,Gram Panchayet,2013-2014,0.8,0.8,25-Apr-13,12-Dec-14,03-06-2024
West Bengal,Paschim Medinipur,Keshpur,Jhentla,Pindra Gerya,Bartalapara,1343765,6403117,420065416,Deep Tubewell,Ground Water,BARTALAPARA,GRAM PANCHAYAT,2013-2014,0.75,0.75,12-Apr-13,25-Jan-14,03-06-2024
West Bengal,Paschim Medinipur,Keshpur,Jhentla,Manta,Churijeria,1343668,6403117,420065432,Deep Tubewell,Ground Water,CHURIAJERIA,GRAM PANCHAYAT,2013-2014,0.75,0.75,12-Apr-13,25-Jan-14,03-06-2024
West Bengal,Paschim Medinipur,Keshpur,Sarishakhola,Sarisha Khola,Khansherif Para,1343471,6823272,420106644,Deep Tubewell,Ground Water,Sofibul Mollick,Gram Panchayat,2014-2015,0.8,0.8,12-May-14,04-Apr-17,03-06-2024
West Bengal,Paschim Medinipur,Keshpur,Dhalhara,Doge Chhya,Paschim Para,1343530,6823295,420106673,Deep Tubewell,Ground Water,Mohommad Hosen,Gram Panchayat,2014-2015,0.8,0.8,14-May-14,02-Jun-14,03-06-2024
West Bengal,Paschim Medinipur,Keshpur,Dhalhara,Arjuni,Arjuni,1343543,6823295,420106677,Deep Tubewell,Ground Water,Gopal Shie,Gram Panchayat,2014-2015,0.8,0.8,14-May-14,02-Jun-14,03-06-2024
West Bengal,Paschim Medinipur,Keshpur,Anandapur,Ranpara,Kaji Para,1343249,6823295,420106663,Deep Tubewell,Ground Water,Abu Salem,Gram Panchayat,2014-2015,0.8,0.8,14-May-14,02-Jun-14,03-06-2024
West Bengal,Paschim Medinipur,Keshpur,Anandapur,Ranpara,Kaji Para,1343249,6823295,420106664,Deep Tubewell,Ground Water,Muksud Babu,Gram Panchayat,2014-2015,0.8,0.8,14-May-14,02-Jun-14,03-06-2024
West Bengal,Paschim Medinipur,Keshpur,Kalagram,Uchahar,Chak,1343367,6823388,420106722,Deep Tubewell,Ground Water,Sajat mallick,Gram Panchayat,2014-2015,0.78,0.78,07-May-14,25-May-14,03-06-2024
West Bengal,Paschim Medinipur,Keshpur,Kalagram,Uchahar,Sekher Pukur,1343368,6823388,420106724,Deep Tubewell,Ground Water,Atabul Rahaman,Gram Panchayat,2014-2015,0.78,0.78,07-May-14,25-May-14,03-06-2024
West Bengal,Paschim Medinipur,Keshpur,Dhalhara,Beucha,Beucha,1343606,6823410,420106762,Deep Tubewell,Ground Water,Krishna Prasad,Gram Panchayat,2014-2015,0.8,0.8,20-Jun-14,10-Jul-14,03-06-2024
West Bengal,Paschim Medinipur,Keshpur,Dhalhara,Salanga,Mondal Para,1343581,6823410,420106760,Deep Tubewell,Ground Water,Kali Mandir,Gram Panchayat,2014-2015,0.8,0.8,20-Jun-14,10-Jul-14,03-06-2024
West Bengal,Paschim Medinipur,Keshpur,Dhalhara,Lakshman Chak,Panja Para,1343582,6823410,420106761,Deep Tubewell,Ground Water,Joyram Panja,Gram Panchayat,2014-2015,0.8,0.8,20-Jun-14,10-Jul-14,03-06-2024
West Bengal,Paschim Medinipur,Keshpur,Amrakuchi,Kapta Bankati,Kaptabankati,1343162,6823410,420106751,Deep Tubewell,Ground Water,Sudhir Mana,Gram Panchayat,2014-2015,0.8,0.8,20-Jun-14,10-Jul-14,03-06-2024
West Bengal,Paschim Medinipur,Keshpur,Amrakuchi,Kumira,Sant Para,1343113,6823410,420106750,Deep Tubewell,Ground Water,Montu Ghosh,Gram Panchayat,2014-2015,0.8,0.8,20-Jun-14,10-Jul-14,03-06-2024
West Bengal,Paschim Medinipur,Keshpur,Amrakuchi,Bagla,Sadarpara,1343120,6823410,420106752,Deep Tubewell,Ground Water,Jiten Sing,Gram Panchayat,2014-2015,0.8,0.8,20-Jun-14,10-Jul-14,03-06-2024
West Bengal,Paschim Medinipur,Keshpur,Anandapur,Bhagirath Bar,Ghoshpara,1343233,6845174,420118679,Deep Tubewell,Ground Water,Jagapukur Par,Gram Panchayat,2014-2015,0.84,0.84,14-May-14,12-Jun-14,03-06-2024
West Bengal,Paschim Medinipur,Keshpur,Jorakeudi Solidiha,Sholdiha,Salidiha Ranapara,1342611,6845174,420118669,Deep Tubewell,Ground Water,Badal Doloi,Gram Panchayat,2014-2015,0.84,0.84,14-May-14,12-Jun-14,03-06-2024
West Bengal,Paschim Medinipur,Keshpur,Jorakeudi Solidiha,Kakta Bahadur Nagar,.aktabahadurnagar Bhoniapara,1342603,6845174,420118667,Deep Tubewell,Ground Water,Asok Bakali,Gram Panchayat,2014-2015,0.84,0.84,14-May-14,12-Jun-14,03-06-2024
West Bengal,Paschim Medinipur,Keshpur,Teghori,Kharpuri,Khapari Madhapara,1343029,6845184,420118695,Deep Tubewell,Ground Water,Khapuri Primary School,Gram Panchayat,2014-2015,0.84,0.84,14-May-14,12-Jun-14,03-06-2024
West Bengal,Paschim Medinipur,Keshpur,Teghori,Amla Bani,Amlaboni Madhyapara,1343031,6845184,420118691,Deep Tubewell,Ground Water,Habal Bhunia,Gram Panchayat,2014-2015,0.84,0.84,14-May-14,12-Jun-14,03-06-2024
West Bengal,Paschim Medinipur,Keshpur,Teghori,Kontai,Janapara,1343054,6845184,420118693,Deep Tubewell,Ground Water,Milan Doloi,Gram Panchayat,2014-2015,0.84,0.84,14-May-14,12-Jun-14,03-06-2024
West Bengal,Paschim Medinipur,Keshpur,Kalagram,Amlada,Mallickpara,1343393,6845184,420118710,Deep Tubewell,Ground Water,Latib Mallick,Gram Panchayat,2014-2015,0.84,0.84,14-May-14,12-Jun-14,03-06-2024
West Bengal,Paschim Medinipur,Keshpur,Kalagram,Amlada,Mallickpara,1343393,6845184,420118715,Deep Tubewell,Ground Water,Sk Ashadul,Gram Panchayat,2014-2015,0.84,0.84,14-May-14,12-Jun-14,03-06-2024
West Bengal,Paschim Medinipur,Keshpur,Mugbasan,Chandpur,Chandpur,1766931,6845190,420118729,Deep Tubewell,Ground Water,Irsad Ali,Gram Panchayat,2014-2015,0.82,0.82,15-Jun-14,12-Jul-14,03-06-2024
West Bengal,Paschim Medinipur,Keshpur,Mugbasan,Kulibahara,Kulbahara,1342899,6845190,420118730,Deep Tubewell,Ground Water,I.C.D.S.,Gram Panchayat,2014-2015,0.82,0.82,15-Jun-14,12-Jul-14,03-06-2024
West Bengal,Paschim Medinipur,Keshpur,Mugbasan,Kulibahara,Kulbahara,1342899,6845190,420118731,Deep Tubewell,Ground Water,C.P.I.(M) Party Office,Gram Panchayat,2014-2015,0.82,0.82,15-Jun-14,12-Jul-14,03-06-2024
West Bengal,Paschim Medinipur,Keshpur,Teghori,Palbani,Palbani,1343045,6853701,420123532,Deep Tubewell,Ground Water,I.C.D.S.,Gram Panchayat,2014-2015,0.8,0.8,02-Jun-14,28-Jun-14,03-06-2024
West Bengal,Paschim Medinipur,Keshpur,Enayetpur,Bishwanath Pur,Biswanathpur Hemrompara,1343823,6858416,420126637,Deep Tubewell,Ground Water,Joru Rana,Gram Panchayat,2014-2015,0.84,0.84,10-Jun-14,11-Apr-17,03-06-2024
West Bengal,Paschim Medinipur,Keshpur,Sirsa,Maharajpur,Maharajpur,1342636,6858943,420127022,Deep Tubewell,Ground Water,Chandicharan Karak,Gram Panchayat,2014-2015,0.84,0.84,06-Jul-14,25-Jul-14,03-06-2024
West Bengal,Paschim Medinipur,Keshpur,Sirsa,Gopinathpur,Majipara,1342643,6858943,420127017,Deep Tubewell,Ground Water,Primary School(inside),Gram Panchayat,2014-2015,0.84,0.84,06-Jul-14,25-Jul-14,03-06-2024
West Bengal,Paschim Medinipur,Keshpur,Jagannathpur,Hindal Bar,Hindalbar,1342959,6858953,420127051,Deep Tubewell,Ground Water,Sub Health Centre,Gram Panchayat,2014-2015,0.8,0.8,06-Jul-14,28-Jul-14,03-06-2024
West Bengal,Paschim Medinipur,Keshpur,Jagannathpur,Siddeshwari,Shideswari Adakpara,1342955,6858953,420127047,Deep Tubewell,Ground Water,Prabhat Adak,Gram Panchayat,2014-2015,0.8,0.8,06-Jul-14,28-Jul-14,03-06-2024
West Bengal,Paschim Medinipur,Keshpur,Enayetpur,Gopinathpur,Mandirpara,1343833,6858962,420127057,Deep Tubewell,Ground Water,Shitala Mandir,Gram Panchayat,2014-2015,0.8,0.8,12-Jun-14,28-Jun-14,03-06-2024
West Bengal,Paschim Medinipur,Keshpur,Enayetpur,Ferura,Murmupara,1343855,6858962,420127066,Deep Tubewell,Ground Water,Shitala Mandir,Gram Panchayat,2014-2015,0.8,0.8,12-Jun-14,28-Jun-14,03-06-2024
West Bengal,Paschim Medinipur,Keshpur,Sirsa,Lalte Hari,Laltehari Singhpara,1342677,6859051,420127080,Deep Tubewell,Ground Water,Nimai Doloi,Gram Panchayat,2014-2015,0.8,0.8,02-Jul-14,30-Jul-14,03-06-2024
West Bengal,Paschim Medinipur,Keshpur,Sirsa,Lalte Hari,Laltehari Singhpara,1342677,6859051,420127081,Deep Tubewell,Ground Water,Primary School,Gram Panchayat,2014-2015,0.8,0.8,02-Jul-14,30-Jul-14,03-06-2024
West Bengal,Paschim Medinipur,Keshpur,Sirsa,Begun Bari,Begumbari,1342674,6859051,420127077,Deep Tubewell,Ground Water,Bipad Doloi,Gram Panchayat,2014-2015,0.8,0.8,02-Jul-14,30-Jul-14,03-06-2024
West Bengal,Paschim Medinipur,Keshpur,Sirsa,Maharajpur,Maharajpur,1342636,6859051,420127092,Deep Tubewell,Ground Water,Junior High School,Gram Panchayat,2014-2015,0.8,0.8,02-Jul-14,30-Jul-14,03-06-2024
West Bengal,Paschim Medinipur,Keshpur,Sirsa,Khari Gerya,Dakshinpara,1342854,6859052,420127101,Deep Tubewell,Ground Water,S.S.K.,Gram Panchayat,2014-2015,0.8,0.8,02-Jul-14,28-Jul-14,03-06-2024
West Bengal,Paschim Medinipur,Keshpur,Sirsa,Akmura,Pakhirapara,1342659,6859960,420127476,Deep Tubewell,Ground Water,Nimai Pakhira,Gram Panchayat,2014-2015,0.84,0.84,06-Jun-14,25-Jun-14,03-06-2024
West Bengal,Paschim Medinipur,Keshpur,Amanpur,Askanda,Askanda Dolaipara,1342737,6859963,420127491,Deep Tubewell,Ground Water,Jagannath Doloi,Gram Panchayat,2014-2015,0.84,0.84,12-Jun-14,29-Jun-14,03-06-2024
West Bengal,Paschim Medinipur,Keshpur,Teghori,Dudiabandi,Dudiabandhi Uporpara,1343027,6861674,420128663,Deep Tubewell,Ground Water,Panchu Doloi,Gram Panchayat,2014-2015,0.84,0.84,06-Jul-14,20-Jul-14,03-06-2024
West Bengal,Paschim Medinipur,Keshpur,Teghori,Kontai,Dalbera Madhya,1343050,6861674,420128661,Deep Tubewell,Ground Water,Mohon Gorai,Gram Panchayat,2014-2015,0.84,0.84,06-Jul-14,20-Jul-14,03-06-2024
West Bengal,Paschim Medinipur,Keshpur,Enayetpur,Badar,Singh Para,1343848,6867874,420133225,Deep Tubewell,Ground Water,Ananta  Pradhan,Gram Panchayat,2014-2015,0.82,0.82,12-Aug-14,28-Aug-14,03-06-2024
West Bengal,Paschim Medinipur,Keshpur,Enayetpur,Gopinathpur,Mandirpara,1343833,6867874,420133220,Deep Tubewell,Ground Water,Jagannath Mandir,Gram Panchayat,2014-2015,0.82,0.82,12-Aug-14,28-Aug-14,03-06-2024
West Bengal,Paschim Medinipur,Keshpur,Anandapur,Anandapur,Gayan Para,1343216,6884351,420139569,Deep Tubewell,Ground Water,Anandapur Primary School,Gram Panchayat,2014-2015,0.84,0.84,08-Aug-14,28-Aug-14,03-06-2024
West Bengal,Paschim Medinipur,Keshpur,Anandapur,Anandapur,Hari Para,1343197,6884402,420139589,Deep Tubewell,Ground Water,Anandapur high School(out side),Gram Panchayat,2014-2015,0.84,0.84,12-Aug-14,02-Sep-14,03-06-2024
West Bengal,Paschim Medinipur,Keshpur,Anandapur,Anandapur,Bankata Bandhar,1343183,6884402,420139587,Deep Tubewell,Ground Water,Sk Kalu,Gram Panchayat,2014-2015,0.84,0.84,12-Aug-14,02-Sep-14,03-06-2024
West Bengal,Paschim Medinipur,Keshpur,Anandapur,Anandapur,Bankata Masjidpara,1343184,6884402,420139590,Deep Tubewell,Ground Water,Jokar Par,Gram Panchayat,2014-2015,0.84,0.84,12-Aug-14,02-Sep-14,03-06-2024
West Bengal,Paschim Medinipur,Keshpur,Amrakuchi,Panchami,Panchami Mirpara,1343136,6884442,420139618,Deep Tubewell,Ground Water,Rejjak Khan,Gram Panchayat,2014-2015,0.84,0.84,12-Aug-14,10-Sep-14,03-06-2024
West Bengal,Paschim Medinipur,Keshpur,Enayetpur,Malyan,Malyan,1766765,6402018,420064160,Deep Tubewell,Ground Water,MALYAN PARA,Gram Panchayat,2013-2014,0.75,0.75,21-Apr-13,15-Dec-14,03-06-2024
West Bengal,Paschim Medinipur,Keshpur,Enayetpur,Dhoba Gerya,Uttaradibasipara,1343797,6402018,420064184,Deep Tubewell,Ground Water,UTTAR DIBASIPARA,Gram Panchayat,2013-2014,0.75,0.75,21-Apr-13,15-Dec-14,03-06-2024
West Bengal,Paschim Medinipur,Keshpur,Enayetpur,Dhoba Gerya,Dakhin Adibasipara,1343798,6402018,420064185,Deep Tubewell,Ground Water,DAKHIN ADIBASIPARA,Gram Panchayat,2013-2014,0.75,0.75,21-Apr-13,15-Dec-14,03-06-2024
West Bengal,Paschim Medinipur,Keshpur,Enayetpur,Ganadiha,Murmupara,1343803,6402018,420064173,Deep Tubewell,Ground Water,MURMUPARA,Gram Panchayat,2013-2014,0.75,0.75,21-Apr-13,15-Dec-14,03-06-2024
West Bengal,Paschim Medinipur,Keshpur,Golarh,Konan,Dakshinpara,1342805,6402061,420064258,Deep Tubewell,Ground Water,DAKSHINPARA,Gram Panchayat,2013-2014,0.8,0.8,12-Apr-13,25-Dec-14,03-06-2024
West Bengal,Paschim Medinipur,Keshpur,Golarh,Khagra Gerya,Ghoshpara,1342684,6402061,420064259,Deep Tubewell,Ground Water,GHOSHPARA,Gram Panchayat,2013-2014,0.8,0.8,12-Apr-13,25-Dec-14,03-06-2024
West Bengal,Paschim Medinipur,Keshpur,Golarh,Bhagaban Chak,Bhagabanchak - Dalaipara,1342864,6402061,420064280,Deep Tubewell,Ground Water,DOLAIPARA,Gram Panchayat,2013-2014,0.8,0.8,12-Apr-13,25-Dec-14,03-06-2024
West Bengal,Paschim Medinipur,Keshpur,Golarh,Bera Beria,Alipara,1342860,6402061,420064283,Deep Tubewell,Ground Water,ALIPARA,Gram Panchayat,2013-2014,0.8,0.8,12-Apr-13,25-Dec-14,03-06-2024
West Bengal,Paschim Medinipur,Keshpur,Golarh,Bera Beria,Bara Berya,1342858,6402061,420064282,Deep Tubewell,Ground Water,BARA BERYA,Gram Panchayat,2013-2014,0.8,0.8,12-Apr-13,25-Dec-14,03-06-2024
West Bengal,Paschim Medinipur,Keshpur,Golarh,Amli Gerya,Amligerya,1766769,6402061,420064285,Deep Tubewell,Ground Water,AMLIGERIA,Gram Panchayat,2013-2014,0.8,0.8,12-Apr-13,25-Dec-14,03-06-2024
West Bengal,Paschim Medinipur,Keshpur,Golarh,Srimanta Bar,Srimanta Bar,1766776,6402324,420064501,Deep Tubewell,Ground Water,SRIMANTA BAR,GRAM PANCHAYAT,2013-2014,0.75,0.75,12-Apr-13,25-Dec-13,03-06-2024
West Bengal,Paschim Medinipur,Keshpur,Jagannathpur,Dara,Dara,1342953,6402373,420064569,Deep Tubewell,Ground Water,DARA,GRAM PANCHAYAT,2013-2014,0.75,0.75,12-Apr-13,26-Feb-14,03-06-2024
West Bengal,Paschim Medinipur,Keshpur,Jagannathpur,Dalang,Shibmadarpara,1342973,6402373,420064570,Deep Tubewell,Ground Water,SHIBMADAR PARA,GRAM PANCHAYAT,2013-2014,0.75,0.75,12-Apr-13,26-Feb-14,03-06-2024
West Bengal,Paschim Medinipur,Keshpur,Amrakuchi,Panchami,Panchami Mirpara,1343136,7132385,420206314,Deep Tubewell,Ground Water,Mir Nur Mahammad,Gram Panchayet,2015-2016,0.84,0.84,02-Mar-15,25-Mar-15,03-06-2024
West Bengal,Paschim Medinipur,Keshpur,Kalagram,Gopinath Bati,Gopinathbati - Mallickpara,1343374,7132385,420206324,Deep Tubewell,Ground Water,Subhas Mallick,Gram Panchayet,2015-2016,0.84,0.84,02-Mar-15,25-Mar-15,03-06-2024
West Bengal,Paschim Medinipur,Keshpur,Kalagram,Chandan Gerya,Chandangoria,1343372,7132385,420206315,Deep Tubewell,Ground Water,Sk Riajul,Gram Panchayet,2015-2016,0.84,0.84,02-Mar-15,25-Mar-15,03-06-2024
West Bengal,Paschim Medinipur,Keshpur,Kalagram,Birbira,Mallickpara,1343339,7132385,420206316,Deep Tubewell,Ground Water,Rahim Mallick,Gram Panchayet,2015-2016,0.84,0.84,02-Mar-15,25-Mar-15,03-06-2024
West Bengal,Paschim Medinipur,Keshpur,Amanpur,Eluni,Eloni Mondalpara,1342776,7140830,420207075,Deep Tubewell,Ground Water,Khokon Koyla,Gram Panchayet,2015-2016,0.84,0.84,02-Mar-15,28-Mar-15,03-06-2024
West Bengal,Paschim Medinipur,Keshpur,Amanpur,Jadupur,Jadupur Shivmandir,1342730,7140830,420207072,Deep Tubewell,Ground Water,Kartik Patra,Gram Panchayet,2015-2016,0.84,0.84,02-Mar-15,28-Mar-15,03-06-2024
West Bengal,Paschim Medinipur,Keshpur,Amrakuchi,Kumira,Sant Para,1343113,7140831,420207090,Deep Tubewell,Ground Water,Mantu Ghosh,Gram Panchayet,2015-2016,0.84,0.84,02-Mar-15,28-Mar-15,03-06-2024
West Bengal,Paschim Medinipur,Keshpur,Kalagram,Kanpur,Dolaipara,1811551,7214185,420208590,Deep Tubewell,Ground Water,Naba Kumar Doloi,Gram Panchayet,2015-2016,0.86,0.86,02-Apr-15,10-May-15,03-06-2024
West Bengal,Paschim Medinipur,Keshpur,Amanpur,Chena Pat,Chiapat Chitrapat,1342784,7219141,420208826,Deep Tubewell,Ground Water,Kingkor Ghosh,Gram Panchayet,2015-2016,0.86,0.86,05-Apr-15,01-May-15,03-06-2024
West Bengal,Paschim Medinipur,Keshpur,Enayetpur,Kapash Tikri,Letarpara,1343774,7219163,420208833,Deep Tubewell,Ground Water,Rampada Bag,Gram Panchayet,2015-2016,0.86,0.86,02-Apr-15,10-Apr-15,03-06-2024
West Bengal,Paschim Medinipur,Keshpur,Teghori,Dudiabandi,Dudiabandhi Uporpara,1343027,7294636,420210107,Deep Tubewell,Ground Water,Felu Rana,Gram Panchayet,2015-2016,0.8,0.8,02-Apr-15,26-Apr-15,03-06-2024
West Bengal,Paschim Medinipur,Keshpur,Amrakuchi,Amrakuchi,Amrakuchi Baipara,1343150,7295064,420212411,Deep Tubewell,Ground Water,AMRAKUCHI JR. HIGH UPRY.,Sinking of 85 eighty five Nos India  Mark II tubewell at Sourceless Schools  under Paschim Medinipur District,2015-2016,184.99,80,26-Aug-15,28-Jul-17,03-06-2024
West Bengal,Paschim Medinipur,Keshpur,Keshpur,Keshpur,Paschimpara,1343270,7295064,420210230,Deep Tubewell,Ground Water,BELDOBA JR. HIGH UPRY.,Sinking of 85 eighty five Nos India  Mark II tubewell at Sourceless Schools  under Paschim Medinipur District,2015-2016,184.99,80,26-Aug-15,28-Jul-17,03-06-2024
West Bengal,Paschim Medinipur,Keshpur,Amanpur,Jadubar,Jadubarh Malderpara,1342724,7295851,420210265,Deep Tubewell,Ground Water,Dipak Ghosh,Garam Panchayet,2015-2016,0.8,0.8,05-May-15,28-May-15,03-06-2024
West Bengal,Paschim Medinipur,Keshpur,Kalagram,Kana Khali,Mandirpara,1343348,7299163,420210426,Deep Tubewell,Ground Water,Jugol Hazra,Gram Panchayet,2015-2016,0.8,0.8,05-May-15,30-May-15,03-06-2024
West Bengal,Paschim Medinipur,Keshpur,Kalagram,Kana Khali,Mandirpara,1343348,7299163,420210425,Deep Tubewell,Ground Water,Arjun Dolui,Gram Panchayet,2015-2016,0.8,0.8,05-May-15,30-May-15,03-06-2024
West Bengal,Paschim Medinipur,Keshpur,Anandapur,Ranpara,Ranipara - Madhyapara,1343248,7304466,420210903,Deep Tubewell,Ground Water,I.C.D.S.,Gram Panchayet,2015-2016,0.8,0.8,02-May-15,22-May-15,03-06-2024
West Bengal,Paschim Medinipur,Keshpur,Anandapur,Anandapur,Purba Pali Samantapara,1343211,7304674,420210954,Deep Tubewell,Ground Water,Felu Ali,Gram Panchayet,2015-2016,0.8,0.8,02-May-15,22-May-15,03-06-2024
West Bengal,Paschim Medinipur,Keshpur,Amanpur,Panch Khuiri,Parapara,1342744,7305133,420211084,Deep Tubewell,Ground Water,Sunil Roy,Gram Panchayet,2015-2016,0.8,0.8,02-May-15,22-May-15,03-06-2024
West Bengal,Paschim Medinipur,Keshpur,Amrakuchi,Kapta Bankati,Kaptabankati,1343162,7306051,420211155,Deep Tubewell,Ground Water,Hamid Mandal,Gram Panchayet,2015-2016,0.8,0.8,02-May-15,22-May-15,03-06-2024
West Bengal,Paschim Medinipur,Keshpur,Amanpur,Karuria,Adibasipara,1342742,7307493,420211554,Deep Tubewell,Ground Water,I.C.D.S.,Gram Panchayet,2015-2016,0.8,0.8,02-May-15,22-May-15,03-06-2024
West Bengal,Paschim Medinipur,Keshpur,Amanpur,Karuria,Adibasipara,1342742,7307493,420211555,Deep Tubewell,Ground Water,Bapi Mandi,Gram Panchayet,2015-2016,0.8,0.8,02-May-15,22-May-15,03-06-2024
West Bengal,Paschim Medinipur,Keshpur,Enayetpur,Ghosh Diha,Ghoshdina Janapara,1343760,7328709,420214728,Deep Tubewell,Ground Water,Bolai Kour,Gram Panchayet,2015-2016,0.8,0.8,04-Jun-15,30-Jul-15,03-06-2024
West Bengal,Paschim Medinipur,Keshpur,Anandapur,Gamaria,Gamaria -chalakpara,1343242,7337146,420232990,Deep Tubewell,Ground Water,Gamaria Rajar danga ICDS,Installation of 225 Nos  India Mark II Tubewell with Solar Power Dual Pumping System to provide drinking water facility in the,2015-2016,854.23,0,23-Sep-15,03-May-23,03-06-2024
West Bengal,Paschim Medinipur,Keshpur,Mugbasan,Mundalika,Mundalika - Dalbara Para,1342921,7351110,420219700,Deep Tubewell,Ground Water,Biddut Khan,Grampanchayet,2015-2016,0.8,0.8,02-Jul-15,10-Aug-15,03-06-2024
West Bengal,Paschim Medinipur,Keshpur,Mugbasan,Amritpur,Gayenpara,1342918,7351110,420219695,Deep Tubewell,Ground Water,Tapash Gayen,Grampanchayet,2015-2016,0.8,0.8,02-Jul-15,10-Aug-15,03-06-2024
West Bengal,Paschim Medinipur,Keshpur,Sirsa,Akmura,Akmura Doloipara,1342655,7351339,420219813,Deep Tubewell,Ground Water,Kartik Haldar,Gram Panchayet,2015-2016,0.8,0.8,15-Jul-15,10-May-17,03-06-2024
West Bengal,Paschim Medinipur,Keshpur,Sirsa,Akmura,Akmura Doloipara,1342655,7351339,420219814,Deep Tubewell,Ground Water,Road Side,Gram Panchayet,2015-2016,0.8,0.8,15-Jul-15,10-May-17,03-06-2024
West Bengal,Paschim Medinipur,Keshpur,Sirsa,Memua,Memua,1342673,7351339,420219819,Deep Tubewell,Ground Water,M.S.K.,Gram Panchayet,2015-2016,0.8,0.8,15-Jul-15,10-May-17,03-06-2024
West Bengal,Paschim Medinipur,Keshpur,Teghori,Teghari,Madhya Palli,1343062,7352602,420219946,Deep Tubewell,Ground Water,Health Centre,Gram Panchayet,2015-2016,0.8,0.8,04-Jun-15,09-May-17,03-06-2024
West Bengal,Paschim Medinipur,Keshpur,Teghori,Teghari,Paschim Palli,1343063,7352602,420219948,Deep Tubewell,Ground Water,Teghori High School(Out Side),Gram Panchayet,2015-2016,0.8,0.8,04-Jun-15,09-May-17,03-06-2024
West Bengal,Paschim Medinipur,Keshpur,Teghori,Teghari,Paschim Palli,1343063,7352602,420219950,Deep Tubewell,Ground Water,Swapan Chanak,Gram Panchayet,2015-2016,0.8,0.8,04-Jun-15,09-May-17,03-06-2024
West Bengal,Paschim Medinipur,Keshpur,Teghori,Bara Baruj,Samanta Para,1343091,7352602,420219941,Deep Tubewell,Ground Water,Ajit Samanta,Gram Panchayet,2015-2016,0.8,0.8,04-Jun-15,09-May-17,03-06-2024
West Bengal,Paschim Medinipur,Keshpur,Sarishakhola,Sarisha Khola,Salnahal,1343478,7352701,420219993,Deep Tubewell,Ground Water,High School,Gram Panchayet,2015-2016,0.8,0.8,12-Jun-15,10-Jul-15,03-06-2024
West Bengal,Paschim Medinipur,Keshpur,Sarishakhola,Sarisha Khola,Pastafful Para,1343474,7352701,420219989,Deep Tubewell,Ground Water,High School,Gram Panchayet,2015-2016,0.8,0.8,12-Jun-15,10-Jul-15,03-06-2024
West Bengal,Paschim Medinipur,Keshpur,Sarishakhola,Sarisha Khola,Kohinor Para,1343475,7352701,420219990,Deep Tubewell,Ground Water,Jafor Ali,Gram Panchayet,2015-2016,0.8,0.8,12-Jun-15,10-Jul-15,03-06-2024
West Bengal,Paschim Medinipur,Keshpur,Jhentla,Manta,Alipara,1343667,7353758,420220261,Deep Tubewell,Ground Water,Najrat Mallick,Gram Panchayet,2015-2016,0.8,0.8,04-Jun-15,12-Apr-17,03-06-2024
West Bengal,Paschim Medinipur,Keshpur,Sirsa,Lalte Hari,Laltehari Singhpara,1342677,7353774,420220280,Deep Tubewell,Ground Water,Gopal Ghosh,Gram Panchayet,2015-2016,0.8,0.8,04-Jun-15,08-May-17,03-06-2024
West Bengal,Paschim Medinipur,Keshpur,Sirsa,Lalte Hari,Laltehari Singhpara,1342677,7353774,420220281,Deep Tubewell,Ground Water,Kartik Ghosh,Gram Panchayet,2015-2016,0.8,0.8,04-Jun-15,08-May-17,03-06-2024
West Bengal,Paschim Medinipur,Keshpur,Anandapur,Bibekpur,Ghoshpara,1343231,7353921,420220353,Deep Tubewell,Ground Water,M.S.K.,Gram Panchayet,2015-2016,0.8,0.8,04-Jun-15,30-Jul-15,03-06-2024
West Bengal,Paschim Medinipur,Keshpur,Sarishakhola,Akna,Aknakaranpara,1343454,7353921,420220351,Deep Tubewell,Ground Water,Sukumar Karan,Gram Panchayet,2015-2016,0.8,0.8,04-Jun-15,30-Jul-15,03-06-2024
West Bengal,Paschim Medinipur,Keshpur,Amanpur,Eluni,Purba Para,1343307,7353921,420220342,Deep Tubewell,Ground Water,Subal Ghosh,Gram Panchayet,2015-2016,0.8,0.8,04-Jun-15,30-Jul-15,03-06-2024
West Bengal,Paschim Medinipur,Keshpur,Sarishakhola,Ghoshpur,Mandal Para,1343466,7358350,420223335,Deep Tubewell,Ground Water,Gobinda Mallick,Gram Panchayet,2015-2016,0.8,0.8,04-Jun-15,30-Jul-15,03-06-2024
West Bengal,Paschim Medinipur,Keshpur,Anandapur,Anandapur,Bankata Masjidpara,1343184,7358350,420223329,Deep Tubewell,Ground Water,Mosjid,Gram Panchayet,2015-2016,0.8,0.8,04-Jun-15,30-Jul-15,03-06-2024
West Bengal,Paschim Medinipur,Keshpur,Kalagram,Thaur,Thaur,1766913,7359601,420223699,Deep Tubewell,Ground Water,Ananda Doloi,Gram Panchayet,2015-2016,0.8,0.8,04-Jun-15,12-Aug-15,03-06-2024
West Bengal,Paschim Medinipur,Keshpur,Anandapur,Anandapur,Madhya Paschim Pal Para,1343193,7365681,420225668,Deep Tubewell,Ground Water,Sadhan Beura,Gram Panchayat,2015-2016,0.8,0.8,25-Jul-15,15-Aug-15,03-06-2024
West Bengal,Paschim Medinipur,Keshpur,Teghori,Mathura Bani,Khejurbani,1343044,7365738,420225704,Deep Tubewell,Ground Water,Sanjoy Mudi,Gram Panchayat,2015-2016,0.8,0.8,25-Jul-15,16-Aug-15,03-06-2024
West Bengal,Paschim Medinipur,Keshpur,Golarh,Khagra Gerya,Khasigeria Kolyapara,1342683,6940507,420178836,Deep Tubewell,Ground Water,Sk Islam Ali,Gram Panchayat,2014-2015,0.82,0.82,10-Oct-14,12-Dec-14,03-06-2024
West Bengal,Paschim Medinipur,Keshpur,Golarh,Bera Beria,Alipara,1342860,6940507,420178839,Deep Tubewell,Ground Water,Sk Piar Ali,Gram Panchayat,2014-2015,0.82,0.82,10-Oct-14,12-Dec-14,03-06-2024
West Bengal,Paschim Medinipur,Keshpur,Anandapur,Anandapur,Bankata Office Para,1343181,6941055,420179033,Deep Tubewell,Ground Water,ANANDAPUR..,ANANDAPUR..,2014-2015,0.86,0.86,08-May-14,03-May-23,03-06-2024
West Bengal,Paschim Medinipur,Keshpur,Teghori,Chanda Bila,Chandabila Madhya,1343073,6956896,420183092,Deep Tubewell,Ground Water,S.S.K.,Gram Panchayat,2014-2015,0.82,0.82,15-Dec-14,12-Jan-15,03-06-2024
West Bengal,Paschim Medinipur,Keshpur,Sirsa,Golaugrasanda,Galaugrasanda,1342665,6938882,420178271,Deep Tubewell,Ground Water,Primary School,Gram Panchayat,2014-2015,0.82,0.82,02-Nov-14,30-Dec-14,03-06-2024
West Bengal,Paschim Medinipur,Keshpur,Amrakuchi,Charka,Mallick Para,1343175,6964696,420185188,Deep Tubewell,Ground Water,Sk Farman,Gram Panchayat,2014-2015,0.82,0.82,15-Dec-14,14-Jan-15,03-06-2024
West Bengal,Paschim Medinipur,Keshpur,Amrakuchi,Mukti Chak,Amulia,1343161,6964696,420185183,Deep Tubewell,Ground Water,Dayal Babu,Gram Panchayat,2014-2015,0.82,0.82,15-Dec-14,14-Jan-15,03-06-2024
West Bengal,Paschim Medinipur,Keshpur,Amrakuchi,Mukti Chak,Amulia,1343161,6964696,420185184,Deep Tubewell,Ground Water,Ratan Das,Gram Panchayat,2014-2015,0.82,0.82,15-Dec-14,14-Jan-15,03-06-2024
West Bengal,Paschim Medinipur,Keshpur,Amanpur,Tanthua,Talhua Mondalpara,1342760,6968525,420185681,Deep Tubewell,Ground Water,Kochi Fouzdar,Gram Panchayat,2014-2015,0.82,0.82,15-Dec-14,12-Jan-15,03-06-2024
West Bengal,Paschim Medinipur,Keshpur,Amanpur,Keshur Gerya,Kheshargeria,1342786,6968525,420185690,Deep Tubewell,Ground Water,S.S.K.,Gram Panchayat,2014-2015,0.82,0.82,15-Dec-14,12-Jan-15,03-06-2024
West Bengal,Paschim Medinipur,Keshpur,Amanpur,Keshur Gerya,Majherpara,1342788,6968525,420185689,Deep Tubewell,Ground Water,Jaladhar Palmal,Gram Panchayat,2014-2015,0.82,0.82,15-Dec-14,12-Jan-15,03-06-2024
West Bengal,Paschim Medinipur,Keshpur,Enayetpur,Bishwanath Pur,Doloipara,1343826,6990457,420190101,Deep Tubewell,Ground Water,Biren Doloi,Gram Panchayat,2014-2015,0.8,0.8,10-Jan-15,12-Feb-15,03-06-2024
West Bengal,Paschim Medinipur,Keshpur,Keshpur,Ichhai Pur,Purb Para,1343263,7012047,420192809,Deep Tubewell,Ground Water,Mosjid,Gram Panchayet,2014-2015,0.8,0.8,12-Jan-15,02-Feb-15,03-06-2024
West Bengal,Paschim Medinipur,Keshpur,Keshpur,Ichhai Pur,Purb Para,1343263,7012047,420192815,Deep Tubewell,Ground Water,Aribul Munsi,Gram Panchayet,2014-2015,0.8,0.8,12-Jan-15,02-Feb-15,03-06-2024
West Bengal,Paschim Medinipur,Keshpur,Amanpur,Jadupur,Napitpara,1342731,7019970,420193553,Deep Tubewell,Ground Water,Gajanan Das,Gram Panchayet,2014-2015,0.8,0.8,02-Jan-15,12-Feb-15,03-06-2024
West Bengal,Paschim Medinipur,Keshpur,Amrakuchi,Kharika,Midyapara,1343147,7022343,420193787,Deep Tubewell,Ground Water,I.C.D.S.,Gram Panchayet,2014-2015,0.8,0.8,02-Jan-15,12-Feb-15,03-06-2024
West Bengal,Paschim Medinipur,Keshpur,Amrakuchi,Kharika,Panchamichak,1343149,7022343,420193786,Deep Tubewell,Ground Water,Sadhan Da,Gram Panchayet,2014-2015,0.8,0.8,02-Jan-15,12-Feb-15,03-06-2024
West Bengal,Paschim Medinipur,Keshpur,Kalagram,Bhimpur,Meity Para,1343328,7027263,420194733,Deep Tubewell,Ground Water,Mandir,Gram Panchayet,2014-2015,0.8,0.8,02-Jan-15,12-Feb-15,03-06-2024
West Bengal,Paschim Medinipur,Keshpur,Kalagram,Kanpur,Dolaipara,1811551,7027263,420194727,Deep Tubewell,Ground Water,Ranjit Doloi,Gram Panchayet,2014-2015,0.8,0.8,02-Jan-15,12-Feb-15,03-06-2024
West Bengal,Paschim Medinipur,Keshpur,Amrakuchi,Panchami,Allapara,1343142,7014932,420193017,Deep Tubewell,Ground Water,Sk Nasiruddin,Gram Panchayet,2014-2015,0.8,0.8,02-Jan-15,12-Feb-15,03-06-2024
West Bengal,Paschim Medinipur,Keshpur,Kalagram,Akhra Pota,Sk. Para,1343390,7014932,420193026,Deep Tubewell,Ground Water,Sk Laltu,Gram Panchayet,2014-2015,0.8,0.8,02-Jan-15,12-Feb-15,03-06-2024
West Bengal,Paschim Medinipur,Keshpur,Enayetpur,Rupnarayanpur,Rupnarayanpur Allauddinpara,1343737,7007614,420192440,Deep Tubewell,Ground Water,Alaluddin Babu,Gram Panchayet,2014-2015,0.8,0.8,02-Jan-15,12-Feb-15,03-06-2024
West Bengal,Paschim Medinipur,Keshpur,Enayetpur,Chotta Pasha,Chatopansa,1343755,7050308,420197292,Deep Tubewell,Ground Water,Abu Taher,Gram Panchayet,2014-2015,0.82,0.82,15-Feb-15,10-Mar-15,03-06-2024
West Bengal,Paschim Medinipur,Keshpur,Enayetpur,Brahman Gerya,Bramhangeria Senguptapara,1343792,7050308,420197300,Deep Tubewell,Ground Water,Shashul Tudu,Gram Panchayet,2014-2015,0.82,0.82,15-Feb-15,10-Mar-15,03-06-2024
West Bengal,Paschim Medinipur,Keshpur,Anandapur,Anandapur,Sk. Para,1343214,7070690,420201641,Deep Tubewell,Ground Water,Nepal Babu,Gram Panchayet,2015-2016,0.84,0.84,02-Mar-15,25-Mar-15,03-06-2024
West Bengal,Paschim Medinipur,Keshpur,Kalagram,Gamar Hati,Madhyapara,1343345,7081050,420203901,Deep Tubewell,Ground Water,Kartik Midya,Gram Panchayet,2015-2016,0.82,0.82,02-Mar-15,03-May-17,03-06-2024
West Bengal,Paschim Medinipur,Keshpur,Sirsa,Gopinathpur,Gopinathpur Maitypara,1342642,7082481,420204448,Deep Tubewell,Ground Water,Damodarpur S.S.K.,Gram Panchayet,2015-2016,0.82,0.82,02-Mar-15,12-Apr-17,03-06-2024
West Bengal,Paschim Medinipur,Keshpur,Jagannathpur,Jagannathpur Ayma,Jaganathpurayma Dalberapara,1343001,7083276,420204562,Deep Tubewell,Ground Water,Isna Beltola,Gram Panchayet,2015-2016,0.84,0.84,02-Mar-15,25-Mar-15,03-06-2024
West Bengal,Paschim Medinipur,Keshpur,Jagannathpur,Kheruabali,Kheruabali Uttarpara,1342951,7083276,420204566,Deep Tubewell,Ground Water,Hori Mondir,Gram Panchayet,2015-2016,0.84,0.84,02-Mar-15,25-Mar-15,03-06-2024
West Bengal,Paschim Medinipur,Keshpur,Jagannathpur,Hindal Bar,Hindalbar,1342959,7083276,420204567,Deep Tubewell,Ground Water,Shib Prasad Doloi,Gram Panchayet,2015-2016,0.84,0.84,02-Mar-15,25-Mar-15,03-06-2024
West Bengal,Paschim Medinipur,Keshpur,Dhalhara,Arjuni,Arjuni,1343543,6928652,420173199,Deep Tubewell,Ground Water,S.S.K.,Gram Panchayat,2014-2015,0.82,0.82,06-Oct-14,20-Dec-14,03-06-2024
West Bengal,Paschim Medinipur,Keshpur,Golarh,Palangpur,Palangpur,1342834,6929575,420173637,Deep Tubewell,Ground Water,Shishir Karfa,Gram Panchayat,2014-2015,0.86,0.86,06-Oct-14,25-Dec-14,03-06-2024
West Bengal,Paschim Medinipur,Keshpur,Golarh,Ranjita,Ranjita,1342828,6929575,420173648,Deep Tubewell,Ground Water,Ranjita Mosjid,Gram Panchayat,2014-2015,0.86,0.86,06-Oct-14,25-Dec-14,03-06-2024
West Bengal,Paschim Medinipur,Keshpur,Mugbasan,Tal Nanna,Talnanna Majherpara,1342891,6929645,420173691,Deep Tubewell,Ground Water,Sk Ahamed Ali,Gram Panchayat,2014-2015,0.86,0.86,12-Oct-14,25-Dec-14,03-06-2024
West Bengal,Paschim Medinipur,Keshpur,Mugbasan,Kokapur,Kokapur,1342900,6929645,420173694,Deep Tubewell,Ground Water,Primary School,Gram Panchayat,2014-2015,0.86,0.86,12-Oct-14,25-Dec-14,03-06-2024
West Bengal,Paschim Medinipur,Keshpur,Enayetpur,Bishwanath Pur,Biswanathpur Hemrompara,1343823,6929645,420173702,Deep Tubewell,Ground Water,Dulal Mandal,Gram Panchayat,2014-2015,0.86,0.86,12-Oct-14,25-Dec-14,03-06-2024
West Bengal,Paschim Medinipur,Keshpur,Enayetpur,Bishwanath Pur,Biswanathpur Hemrompara,1343823,6929645,420173703,Deep Tubewell,Ground Water,Banamali Sau,Gram Panchayat,2014-2015,0.86,0.86,12-Oct-14,25-Dec-14,03-06-2024
West Bengal,Paschim Medinipur,Keshpur,Enayetpur,Bishwanath Pur,Tudupara,1343824,6929645,420173698,Deep Tubewell,Ground Water,Gurudas Mandi,Gram Panchayat,2014-2015,0.86,0.86,12-Oct-14,25-Dec-14,03-06-2024
West Bengal,Paschim Medinipur,Keshpur,Mugbasan,Puran Berya,Bag Para,1342941,6931156,420175108,Deep Tubewell,Ground Water,Bankim Samanta,Gram Panchayat,2014-2015,0.82,0.82,02-Oct-14,12-Apr-17,03-06-2024
West Bengal,Paschim Medinipur,Keshpur,Golarh,Langal Dihi,Purbapara,1342863,6931185,420175155,Deep Tubewell,Ground Water,Saheb Khan,Gram Panchayat,2014-2015,0.82,0.82,02-Nov-14,25-Dec-14,03-06-2024
West Bengal,Paschim Medinipur,Keshpur,Teghori,Kontai,Ghoshpara Paschim,1343046,6935939,420234939,Deep Tubewell,Ground Water,Kontai ICDS,Construction of 262 Nos Rig Bored Tubewell Spot Sources fitted with India Mark II hand pump at different sourceless Anganwari Centres located at Govt. Premises SM04899,2014-2015,247.13,364.60493,14-Nov-14,31-Mar-19,03-06-2024
West Bengal,Paschim Medinipur,Keshpur,Anandapur,Nutan Bajar,Natunbazar - Kotalpara,1343254,6935939,420234936,Deep Tubewell,Ground Water,Natun Bazar ICDS,Construction of 262 Nos Rig Bored Tubewell Spot Sources fitted with India Mark II hand pump at different sourceless Anganwari Centres located at Govt. Premises SM04899,2014-2015,247.13,364.60493,14-Nov-14,31-Mar-19,03-06-2024
West Bengal,Paschim Medinipur,Keshpur,Dhalhara,Salanga,Mondal Para,1343581,6935939,420199841,Deep Tubewell,Ground Water,242 No. Lakhmanchak AWC,Construction of 262 Nos Rig Bored Tubewell Spot Sources fitted with India Mark II hand pump at different sourceless Anganwari Centres located at Govt. Premises SM04899,2014-2015,247.13,364.60493,14-Nov-14,31-Mar-19,03-06-2024
West Bengal,Paschim Medinipur,Keshpur,Amrakuchi,Panchami,Mollapara,1343137,6937928,420177909,Deep Tubewell,Ground Water,Saktar Alam,Gram Panchayat,2014-2015,0.83,0.83,02-Nov-14,12-Dec-14,03-06-2024
West Bengal,Paschim Medinipur,Keshpur,Teghori,Chhoto Baruj,Sinjh Para,1343097,6937928,420177917,Deep Tubewell,Ground Water,Joy Ram Singh,Gram Panchayat,2014-2015,0.83,0.83,02-Nov-14,12-Dec-14,03-06-2024
West Bengal,Paschim Medinipur,Keshpur,Jhentla,Rauta,Rauta Chak,1343715,956663,1282027,Deep Tubewell,Ground Water,Adibasi Para,Adibasi Para,2007-2008,0.17,0.17,19-Oct-07,29-Oct-07,03-06-2024
West Bengal,Paschim Medinipur,Keshpur,Jagannathpur,Durya Radhaballabhpur,Duria,1342999,956697,1281754,Deep Tubewell,Ground Water,Duria(SchemeId-0000956697),Duria,2007-2008,0.36,0.36,16-Oct-07,29-Oct-07,03-06-2024
West Bengal,Paschim Medinipur,Keshpur,Anandapur,Anandapur,Akulkha Para,1343220,956946,1280927,Deep Tubewell,Ground Water,AKULKHA PARA,Khan Para,2007-2008,0.59,0.59,15-Jul-07,17-Jul-07,03-06-2024
West Bengal,Paschim Medinipur,Keshpur,Keshpur,Sarai,Sorai - Uttarpara,1343259,973221,1283056,Deep Tubewell,Ground Water,Near Road Side,Road Side,2008-2009,0.59,0.59,24-Sep-08,25-Sep-08,03-06-2024
West Bengal,Paschim Medinipur,Keshpur,Dhalhara,Narsingpur,Narasingpur,1343721,974197,1283363,Deep Tubewell,Ground Water,NARASINGPUR,Pry. School,2007-2008,0.59,0.59,03-Oct-07,05-Oct-07,03-06-2024
West Bengal,Paschim Medinipur,Keshpur,Golarh,Tal Kunai,Talkuai (kose),1342798,974198,1276167,Deep Tubewell,Ground Water,Pry. School,Pry. School,2007-2008,0.59,0.59,15-Oct-07,17-Oct-07,03-06-2024
West Bengal,Paschim Medinipur,Keshpur,Sirsa,Baldangra,Beldangra,1342646,974312,1250538,Deep Tubewell,Ground Water,Ausberya (SchemeId-0000974312),Ausberya,2007-2008,0.59,0.59,14-Sep-07,15-Sep-07,03-06-2024
West Bengal,Paschim Medinipur,Keshpur,Jhentla,Bajgerya,Bajukra - Delaghat,1342932,979237,1269746,Deep Tubewell,Ground Water,BAJUKRA - DELAGHAT,Adibasi Para,2007-2008,0.26,0.26,14-Sep-07,26-Sep-07,03-06-2024
West Bengal,Paschim Medinipur,Keshpur,Keshpur,Keshpur,Madhyapara,1343272,981384,1293585,Deep Tubewell,Ground Water,Madhya Para,Purba Para,2007-2008,0.59,0.59,26-Aug-07,27-Aug-07,03-06-2024
West Bengal,Paschim Medinipur,Keshpur,Sirsa,Khari Gerya,Khagra Geria - Purbapara,1342852,2384704,2173255,Deep Tubewell,Ground Water,Khagragera,Khagragera,2009-2010,0.59,0.59,04-Apr-09,06-Apr-09,03-06-2024
West Bengal,Paschim Medinipur,Keshpur,Amanpur,Jaytor,Dom Para,1343718,2572297,2377206,Deep Tubewell,Ground Water,NA,Bishnu Chak,2010-2011,0.75,0,01-Oct-10,31-Mar-11,03-06-2024
West Bengal,Paschim Medinipur,Keshpur,Enayetpur,Chota Chandbar,Chotochandbarh Daspara,1343741,2572600,2377207,Deep Tubewell,Ground Water,NA,Chota Chandbar,2010-2011,0.75,0,01-Oct-10,31-Mar-11,03-06-2024
West Bengal,Paschim Medinipur,Keshpur,Kalagram,Majur Hati,Masjid Para,1343384,2573265,2377246,Deep Tubewell,Ground Water,NA,Majur Hati,2010-2011,0.75,0,01-Oct-10,31-Mar-11,03-06-2024
West Bengal,Paschim Medinipur,Keshpur,Amrakuchi,Chaita,Chaita Kacharichak,1343143,2573396,2377244,Deep Tubewell,Ground Water,NA,Chaita,2010-2011,0.75,0,01-Oct-10,31-Mar-11,03-06-2024
West Bengal,Paschim Medinipur,Keshpur,Jhentla,Manta,Manda,1343662,4938118,4859002,Deep Tubewell,Ground Water,Manta jr High madrashah School,Manta pry school,2012-2013,1,1,01-Jul-12,31-Mar-13,03-06-2024
West Bengal,Paschim Medinipur,Keshpur,Sarishakhola,Golagerya,Golageria Anilmadhyapara,1343510,4945965,4868947,Deep Tubewell,Ground Water,Golagerya SSK,Golagerya SSK,2012-2013,0.79,0.79,01-Jul-12,31-Mar-13,03-06-2024
West Bengal,Paschim Medinipur,Keshpur,Dhalhara,Dhalhara,Dhalhara,1343534,4946007,4868981,Deep Tubewell,Ground Water,Kajichak,Kajichak,2012-2013,0.79,0.79,01-Jul-12,31-Mar-13,03-06-2024
West Bengal,Paschim Medinipur,Keshpur,Golarh,Markha,Markha - Purbapra,1342810,4946111,4869070,Deep Tubewell,Ground Water,Markha Madrasa,Markha Madrasa,2012-2013,0.79,0.79,01-Jul-12,31-Mar-13,03-06-2024
West Bengal,Paschim Medinipur,Keshpur,Sarishakhola,Ghoshpur,Paschim Ghoshkur,1343464,4946267,4869251,Deep Tubewell,Ground Water,Ghoshpur Kamarpara,Ghoshpur Kamarpara,2012-2013,0.79,0.79,01-Jul-12,19-Mar-13,03-06-2024
West Bengal,Paschim Medinipur,Keshpur,Amanpur,Jaytor,Joytora Purbamondalpara,1342778,6060335,420008984,Deep Tubewell,Ground Water,JOYTORA PURBAMONDALPARA,AMANPUR,2011-2012,0.8,0.8,15-May-11,15-Aug-11,03-06-2024
West Bengal,Paschim Medinipur,Keshpur,Amanpur,Madhya Piashala,Prachandapara,1342774,6060335,420009047,Deep Tubewell,Ground Water,PRACHANDAPARA,AMANPUR,2011-2012,0.8,0.8,15-May-11,15-Aug-11,03-06-2024
West Bengal,Paschim Medinipur,Keshpur,Amanpur,Keshur Gerya,Majherparamore,1342787,6060335,420009059,Deep Tubewell,Ground Water,MAJHERPARAMORE,AMANPUR,2011-2012,0.8,0.8,15-May-11,15-Aug-11,03-06-2024
West Bengal,Paschim Medinipur,Keshpur,Amanpur,Askanda,Sarkarpara,1342738,6060335,420008930,Deep Tubewell,Ground Water,SARKARPARA,AMANPUR,2011-2012,0.8,0.8,15-May-11,15-Aug-11,03-06-2024
West Bengal,Paschim Medinipur,Keshpur,Amrakuchi,Jaora Paikan,Sengupta Para,1343099,6060710,420009123,Deep Tubewell,Ground Water,SENGUPTA PARA,AMRAKUCHI,2011-2012,0.75,0.75,15-Jul-11,15-Oct-11,03-06-2024
West Bengal,Paschim Medinipur,Keshpur,Amrakuchi,Bagla,Kakarpara,1343121,6060710,420009137,Deep Tubewell,Ground Water,KAKARPARA,AMRAKUCHI,2011-2012,0.75,0.75,15-Jul-11,15-Oct-11,03-06-2024
West Bengal,Paschim Medinipur,Keshpur,Amrakuchi,Pipurda,Sat Baburampara,1343104,6060710,420009186,Deep Tubewell,Ground Water,SAT BABURAMPARA,AMRAKUCHI,2011-2012,0.75,0.75,15-Jul-11,15-Oct-11,03-06-2024
West Bengal,Paschim Medinipur,Keshpur,Amrakuchi,Kapastikri,Muslimpara,1343128,6060710,420009176,Deep Tubewell,Ground Water,MUSLIMPARA,AMRAKUCHI,2011-2012,0.75,0.75,15-Jul-11,15-Oct-11,03-06-2024
West Bengal,Paschim Medinipur,Keshpur,Amrakuchi,Kapastikri,Kumarber,1343131,6060710,420009178,Deep Tubewell,Ground Water,KUMARBER,AMRAKUCHI,2011-2012,0.75,0.75,15-Jul-11,15-Oct-11,03-06-2024
West Bengal,Paschim Medinipur,Keshpur,Amrakuchi,Amrakuchi,Angish Para,1343155,6060710,420009098,Deep Tubewell,Ground Water,ANGISH PARA,AMRAKUCHI,2011-2012,0.75,0.75,15-Jul-11,15-Oct-11,03-06-2024
West Bengal,Paschim Medinipur,Keshpur,Amrakuchi,Amrakuchi,Mirja Para,1343156,6060710,420009094,Deep Tubewell,Ground Water,MIRJA PARA,AMRAKUCHI,2011-2012,0.75,0.75,15-Jul-11,15-Oct-11,03-06-2024
West Bengal,Paschim Medinipur,Keshpur,Amrakuchi,Amrakuchi,Masjidtala,1343153,6060710,420009095,Deep Tubewell,Ground Water,MASJIDTALA,AMRAKUCHI,2011-2012,0.75,0.75,15-Jul-11,15-Oct-11,03-06-2024
West Bengal,Paschim Medinipur,Keshpur,Amrakuchi,Kamar Gerya,Satrapara,1343166,6060710,420009182,Deep Tubewell,Ground Water,SATRAPARA,AMRAKUCHI,2011-2012,0.75,0.75,15-Jul-11,15-Oct-11,03-06-2024
West Bengal,Paschim Medinipur,Keshpur,Anandapur,Lepsa,Chinchindanga,1343252,6157112,420013595,Deep Tubewell,Ground Water,Primary School,Primary School,2013-2014,0.88,0.88,01-Apr-13,30-Aug-13,03-06-2024
West Bengal,Paschim Medinipur,Keshpur,Dhalhara,Khejur Bani,Marjid Tala,1343598,6199436,420019714,Deep Tubewell,Ground Water,Khejurbani,Khejurbani,2013-2014,0.8,0.8,17-Apr-13,19-Apr-13,03-06-2024
West Bengal,Paschim Medinipur,Keshpur,Dhalhara,Birambar,Birambarh,1343578,6278248,420024524,Deep Tubewell,Ground Water,Laxmikanta Dolai,Grampanchayet tubewell,2013-2014,0.8,0.8,12-Mar-13,18-Oct-14,03-06-2024
West Bengal,Paschim Medinipur,Keshpur,Keshpur,Keshpur,Kigarpara,1343275,6296073,420028425,Deep Tubewell,Ground Water,Keshpore Krishi Farm,Keshpore Krishi Farm,2010-2011,0.79,0.79,02-Aug-10,04-Aug-10,03-06-2024
West Bengal,Paschim Medinipur,Keshpur,Amrakuchi,Pipurda,Dolaipara,1343100,6297681,420028492,Deep Tubewell,Ground Water,Pipurda Shiv Mandir,Pipurda Shiv Mandir,2010-2011,0.79,0.79,23-Sep-10,24-Sep-10,03-06-2024
West Bengal,Paschim Medinipur,Keshpur,Amrakuchi,Kharika,Janapara,1343148,6297767,420028507,Deep Tubewell,Ground Water,Kharika Janapara,Kharika Janapara,2010-2011,0.79,0.79,24-Mar-11,25-Mar-11,03-06-2024
West Bengal,Paschim Medinipur,Keshpur,Sarishakhola,Ghoshpur,Mandal Para,1343466,6331494,420030902,Deep Tubewell,Ground Water,Partha Maity,Grampanchayet tubewell,2013-2014,0.8,0.8,15-Apr-13,20-Mar-14,03-06-2024
West Bengal,Paschim Medinipur,Keshpur,Enayetpur,Mohadi Chak,Mohadi Chak,1766766,6334095,420031789,Deep Tubewell,Ground Water,Shankar Roy,Grampanchayet tubewell,2013-2014,0.8,0.8,02-May-13,09-Jan-14,03-06-2024
West Bengal,Paschim Medinipur,Keshpur,Enayetpur,Bagrui,Bagrai Bagdipara,1343839,6334095,420031788,Deep Tubewell,Ground Water,Bagrui Primary School,Grampanchayet tubewell,2013-2014,0.8,0.8,02-May-13,09-Jan-14,03-06-2024
West Bengal,Paschim Medinipur,Keshpur,Dhalhara,Khirish Mul,Bona Mara,1343591,6278163,420024501,Deep Tubewell,Ground Water,Khirismul S.S.K.,Grampanchayet tubewell,2013-2014,0.8,0.8,15-Apr-13,22-Dec-14,03-06-2024
West Bengal,Paschim Medinipur,Keshpur,Dhalhara,Khirish Mul,Bhunia Para,1343593,6278163,420024502,Deep Tubewell,Ground Water,Khirismul S.S.K.,Grampanchayet tubewell,2013-2014,0.8,0.8,15-Apr-13,22-Dec-14,03-06-2024
West Bengal,Paschim Medinipur,Keshpur,Golarh,Inad Chak,Inadachak - Kajipara,1342855,6217915,420020890,Deep Tubewell,Ground Water,Inadachak-Kajipara,Inadachak-Kajipara,2013-2014,0.85,0.85,01-Apr-13,30-Oct-13,03-06-2024
West Bengal,Paschim Medinipur,Keshpur,Enayetpur,Pakurya,Mannapara,1343821,6334095,420031792,Deep Tubewell,Ground Water,Madan Manna,Grampanchayet tubewell,2013-2014,0.8,0.8,02-May-13,09-Jan-14,03-06-2024
West Bengal,Paschim Medinipur,Keshpur,Enayetpur,Badar,Layek Para,1343849,6336617,420032479,Deep Tubewell,Ground Water,Ranjit Das,Grampanchayet tubewell,2013-2014,0.7,0.7,01-Apr-13,20-Feb-14,03-06-2024
West Bengal,Paschim Medinipur,Keshpur,Enayetpur,Badar,Layek Para,1343849,6336617,420032481,Deep Tubewell,Ground Water,Gurudas Pradhan,Grampanchayet tubewell,2013-2014,0.7,0.7,01-Apr-13,20-Feb-14,03-06-2024
West Bengal,Paschim Medinipur,Keshpur,Amrakuchi,Kharika,Kharika Bagpara,1343145,6351997,420035987,Deep Tubewell,Ground Water,Kharika Primary School,Grampanchayet tubewell,2013-2014,0.8,0.8,22-Mar-13,25-Jan-14,03-06-2024
West Bengal,Paschim Medinipur,Keshpur,Golarh,Dharmma Pur,Dhanapur - Dolaipara,1342848,6352973,420036254,Deep Tubewell,Ground Water,PRIMARY SCHOOL,GRAM PANCHAYAT,2013-2014,0.8,0.8,12-Mar-13,17-Jan-14,03-06-2024
West Bengal,Paschim Medinipur,Keshpur,Enayetpur,Chathla,Chathla Mondalpara,1343746,6352980,420036277,Deep Tubewell,Ground Water,Praddut Mondal,Gram Panchayat,2013-2014,0.8,0.8,12-May-13,11-Apr-17,03-06-2024
West Bengal,Paschim Medinipur,Keshpur,Enayetpur,Chathla,Chathla Mondalpara,1343746,6352980,420036278,Deep Tubewell,Ground Water,Krishnacharan Gayen,Gram Panchayat,2013-2014,0.8,0.8,12-May-13,11-Apr-17,03-06-2024
West Bengal,Paschim Medinipur,Keshpur,Enayetpur,Dhoba Gerya,Dhobageria Kuitipara,1343796,6352980,420036261,Deep Tubewell,Ground Water,Muktikendra Primary School,Gram Panchayat,2013-2014,0.8,0.8,12-May-13,11-Apr-17,03-06-2024
West Bengal,Paschim Medinipur,Keshpur,Golarh,Shuknash,Suknash,1342801,6353047,420036313,Deep Tubewell,Ground Water,S.S.K,GRAM PANCHAYAT,2013-2014,0.8,0.8,15-Apr-13,26-Jan-14,03-06-2024
West Bengal,Paschim Medinipur,Keshpur,Golarh,Golar,Kuladhya Para,1342846,6353047,420036308,Deep Tubewell,Ground Water,C.P.I(M) PARTY OFFICE,GRAM PANCHAYAT,2013-2014,0.8,0.8,15-Apr-13,26-Jan-14,03-06-2024
West Bengal,Paschim Medinipur,Keshpur,Enayetpur,Chota Chandbar,Mondalpara,1343742,6353057,420036330,Deep Tubewell,Ground Water,Binai Mandal,Gram Panchayat,2013-2014,0.7,0.7,12-May-13,11-Apr-17,03-06-2024
West Bengal,Paschim Medinipur,Keshpur,Enayetpur,Mishri Chak,Mishrichak Mondalpara,1343743,6353057,420036333,Deep Tubewell,Ground Water,Naran Mondal,Gram Panchayat,2013-2014,0.7,0.7,12-May-13,11-Apr-17,03-06-2024
West Bengal,Paschim Medinipur,Keshpur,Enayetpur,Bishwanathpur Patna,Sahapara,1343829,6353062,420036339,Deep Tubewell,Ground Water,SHAMBHU MANDI,GRAM PANCHAYAT,2013-2014,0.8,0.8,18-Apr-13,11-Apr-17,03-06-2024
West Bengal,Paschim Medinipur,Keshpur,Enayetpur,Bishwanathpur Patna,Sahapara,1343829,6353062,420036342,Deep Tubewell,Ground Water,PATNA BAJAR,GRAM PANCHAYAT,2013-2014,0.8,0.8,18-Apr-13,11-Apr-17,03-06-2024
West Bengal,Paschim Medinipur,Keshpur,Golarh,Golar,Panditpara,1342843,6353095,420036383,Deep Tubewell,Ground Water,SHUSHIL BIDYAPITH,GRAM PANCHAYAT,2013-2014,0.8,0.8,23-Apr-13,23-Jan-14,03-06-2024
West Bengal,Paschim Medinipur,Keshpur,Golarh,Golar,Panditpara,1342843,6353095,420036380,Deep Tubewell,Ground Water,SUDARSHAN PANDIT,GRAM PANCHAYAT,2013-2014,0.8,0.8,23-Apr-13,23-Jan-14,03-06-2024
West Bengal,Paschim Medinipur,Keshpur,Golarh,Harihar Chak,Hariharchak Bagpara,1342831,6353095,420036376,Deep Tubewell,Ground Water,S.S.K,GRAM PANCHAYAT,2013-2014,0.8,0.8,23-Apr-13,23-Jan-14,03-06-2024
West Bengal,Paschim Medinipur,Keshpur,Golarh,Dapur,Dadpur - Dolaipara,1342839,6353095,420036379,Deep Tubewell,Ground Water,S.S.K,GRAM PANCHAYAT,2013-2014,0.8,0.8,23-Apr-13,23-Jan-14,03-06-2024
West Bengal,Paschim Medinipur,Keshpur,Enayetpur,Mohadi Chak,Mohadi Chak,1766766,6354136,420036736,Deep Tubewell,Ground Water,BARKAT MAHAMMAD,GRAM PANCHAYAT,2013-2014,0.8,0.8,23-Apr-13,12-Feb-14,03-06-2024
West Bengal,Paschim Medinipur,Keshpur,Dhalhara,Narsingpur,Narasingpur,1343721,6354140,420036746,Deep Tubewell,Ground Water,PRIMARY SCHOOL,GRAM PANCHAYAT,2013-2014,0.8,0.8,25-Apr-13,06-Jan-14,03-06-2024
West Bengal,Paschim Medinipur,Keshpur,Dhalhara,Parulia,Adibasi Para,1343547,6354140,420036741,Deep Tubewell,Ground Water,SHIBU MANDI,GRAM PANCHAYAT,2013-2014,0.8,0.8,25-Apr-13,06-Jan-14,03-06-2024
West Bengal,Paschim Medinipur,Keshpur,Dhalhara,Parulia,Adibasi Para,1343547,6354140,420036742,Deep Tubewell,Ground Water,C.P.I(M),GRAM PANCHAYAT,2013-2014,0.8,0.8,25-Apr-13,06-Jan-14,03-06-2024
West Bengal,Paschim Medinipur,Keshpur,Amanpur,Panch Khuiri,Kalyanipara,1342746,6354144,420036756,Deep Tubewell,Ground Water,CHANDI DAS,GRAM PANCHAYAT,2013-2014,0.8,0.8,21-Apr-13,10-Jan-14,03-06-2024
West Bengal,Paschim Medinipur,Keshpur,Amanpur,Panch Khuiri,Kalyanipara,1342746,6354144,420036750,Deep Tubewell,Ground Water,SHANKAR GHOSH,GRAM PANCHAYAT,2013-2014,0.8,0.8,21-Apr-13,10-Jan-14,03-06-2024
West Bengal,Paschim Medinipur,Keshpur,Anandapur,Ranpara,Kaji Para,1343249,6355044,420037460,Deep Tubewell,Ground Water,Ranpara Pry. School,Ranpara Pry. School,2009-2010,0.74,0.74,28-Apr-09,29-Apr-09,03-06-2024
West Bengal,Paschim Medinipur,Keshpur,Anandapur,Anandapur,Sat Para,1343212,6363770,420042643,Deep Tubewell,Ground Water,Bolu Sen,Gram Panchayat,2013-2014,0.8,0.8,25-Apr-13,30-Mar-14,03-06-2024
West Bengal,Paschim Medinipur,Keshpur,Amanpur,Jadupur,Jadupur Shivmandir,1342730,6364040,420042774,Deep Tubewell,Ground Water,Shitala Mandir,Gram Panchayat,2013-2014,0.7,0.7,10-May-13,20-Mar-14,03-06-2024
West Bengal,Paschim Medinipur,Keshpur,Amanpur,Tanthua,Talhua Mondalpara,1342760,6364040,420042776,Deep Tubewell,Ground Water,Tanthu S.S.K.,Gram Panchayat,2013-2014,0.7,0.7,10-May-13,20-Mar-14,03-06-2024
West Bengal,Paschim Medinipur,Keshpur,Anandapur,Anandapur,Bankata Office Para,1343181,6354174,420036804,Deep Tubewell,Ground Water,ANANDAPUR JANAR MORE,GRAM PANCHAYAT,2013-2014,0.8,0.8,11-Apr-13,13-Jan-14,03-06-2024
West Bengal,Paschim Medinipur,Keshpur,Anandapur,Anandapur,Bankata Office Para,1343181,6354174,420036802,Deep Tubewell,Ground Water,SUNIL KHA,GRAM PANCHAYAT,2013-2014,0.8,0.8,11-Apr-13,13-Jan-14,03-06-2024
West Bengal,Paschim Medinipur,Keshpur,Anandapur,Anandapur,Bankata Office Para,1343181,6354174,420036801,Deep Tubewell,Ground Water,HARI SEBA,GRAM PANCHAYAT,2013-2014,0.8,0.8,11-Apr-13,13-Jan-14,03-06-2024
West Bengal,Paschim Medinipur,Keshpur,Anandapur,Anandapur,Bankata Office Para,1343181,6354174,420036800,Deep Tubewell,Ground Water,NEPAL LEKRI,GRAM PANCHAYAT,2013-2014,0.8,0.8,11-Apr-13,13-Jan-14,03-06-2024
West Bengal,Paschim Medinipur,Keshpur,Anandapur,Anandapur,Bankata Office Para,1343181,6354174,420036799,Deep Tubewell,Ground Water,SUTAP BAG,GRAM PANCHAYAT,2013-2014,0.8,0.8,11-Apr-13,13-Jan-14,03-06-2024
West Bengal,Paschim Medinipur,Keshpur,Anandapur,Anandapur,Bankata Office Para,1343181,6354174,420036796,Deep Tubewell,Ground Water,BANKATA JOKAR PAR,GRAM PANCHAYAT,2013-2014,0.8,0.8,11-Apr-13,13-Jan-14,03-06-2024
West Bengal,Paschim Medinipur,Keshpur,Anandapur,Anandapur,Bankata Office Para,1343181,6354174,420036795,Deep Tubewell,Ground Water,CHUNI KHA PAR,GRAM PANCHAYAT,2013-2014,0.8,0.8,11-Apr-13,13-Jan-14,03-06-2024
West Bengal,Paschim Medinipur,Keshpur,Jhentla,Akurya,Kotal Para,1343635,6354162,420036778,Deep Tubewell,Ground Water,GANESH PATOR,GRAM PANCHAYAT,2013-2014,0.8,0.8,27-Apr-13,06-Jan-14,03-06-2024
West Bengal,Paschim Medinipur,Keshpur,Jhentla,Jhinuka,Jhinuka,1343624,6354162,420036780,Deep Tubewell,Ground Water,HEREN MALLICK,GRAM PANCHAYAT,2013-2014,0.8,0.8,27-Apr-13,06-Jan-14,03-06-2024
West Bengal,Paschim Medinipur,Keshpur,Jhentla,Abhi Arjjuni,Mal Para,1343699,6354162,420036783,Deep Tubewell,Ground Water,LALU CHAKROBOR TY,GRAM PANCHAYAT,2013-2014,0.8,0.8,27-Apr-13,06-Jan-14,03-06-2024
West Bengal,Paschim Medinipur,Keshpur,Enayetpur,Biripota,Biripota Khalpara,1343807,6364040,420042761,Deep Tubewell,Ground Water,Prafulla Patra,Gram Panchayat,2013-2014,0.7,0.7,10-May-13,20-Mar-14,03-06-2024
West Bengal,Paschim Medinipur,Keshpur,Amanpur,Burya Pat,Patrapara,1342750,6364122,420042881,Deep Tubewell,Ground Water,I.C.D.S.,Gram Panchayat,2013-2014,0.7,0.7,10-Apr-13,20-Feb-14,03-06-2024
West Bengal,Paschim Medinipur,Keshpur,Anandapur,Bibekpur,Bibekpur - Dolaipara,1343229,6366934,420044182,Deep Tubewell,Ground Water,Swapan Ghosh,GRAM PANCHAYAT,2013-2014,0.8,0.8,17-Apr-13,05-Feb-14,03-06-2024
West Bengal,Paschim Medinipur,Keshpur,Anandapur,Bibekpur,Bibekpur - Dolaipara,1343229,6366934,420044184,Deep Tubewell,Ground Water,Lalu Dolui,GRAM PANCHAYAT,2013-2014,0.8,0.8,17-Apr-13,05-Feb-14,03-06-2024
West Bengal,Paschim Medinipur,Keshpur,Enayetpur,Bagha Gerya,Madhya Paschim Para,1343705,6366934,420044194,Deep Tubewell,Ground Water,Bankimbihari,GRAM PANCHAYAT,2013-2014,0.8,0.8,17-Apr-13,05-Feb-14,03-06-2024
West Bengal,Paschim Medinipur,Keshpur,Sirsa,Toria,Taria,1342647,6385093,420051305,Deep Tubewell,Ground Water,Sk Ummar Ali,GRAM PANCHAYAT,2013-2014,0.8,0.8,01-Apr-13,30-Jan-14,03-06-2024
West Bengal,Paschim Medinipur,Keshpur,Amrakuchi,Bagla,Pukurpara,1343117,6385093,420051296,Deep Tubewell,Ground Water,Jiten Sing,GRAM PANCHAYAT,2013-2014,0.8,0.8,01-Apr-13,30-Jan-14,03-06-2024
West Bengal,Paschim Medinipur,Keshpur,Amrakuchi,Charka,Mallick Para,1343175,6385093,420051300,Deep Tubewell,Ground Water,Hamid Mallick,GRAM PANCHAYAT,2013-2014,0.8,0.8,01-Apr-13,30-Jan-14,03-06-2024
West Bengal,Paschim Medinipur,Keshpur,Amrakuchi,Charka,Khan Para,1343174,6385093,420051304,Deep Tubewell,Ground Water,Sk Sabar Ali,GRAM PANCHAYAT,2013-2014,0.8,0.8,01-Apr-13,30-Jan-14,03-06-2024
West Bengal,Paschim Medinipur,Keshpur,Amanpur,Satdubi,Roypara,1342757,6387504,420052325,Deep Tubewell,Ground Water,Bankim Ghorai,GRAM PANCHAYAT,2013-2014,0.8,0.8,12-Apr-13,24-Feb-14,03-06-2024
West Bengal,Paschim Medinipur,Keshpur,Keshpur,Bajirchak,Chowdhury Para,1343300,6388209,420052892,Deep Tubewell,Ground Water,Sadan Majhi,Gram Panchayat,2013-2014,0.8,0.8,25-Apr-13,12-Feb-14,03-06-2024
West Bengal,Paschim Medinipur,Keshpur,Keshpur,Bajirchak,Chowdhury Para,1343300,6388209,420052894,Deep Tubewell,Ground Water,Niranjan Bardoloi,Gram Panchayat,2013-2014,0.8,0.8,25-Apr-13,12-Feb-14,03-06-2024
West Bengal,Paschim Medinipur,Keshpur,Keshpur,Bajirchak,Chowdhury Para,1343300,6388209,420052899,Deep Tubewell,Ground Water,Akhay Karfa,Gram Panchayat,2013-2014,0.8,0.8,25-Apr-13,12-Feb-14,03-06-2024
West Bengal,Paschim Medinipur,Keshpur,Amanpur,Eluni,Eloni Mondalpara,1342776,6388231,420052934,Deep Tubewell,Ground Water,Chakradhar Ghosh,Gram Panchayat,2013-2014,0.8,0.8,25-Apr-13,08-May-17,03-06-2024
West Bengal,Paschim Medinipur,Keshpur,Amanpur,Eluni,Eloni Mondalpara,1342776,6388231,420052929,Deep Tubewell,Ground Water,Nabin Ghosh,Gram Panchayat,2013-2014,0.8,0.8,25-Apr-13,08-May-17,03-06-2024
West Bengal,Paschim Medinipur,Keshpur,Amanpur,Hijli,Hijli Shitalamandirpara,1342783,6388231,420052918,Deep Tubewell,Ground Water,Kamal Bardoloi,Gram Panchayat,2013-2014,0.8,0.8,25-Apr-13,08-May-17,03-06-2024
West Bengal,Paschim Medinipur,Keshpur,Kalagram,Uchahar,Chak,1343367,6389957,420054047,Deep Tubewell,Ground Water,Asllem Mallick,Gram Panchayat,2013-2014,0.7,0.7,12-Apr-13,25-Feb-14,03-06-2024
West Bengal,Paschim Medinipur,Keshpur,Kalagram,Uchahar,Chak,1343367,6389957,420054049,Deep Tubewell,Ground Water,Sk Siraj,Gram Panchayat,2013-2014,0.7,0.7,12-Apr-13,25-Feb-14,03-06-2024
West Bengal,Paschim Medinipur,Keshpur,Kalagram,Uchahar,Chak,1343367,6389957,420054061,Deep Tubewell,Ground Water,Santu Mallick,Gram Panchayat,2013-2014,0.7,0.7,12-Apr-13,25-Feb-14,03-06-2024
West Bengal,Paschim Medinipur,Keshpur,Kalagram,Uchahar,Chak,1343367,6389957,420054064,Deep Tubewell,Ground Water,Najrul Club,Gram Panchayat,2013-2014,0.7,0.7,12-Apr-13,25-Feb-14,03-06-2024
West Bengal,Paschim Medinipur,Keshpur,Amanpur,Amanpur,Kamalpara,1342716,6397461,420060628,Deep Tubewell,Ground Water,Garhri Paschim Para,Roy Para,2013-2014,0.8,0.8,25-Apr-13,12-Feb-14,03-06-2024
West Bengal,Paschim Medinipur,Keshpur,Amanpur,Goharia,Goharia Upar,1342752,6389292,420053745,Deep Tubewell,Ground Water,Haradhan Patra,GRAM PANCHAYAT,2013-2014,0.7,0.7,12-Apr-13,25-Feb-14,03-06-2024
West Bengal,Paschim Medinipur,Keshpur,Amanpur,Goharia,Goharia Upar,1342752,6389292,420053747,Deep Tubewell,Ground Water,Ranjit Pal,GRAM PANCHAYAT,2013-2014,0.7,0.7,12-Apr-13,25-Feb-14,03-06-2024
West Bengal,Paschim Medinipur,Keshpur,Golarh,Golar,Goler - Bagpara,1342841,6388542,420053221,Deep Tubewell,Ground Water,Hasan Ali,Gram Panchayat,2013-2014,0.7,0.7,25-Apr-13,06-Apr-17,03-06-2024
West Bengal,Paschim Medinipur,Keshpur,Amanpur,Keshur Gerya,Kheshargeria,1342786,6388538,420053210,Deep Tubewell,Ground Water,Ranjit Pakhor,Gram Panchayat,2013-2014,0.8,0.8,25-Apr-13,14-Feb-14,03-06-2024
West Bengal,Paschim Medinipur,Keshpur,Amanpur,Panch Khuiri,Chakpara,1342747,6388538,420053202,Deep Tubewell,Ground Water,S.S.K.,Gram Panchayat,2013-2014,0.8,0.8,25-Apr-13,14-Feb-14,03-06-2024
West Bengal,Paschim Medinipur,Keshpur,Anandapur,Anandapur,Dakshin Paui Naton Basti,1343190,6399641,420062137,Deep Tubewell,Ground Water,NATON BASTI,GRAM PANCHAYAT,2013-2014,0.8,0.8,25-Apr-13,12-Feb-14,03-06-2024
West Bengal,Paschim Medinipur,Keshpur,Anandapur,Anandapur,Clalakir More,1343203,6399641,420062138,Deep Tubewell,Ground Water,DAKSHINPALLI PAL PARA,GRAM PANCHAYAT,2013-2014,0.8,0.8,25-Apr-13,12-Feb-14,03-06-2024
West Bengal,Paschim Medinipur,Keshpur,Amanpur,Uttar Baharat,Uttar Baharat Balpara,1342707,6399641,420062162,Deep Tubewell,Ground Water,UTTARBHARAT BALPARA,GRAM PANCHAYAT,2013-2014,0.8,0.8,25-Apr-13,12-Feb-14,03-06-2024
West Bengal,Paschim Medinipur,Keshpur,Amrakuchi,Charka,Mahsen Para,1343178,6399641,420062157,Deep Tubewell,Ground Water,MAHSENPARA,GRAM PANCHAYAT,2013-2014,0.8,0.8,25-Apr-13,12-Feb-14,03-06-2024
West Bengal,Paschim Medinipur,Keshpur,Anandapur,Anandapur,Let Hajra Para,1343213,6399641,420062135,Deep Tubewell,Ground Water,LET HAZRA PARA,GRAM PANCHAYAT,2013-2014,0.8,0.8,25-Apr-13,12-Feb-14,03-06-2024
West Bengal,Paschim Medinipur,Keshpur,Anandapur,Anandapur,Najrul Para,1343215,6399641,420062129,Deep Tubewell,Ground Water,NANDIPARA,GRAM PANCHAYAT,2013-2014,0.8,0.8,25-Apr-13,12-Feb-14,03-06-2024
West Bengal,Paschim Medinipur,Keshpur,Anandapur,Bhagirath Bar,Irra Masjid Para,1343235,6400371,420062622,Deep Tubewell,Ground Water,IRRA MASJID PARA,Gram Panchayet,2013-2014,0.8,0.8,25-Apr-13,12-Dec-14,03-06-2024
West Bengal,Paschim Medinipur,Keshpur,Anandapur,Ganga Narayan Bar,Gangaranayan Bash - Ghoshpara,1343241,6400371,420062618,Deep Tubewell,Ground Water,GHOSH PARA,Gram Panchayet,2013-2014,0.8,0.8,25-Apr-13,12-Dec-14,03-06-2024
West Bengal,Paschim Medinipur,Keshpur,Dhalhara,Birambar Paikan,Birambarralpur -uttarpara,1343611,6401296,420063213,Deep Tubewell,Ground Water,UTTARPARA,Gram Panchayet,2013-2014,0.8,0.8,25-Apr-13,12-Dec-14,03-06-2024
West Bengal,Paschim Medinipur,Keshpur,Dhalhara,Dhalhara,Paschim Para,1343536,6401959,420064000,Deep Tubewell,Ground Water,PASCHIMPARA,GRAM PANCHAYAT,2013-2014,0.8,0.8,12-Apr-13,25-Dec-14,03-06-2024
West Bengal,Paschim Medinipur,Keshpur,Dhalhara,Keottala,Badur Tola,1343610,6401959,420063982,Deep Tubewell,Ground Water,BADURTALA,GRAM PANCHAYAT,2013-2014,0.8,0.8,12-Apr-13,25-Dec-14,03-06-2024
West Bengal,Paschim Medinipur,Keshpur,Dhalhara,Hurunuru,Dhabapara,1343361,6401959,420063990,Deep Tubewell,Ground Water,DHABA PARA,GRAM PANCHAYAT,2013-2014,0.8,0.8,12-Apr-13,25-Dec-14,03-06-2024
West Bengal,Paschim Medinipur,Keshpur,Dhalhara,Hurunuru,Sena Para,1343360,6401959,420063987,Deep Tubewell,Ground Water,SENAPARA,GRAM PANCHAYAT,2013-2014,0.8,0.8,12-Apr-13,25-Dec-14,03-06-2024
West Bengal,Paschim Medinipur,Keshpur,Dhalhara,Sadek Mahammad,Digar Para,1343587,6401959,420063961,Deep Tubewell,Ground Water,DIGARPARA,GRAM PANCHAYAT,2013-2014,0.8,0.8,12-Apr-13,25-Dec-14,03-06-2024
West Bengal,Paschim Medinipur,Keshpur,Dhalhara,Madhyam Parshura,Chakraborty Para,1343561,6401959,420063970,Deep Tubewell,Ground Water,CHAKRABORTY PARA,GRAM PANCHAYAT,2013-2014,0.8,0.8,12-Apr-13,25-Dec-14,03-06-2024
West Bengal,Paschim Medinipur,Keshpur,Dhalhara,Kashta Khamar,Roypara,1343567,6401959,420063983,Deep Tubewell,Ground Water,ROY PARA,GRAM PANCHAYAT,2013-2014,0.8,0.8,12-Apr-13,25-Dec-14,03-06-2024
West Bengal,Paschim Medinipur,Keshpur,Dhalhara,Kashta Khamar,Dandapat Para,1343569,6401959,420063985,Deep Tubewell,Ground Water,DANDAPAT PARA,GRAM PANCHAYAT,2013-2014,0.8,0.8,12-Apr-13,25-Dec-14,03-06-2024
West Bengal,Paschim Medinipur,Keshpur,Dhalhara,Uttar Parshura,Pandit Para,1343572,6401959,420063953,Deep Tubewell,Ground Water,PANDIT PARA,GRAM PANCHAYAT,2013-2014,0.8,0.8,12-Apr-13,25-Dec-14,03-06-2024
West Bengal,Paschim Medinipur,Keshpur,Dhalhara,Parulia,Paschim Para,1343546,6401959,420063966,Deep Tubewell,Ground Water,PASCHIMPARA,GRAM PANCHAYAT,2013-2014,0.8,0.8,12-Apr-13,25-Dec-14,03-06-2024
West Bengal,Paschim Medinipur,Keshpur,Dhalhara,Hurunuru,Bagra Para,1343364,6401959,420063991,Deep Tubewell,Ground Water,BAGRA PARA,GRAM PANCHAYAT,2013-2014,0.8,0.8,12-Apr-13,25-Dec-14,03-06-2024
West Bengal,Paschim Medinipur,Keshpur,Enayetpur,Gopinathpur,Haripadapara,1343836,6402018,420064169,Deep Tubewell,Ground Water,HARIPADAPARA,Gram Panchayat,2013-2014,0.75,0.75,21-Apr-13,15-Dec-14,03-06-2024
West Bengal,Paschim Medinipur,Keshpur,Enayetpur,Bishwanathpur Patna,Sombhupara,1343828,6402018,420064196,Deep Tubewell,Ground Water,SOMBHUPARA,Gram Panchayat,2013-2014,0.75,0.75,21-Apr-13,15-Dec-14,03-06-2024
West Bengal,Paschim Medinipur,Keshpur,Amanpur,Karuria,Adibasipara,1342742,6374602,420048018,Deep Tubewell,Ground Water,Raghunath Manna,GRAM PANCHAYAT,2013-2014,0.8,0.8,02-May-13,12-Feb-14,03-06-2024
West Bengal,Paschim Medinipur,Keshpur,Amanpur,Askanda,Sarkarpara,1342738,6374602,420048027,Deep Tubewell,Ground Water,Bela Pora,GRAM PANCHAYAT,2013-2014,0.8,0.8,02-May-13,12-Feb-14,03-06-2024
West Bengal,Paschim Medinipur,Keshpur,Amanpur,Askanda,Sarkarpara,1342738,6374602,420048025,Deep Tubewell,Ground Water,Gopal Mahadanda,GRAM PANCHAYAT,2013-2014,0.8,0.8,02-May-13,12-Feb-14,03-06-2024
West Bengal,Paschim Medinipur,Keshpur,Enayetpur,Ganadiha,Ghonadiha Srikanta Diyalipara,1343801,6374672,420048038,Deep Tubewell,Ground Water,Swapan Diasi,GRAM PANCHAYAT,2013-2014,0.8,0.8,02-May-13,10-Apr-17,03-06-2024
West Bengal,Paschim Medinipur,Keshpur,Enayetpur,Ganadiha,Ghonadiha Srikanta Diyalipara,1343801,6374672,420048039,Deep Tubewell,Ground Water,Gonodiha Primary School,GRAM PANCHAYAT,2013-2014,0.8,0.8,02-May-13,10-Apr-17,03-06-2024
West Bengal,Paschim Medinipur,Keshpur,Enayetpur,Pakurya,Pakuria Samantapara,1343815,6375642,420048396,Deep Tubewell,Ground Water,Montu Soren,GRAM PANCHAYAT,2013-2014,0.8,0.8,02-May-13,10-Apr-17,03-06-2024
West Bengal,Paschim Medinipur,Keshpur,Teghori,Renuar,Ranapara,1343081,6377508,420049025,Deep Tubewell,Ground Water,I.C.D.S.,Gram Panchayat,2013-2014,0.8,0.8,12-Apr-13,24-Feb-14,03-06-2024
West Bengal,Paschim Medinipur,Keshpur,Amanpur,Madhya Piashala,Madhyapiasala Duleypara,1342772,6377508,420049014,Deep Tubewell,Ground Water,Monsa Mondir,Gram Panchayat,2013-2014,0.8,0.8,12-Apr-13,24-Feb-14,03-06-2024
West Bengal,Paschim Medinipur,Keshpur,Amanpur,Madhya Piashala,Madhyapiasala Duleypara,1342772,6377508,420049020,Deep Tubewell,Ground Water,Subhas Ghosh,Gram Panchayat,2013-2014,0.8,0.8,12-Apr-13,24-Feb-14,03-06-2024
West Bengal,Paschim Medinipur,Keshpur,Anandapur,Anandapur,Bamunpara,1343205,6377538,420049050,Deep Tubewell,Ground Water,I.C.D.S.,Gram Panchayat,2013-2014,0.8,0.8,12-May-13,10-Apr-17,03-06-2024
West Bengal,Paschim Medinipur,Keshpur,Anandapur,Anandapur,Bankata Office Para,1343181,6377538,420049049,Deep Tubewell,Ground Water,Indara Kua,Gram Panchayat,2013-2014,0.8,0.8,12-May-13,10-Apr-17,03-06-2024
West Bengal,Paschim Medinipur,Keshpur,Sarishakhola,Kanchan Tala,Bagpara,1343489,6377538,420049063,Deep Tubewell,Ground Water,Biren Pora,Gram Panchayat,2013-2014,0.8,0.8,12-May-13,10-Apr-17,03-06-2024
West Bengal,Paschim Medinipur,Keshpur,Sarishakhola,Pitambar Chak,Majherpara,1343494,6377538,420049061,Deep Tubewell,Ground Water,Amar Patra,Gram Panchayat,2013-2014,0.8,0.8,12-May-13,10-Apr-17,03-06-2024
West Bengal,Paschim Medinipur,Keshpur,Kalagram,Dhamsai,Midyapara,1343401,6377582,420049093,Deep Tubewell,Ground Water,Nitai Mani,Gram Panchayat,2013-2014,0.8,0.8,25-May-13,14-May-17,03-06-2024
West Bengal,Paschim Medinipur,Keshpur,Kalagram,Dhamsai,Midyapara,1343401,6377582,420049094,Deep Tubewell,Ground Water,Haradhan Mani,Gram Panchayat,2013-2014,0.8,0.8,25-May-13,14-May-17,03-06-2024
West Bengal,Paschim Medinipur,Keshpur,Mugbasan,Bejara,Belara,1342874,6381494,420049749,Deep Tubewell,Ground Water,Elmul Hawk,Gram Panchayat,2013-2014,0.8,0.8,23-Apr-13,12-Feb-14,03-06-2024
West Bengal,Paschim Medinipur,Keshpur,Mugbasan,Gar Senapatya,Dalaipara,1342871,6381494,420049755,Deep Tubewell,Ground Water,Chintaharan Mukherjee,Gram Panchayat,2013-2014,0.8,0.8,23-Apr-13,12-Feb-14,03-06-2024
West Bengal,Paschim Medinipur,Keshpur,Mugbasan,Keot Para,Keotpara Dolaipara,1342887,6381510,420049771,Deep Tubewell,Ground Water,Bazar Para,Gram Panchayat,2013-2014,0.8,0.8,23-Apr-13,12-Mar-14,03-06-2024
West Bengal,Paschim Medinipur,Keshpur,Mugbasan,Kulibahara,Kulbahara,1342899,6381510,420049782,Deep Tubewell,Ground Water,Primary School,Gram Panchayat,2013-2014,0.8,0.8,23-Apr-13,12-Mar-14,03-06-2024
West Bengal,Paschim Medinipur,Keshpur,Mugbasan,Jambani,Jambani,1766554,6381510,420049773,Deep Tubewell,Ground Water,Primary School,Gram Panchayat,2013-2014,0.8,0.8,23-Apr-13,12-Mar-14,03-06-2024
West Bengal,Paschim Medinipur,Keshpur,Teghori,Binjuria,Binjuria East,1343041,6381544,420049786,Deep Tubewell,Ground Water,Niranjan Pator,Gram Panchayat,2013-2014,0.85,0.85,01-Apr-13,30-Apr-13,03-06-2024
West Bengal,Paschim Medinipur,Keshpur,Anandapur,Gamaria,Gamaria -chalakpara,1343242,6381567,420049816,Deep Tubewell,Ground Water,Nilkanta Dandapat,Gram Panchayat,2013-2014,0.8,0.8,21-Apr-13,26-Feb-14,03-06-2024
West Bengal,Paschim Medinipur,Keshpur,Enayetpur,Mani Nageswar,Mani Nageshwar,1766712,6382073,420050204,Deep Tubewell,Ground Water,Kartik Soren,Gram Panchayat,2013-2014,0.8,0.8,12-May-13,14-Feb-14,03-06-2024
West Bengal,Paschim Medinipur,Keshpur,Enayetpur,Bishwanath Pur,Doloipara,1343826,6382073,420050208,Deep Tubewell,Ground Water,Patna Hat  Para,Gram Panchayat,2013-2014,0.8,0.8,12-May-13,14-Feb-14,03-06-2024
West Bengal,Paschim Medinipur,Keshpur,Sirsa,Akmura,Mondalpara,1342657,6382207,420050241,Deep Tubewell,Ground Water,Amal jana,Gram Pancayat,2013-2014,0.8,0.8,24-Apr-13,12-Mar-14,03-06-2024
West Bengal,Paschim Medinipur,Keshpur,Sirsa,Akmura,Mondalpara,1342657,6382207,420050240,Deep Tubewell,Ground Water,Nimai Pakhira,Gram Pancayat,2013-2014,0.8,0.8,24-Apr-13,12-Mar-14,03-06-2024
West Bengal,Paschim Medinipur,Keshpur,Sirsa,Akmura,Mondalpara,1342657,6382207,420050238,Deep Tubewell,Ground Water,Primary School,Gram Pancayat,2013-2014,0.8,0.8,24-Apr-13,12-Mar-14,03-06-2024
West Bengal,Paschim Medinipur,Keshpur,Sirsa,Akmura,Mondalpara,1342657,6382207,420050236,Deep Tubewell,Ground Water,Nitai Doloi,Gram Pancayat,2013-2014,0.8,0.8,24-Apr-13,12-Mar-14,03-06-2024
West Bengal,Paschim Medinipur,Keshpur,Sarishakhola,Akna,Mahinpara,1343455,6383912,420050641,Deep Tubewell,Ground Water,Madan Pora,GRAM PANCHAYAT,2013-2014,0.8,0.8,12-Apr-13,25-Feb-14,03-06-2024
West Bengal,Paschim Medinipur,Keshpur,Sarishakhola,Sarisha Khola,Kohinor Para,1343475,6383912,420050638,Deep Tubewell,Ground Water,Tapash Mandal,GRAM PANCHAYAT,2013-2014,0.8,0.8,12-Apr-13,25-Feb-14,03-06-2024
West Bengal,Paschim Medinipur,Keshpur,Enayetpur,Mirpur,Mirpur Mallickpara,1343788,6383912,420050635,Deep Tubewell,Ground Water,Shyam Soren,GRAM PANCHAYAT,2013-2014,0.8,0.8,12-Apr-13,25-Feb-14,03-06-2024
West Bengal,Paschim Medinipur,Keshpur,Enayetpur,Mirpur,Mirpur Mallickpara,1343788,6383912,420050636,Deep Tubewell,Ground Water,S.S.K.,GRAM PANCHAYAT,2013-2014,0.8,0.8,12-Apr-13,25-Feb-14,03-06-2024
West Bengal,Paschim Medinipur,Keshpur,Enayetpur,Gopinathpur,Gopinathpur Berapara,1343830,6384525,420050967,Deep Tubewell,Ground Water,Noukaghat,GRAM PANCHAYAT,2013-2014,0.8,0.8,14-Apr-13,25-Feb-14,03-06-2024
West Bengal,Paschim Medinipur,Keshpur,Enayetpur,Gopinathpur,Gopinathpur Berapara,1343830,6384525,420050968,Deep Tubewell,Ground Water,Jagannath Mondir,GRAM PANCHAYAT,2013-2014,0.8,0.8,14-Apr-13,25-Feb-14,03-06-2024
West Bengal,Paschim Medinipur,Keshpur,Enayetpur,Gopinathpur,Gopinathpur Berapara,1343830,6384525,420050973,Deep Tubewell,Ground Water,Samir Hansda,GRAM PANCHAYAT,2013-2014,0.8,0.8,14-Apr-13,25-Feb-14,03-06-2024
West Bengal,Paschim Medinipur,Keshpur,Amrakuchi,Kumira,Sant Para,1343113,6384745,420051079,Deep Tubewell,Ground Water,Sitala Mandir,GRAM PANCHAYAT,2013-2014,0.7,0.7,14-Apr-13,25-Feb-14,03-06-2024
West Bengal,Paschim Medinipur,Keshpur,Amrakuchi,Kumira,Sant Para,1343113,6384745,420051080,Deep Tubewell,Ground Water,Montu Ghosh,GRAM PANCHAYAT,2013-2014,0.7,0.7,14-Apr-13,25-Feb-14,03-06-2024
West Bengal,Paschim Medinipur,Keshpur,Amrakuchi,Kapta Bankati,Napitpara,1343163,6384745,420051090,Deep Tubewell,Ground Water,Abdul Manna Dey,GRAM PANCHAYAT,2013-2014,0.7,0.7,14-Apr-13,25-Feb-14,03-06-2024
West Bengal,Paschim Medinipur,Keshpur,Jagannathpur,Jagannathpur,Kadarpara,1343006,6384745,420051076,Deep Tubewell,Ground Water,Biswajit Baradolai,GRAM PANCHAYAT,2013-2014,0.7,0.7,14-Apr-13,25-Feb-14,03-06-2024
West Bengal,Paschim Medinipur,Keshpur,Amrakuchi,Amrakuchi,Dangapara,1343154,6385170,420051366,Deep Tubewell,Ground Water,Saidul Mollick,GRAM PANCHAYAT,2013-2014,0.8,0.8,25-Apr-13,12-Feb-14,03-06-2024
West Bengal,Paschim Medinipur,Keshpur,Anandapur,Ranpara,Kaji Para,1343249,6385216,420051382,Deep Tubewell,Ground Water,Sk Rohim Ali,GRAM PANCHAYAT,2013-2014,0.8,0.8,12-Apr-13,14-Feb-14,03-06-2024
West Bengal,Paschim Medinipur,Keshpur,Sirsa,Garur Bag,Gatibarh,1342827,6385093,420051313,Deep Tubewell,Ground Water,Bimal Samanta,GRAM PANCHAYAT,2013-2014,0.8,0.8,01-Apr-13,30-Jan-14,03-06-2024
West Bengal,Paschim Medinipur,Keshpur,Amrakuchi,Gangashini,Gangasine - Chilmara,1343112,6385093,420051298,Deep Tubewell,Ground Water,Gangasine Primary School,GRAM PANCHAYAT,2013-2014,0.8,0.8,01-Apr-13,30-Jan-14,03-06-2024
West Bengal,Paschim Medinipur,Keshpur,Enayetpur,Raipukuria Gholai,Mondalpara,1343814,6921595,420165990,Deep Tubewell,Ground Water,I.C.D.S.,Gram Panchayat,2014-2015,0.82,0.82,12-Nov-14,10-May-17,03-06-2024
West Bengal,Paschim Medinipur,Keshpur,Enayetpur,Raipukuria Gholai,Janapara,1343813,6921616,420166004,Deep Tubewell,Ground Water,Mantu Sing,Gram Panchayat,2014-2015,0.84,0.84,12-Nov-14,05-Dec-14,03-06-2024
West Bengal,Paschim Medinipur,Keshpur,Anandapur,Nutan Bajar,Chouka Para,1343256,6922669,420167657,Deep Tubewell,Ground Water,Pashupati Chingri,Gram Panchayat,2014-2015,0.86,0.86,12-Nov-14,10-Dec-14,03-06-2024
West Bengal,Paschim Medinipur,Keshpur,Anandapur,Nutan Bajar,Dhabapara,1343257,6922669,420167658,Deep Tubewell,Ground Water,Moti Bag,Gram Panchayat,2014-2015,0.86,0.86,12-Nov-14,10-Dec-14,03-06-2024
West Bengal,Paschim Medinipur,Keshpur,Teghori,Manta Bani,Mottabani Madhya,1343075,6922745,420167703,Deep Tubewell,Ground Water,Sikhoni Santra,Gram Panchayat,2014-2015,0.86,0.86,14-Nov-14,20-Dec-14,03-06-2024
West Bengal,Paschim Medinipur,Keshpur,Mugbasan,Chhitka,Chilka,1342879,6925205,420170449,Deep Tubewell,Ground Water,swapan palodhi,Gram Panchayat,2014-2015,0.84,0.84,10-Dec-14,30-Dec-14,03-06-2024
West Bengal,Paschim Medinipur,Keshpur,Mugbasan,Jheta Jambani,Battala,1342885,6925205,420170444,Deep Tubewell,Ground Water,Sk Samuruddin Ali,Gram Panchayat,2014-2015,0.84,0.84,10-Dec-14,30-Dec-14,03-06-2024
West Bengal,Paschim Medinipur,Keshpur,Mugbasan,Gar Senapatya,Dalaipara,1342871,6925241,420170464,Deep Tubewell,Ground Water,Lulki Doloi,Gram Panchayat,2014-2015,0.86,0.86,10-Dec-14,30-Dec-14,03-06-2024
West Bengal,Paschim Medinipur,Keshpur,Mugbasan,Bejara,Belara,1342874,6925241,420170470,Deep Tubewell,Ground Water,Sk Sadek Ali,Gram Panchayat,2014-2015,0.86,0.86,10-Dec-14,30-Dec-14,03-06-2024
West Bengal,Paschim Medinipur,Keshpur,Amrakuchi,Khasla,Mallickpara,1343168,6927908,420172700,Deep Tubewell,Ground Water,Majed Mallick,Gram Panchayat,2014-2015,0.82,0.82,12-Oct-14,30-Dec-14,03-06-2024
West Bengal,Paschim Medinipur,Keshpur,Dhalhara,Damodar Chak,East Para,1343527,6928652,420173202,Deep Tubewell,Ground Water,Sk Atabul Rahaman,Gram Panchayat,2014-2015,0.82,0.82,06-Oct-14,20-Dec-14,03-06-2024
West Bengal,Paschim Medinipur,Keshpur,Golarh,Gopi Bar,Gopi Bar,1766774,6929575,420173644,Deep Tubewell,Ground Water,Sk Samser Ali,Gram Panchayat,2014-2015,0.86,0.86,06-Oct-14,25-Dec-14,03-06-2024
West Bengal,Paschim Medinipur,Keshpur,Golarh,Palangpur,Palangpur,1342834,6929575,420173638,Deep Tubewell,Ground Water,Haradhan Doloi,Gram Panchayat,2014-2015,0.86,0.86,06-Oct-14,25-Dec-14,03-06-2024
West Bengal,Paschim Medinipur,Keshpur,Golarh,Khagra Gerya,Khasigeria Kolyapara,1342683,6929575,420173646,Deep Tubewell,Ground Water,Idrish Mallick,Gram Panchayat,2014-2015,0.86,0.86,06-Oct-14,25-Dec-14,03-06-2024
West Bengal,Paschim Medinipur,Keshpur,Mugbasan,Mamudpur,Namudpur - Paschimpara,1342913,6929645,420173690,Deep Tubewell,Ground Water,Primary School,Gram Panchayat,2014-2015,0.86,0.86,12-Oct-14,25-Dec-14,03-06-2024
West Bengal,Paschim Medinipur,Keshpur,Mugbasan,Mugbasan,Das Para,1342927,6929645,420173687,Deep Tubewell,Ground Water,S.S.K.,Gram Panchayat,2014-2015,0.86,0.86,12-Oct-14,25-Dec-14,03-06-2024
West Bengal,Paschim Medinipur,Keshpur,Enayetpur,Bishwanath Pur,Biswanathpur Hemrompara,1343823,6929645,420173704,Deep Tubewell,Ground Water,Asit Pandit,Gram Panchayat,2014-2015,0.86,0.86,12-Oct-14,25-Dec-14,03-06-2024
West Bengal,Paschim Medinipur,Keshpur,Mugbasan,Khordda Radha Ballabhpur,Kharda,1342942,6931156,420175110,Deep Tubewell,Ground Water,Khorda I.C.D.S.,Gram Panchayat,2014-2015,0.82,0.82,02-Oct-14,12-Apr-17,03-06-2024
West Bengal,Paschim Medinipur,Keshpur,Golarh,Langal Dihi,Langaldihi,1342861,6931185,420175152,Deep Tubewell,Ground Water,Ajit Das,Gram Panchayat,2014-2015,0.82,0.82,02-Nov-14,25-Dec-14,03-06-2024
West Bengal,Paschim Medinipur,Keshpur,Golarh,Konan,Konan - Uttarpara,1342803,6931185,420175165,Deep Tubewell,Ground Water,Sujoy Doloi,Gram Panchayat,2014-2015,0.82,0.82,02-Nov-14,25-Dec-14,03-06-2024
West Bengal,Paschim Medinipur,Keshpur,Golarh,Konan,Konan - Uttarpara,1342803,6931185,420175166,Deep Tubewell,Ground Water,Primary School,Gram Panchayat,2014-2015,0.82,0.82,02-Nov-14,25-Dec-14,03-06-2024
West Bengal,Paschim Medinipur,Keshpur,Golarh,Kashipur,Kashipur,1342836,6931185,420175159,Deep Tubewell,Ground Water,Primary School,Gram Panchayat,2014-2015,0.82,0.82,02-Nov-14,25-Dec-14,03-06-2024
West Bengal,Paschim Medinipur,Keshpur,Golarh,Turuk Gerya,Turukgeria,1342838,6931185,420175156,Deep Tubewell,Ground Water,Gostha Rana,Gram Panchayat,2014-2015,0.82,0.82,02-Nov-14,25-Dec-14,03-06-2024
West Bengal,Paschim Medinipur,Keshpur,Mugbasan,Miradanga,Miradanga Paschim,1342872,6935939,420199977,Deep Tubewell,Ground Water,mira danga,Construction of 262 Nos Rig Bored Tubewell Spot Sources fitted with India Mark II hand pump at different sourceless Anganwari Centres located at Govt. Premises SM04899,2014-2015,247.13,364.60493,14-Nov-14,31-Mar-19,03-06-2024
West Bengal,Paschim Medinipur,Keshpur,Jhentla,Jhinuka,Jhinuka,1343624,6935939,420199839,Deep Tubewell,Ground Water,250 Jhinuka,Construction of 262 Nos Rig Bored Tubewell Spot Sources fitted with India Mark II hand pump at different sourceless Anganwari Centres located at Govt. Premises SM04899,2014-2015,247.13,364.60493,14-Nov-14,31-Mar-19,03-06-2024
West Bengal,Paschim Medinipur,Keshpur,Amrakuchi,Panchami,Mollapara,1343137,6937928,420177910,Deep Tubewell,Ground Water,Hurmuj Khan,Gram Panchayat,2014-2015,0.83,0.83,02-Nov-14,12-Dec-14,03-06-2024
West Bengal,Paschim Medinipur,Keshpur,Amrakuchi,Panchami,Mollapara,1343137,6937928,420177911,Deep Tubewell,Ground Water,Isahak Md.,Gram Panchayat,2014-2015,0.83,0.83,02-Nov-14,12-Dec-14,03-06-2024
West Bengal,Paschim Medinipur,Keshpur,Teghori,Khanra Sai,Kharasai,1343015,6937928,420177913,Deep Tubewell,Ground Water,Durbadal Samanta,Gram Panchayat,2014-2015,0.83,0.83,02-Nov-14,12-Dec-14,03-06-2024
West Bengal,Paschim Medinipur,Keshpur,Teghori,Ganta,Ganta,1343033,6937928,420177915,Deep Tubewell,Ground Water,Bijoy Mudi,Gram Panchayat,2014-2015,0.83,0.83,02-Nov-14,12-Dec-14,03-06-2024
West Bengal,Paschim Medinipur,Keshpur,Sirsa,Surat Ganja,Suratgeria,1342664,6938969,420178303,Deep Tubewell,Ground Water,S.S.K.,Gram Panchayat,2014-2015,0.82,0.82,12-Oct-14,09-May-17,03-06-2024
West Bengal,Paschim Medinipur,Keshpur,Sirsa,Shirsha,Shirsha,1766945,6938969,420178302,Deep Tubewell,Ground Water,Road Side,Gram Panchayat,2014-2015,0.82,0.82,12-Oct-14,09-May-17,03-06-2024
West Bengal,Paschim Medinipur,Keshpur,Sirsa,Parulia,Purulia,1343688,6938969,420178301,Deep Tubewell,Ground Water,Shib-Kali Mondir,Gram Panchayat,2014-2015,0.82,0.82,12-Oct-14,09-May-17,03-06-2024
West Bengal,Paschim Medinipur,Keshpur,Golarh,Inad Chak,Khanpara,1342857,6940507,420178840,Deep Tubewell,Ground Water,Sk Alamgir Ali,Gram Panchayat,2014-2015,0.82,0.82,10-Oct-14,12-Dec-14,03-06-2024
West Bengal,Paschim Medinipur,Keshpur,Teghori,Dhakkata,Madhya Para,1343078,6956896,420183090,Deep Tubewell,Ground Water,Dilip Sing,Gram Panchayat,2014-2015,0.82,0.82,15-Dec-14,12-Jan-15,03-06-2024
West Bengal,Paschim Medinipur,Keshpur,Teghori,Kanch Gerya,Majipara,1343086,6963002,420184847,Deep Tubewell,Ground Water,Nilkanchan Mallick,Gram Panchayat,2014-2015,0.8,0.8,15-Dec-14,05-Apr-17,03-06-2024
West Bengal,Paschim Medinipur,Keshpur,Teghori,Kanch Gerya,Banik Para,1343085,6963002,420184851,Deep Tubewell,Ground Water,Satya Banik,Gram Panchayat,2014-2015,0.8,0.8,15-Dec-14,05-Apr-17,03-06-2024
West Bengal,Paschim Medinipur,Keshpur,Amrakuchi,Charka,Mallick Para,1343175,6964696,420185187,Deep Tubewell,Ground Water,Hamid Mandal,Gram Panchayat,2014-2015,0.82,0.82,15-Dec-14,14-Jan-15,03-06-2024
West Bengal,Paschim Medinipur,Keshpur,Amanpur,Burya Pat,Patrapara,1342750,6968525,420185682,Deep Tubewell,Ground Water,Samabai Samity,Gram Panchayat,2014-2015,0.82,0.82,15-Dec-14,12-Jan-15,03-06-2024
West Bengal,Paschim Medinipur,Keshpur,Amanpur,Keshur Gerya,Kheshargeria,1342786,6968525,420185688,Deep Tubewell,Ground Water,Jugol Doloi,Gram Panchayat,2014-2015,0.82,0.82,15-Dec-14,12-Jan-15,03-06-2024
West Bengal,Paschim Medinipur,Keshpur,Amanpur,Panch Khuiri,Parapara,1342744,6970342,420186355,Deep Tubewell,Ground Water,Sunil Roy,Gram Panchayet,2014-2015,0.82,0.82,02-Jan-15,30-Jan-15,03-06-2024
West Bengal,Paschim Medinipur,Keshpur,Enayetpur,Bishwanath Pur,Biswanathpur Hemrompara,1343823,6990457,420190106,Deep Tubewell,Ground Water,G.P. Office,Gram Panchayat,2014-2015,0.8,0.8,10-Jan-15,12-Feb-15,03-06-2024
West Bengal,Paschim Medinipur,Keshpur,Keshpur,Ichhai Pur,Purb Para,1343263,7012047,420192813,Deep Tubewell,Ground Water,Naudsad Ali,Gram Panchayet,2014-2015,0.8,0.8,12-Jan-15,02-Feb-15,03-06-2024
West Bengal,Paschim Medinipur,Keshpur,Keshpur,Ichhai Pur,Purb Para,1343263,7012047,420192814,Deep Tubewell,Ground Water,Sk Yarali,Gram Panchayet,2014-2015,0.8,0.8,12-Jan-15,02-Feb-15,03-06-2024
West Bengal,Paschim Medinipur,Keshpur,Amrakuchi,Rasidpur,Rashidpur,1343126,7022343,420193789,Deep Tubewell,Ground Water,Kharika I.C.D.S.,Gram Panchayet,2014-2015,0.8,0.8,02-Jan-15,12-Feb-15,03-06-2024
West Bengal,Paschim Medinipur,Keshpur,Anandapur,Lauria,Adibasipara,1343240,7023694,420194058,Deep Tubewell,Ground Water,S.S.K.,Gram Panchayet,2014-2015,0.82,0.82,02-Jan-15,12-Feb-15,03-06-2024
West Bengal,Paschim Medinipur,Keshpur,Enayetpur,Chotta Pasha,Chatopansa,1343755,7023694,420194052,Deep Tubewell,Ground Water,Primary School,Gram Panchayet,2014-2015,0.82,0.82,02-Jan-15,12-Feb-15,03-06-2024
West Bengal,Paschim Medinipur,Keshpur,Enayetpur,Chotta Pasha,Kumaripara,1343756,7023694,420194050,Deep Tubewell,Ground Water,Bunaram Kisku,Gram Panchayet,2014-2015,0.82,0.82,02-Jan-15,12-Feb-15,03-06-2024
West Bengal,Paschim Medinipur,Keshpur,Mugbasan,Chhitka,Chilka,1342879,7027325,420194777,Deep Tubewell,Ground Water,Kshudiram More,Gram Panchayet,2014-2015,0.82,0.82,15-Feb-15,10-Mar-15,03-06-2024
West Bengal,Paschim Medinipur,Keshpur,Amrakuchi,Chaita,Chaita Kacharichak,1343143,7014932,420193018,Deep Tubewell,Ground Water,Miskin Ali,Gram Panchayet,2014-2015,0.8,0.8,02-Jan-15,12-Feb-15,03-06-2024
West Bengal,Paschim Medinipur,Keshpur,Kalagram,Chhutar Gerya,Chhutar Gerya,1766912,7014932,420193021,Deep Tubewell,Ground Water,S.S.K.,Gram Panchayet,2014-2015,0.8,0.8,02-Jan-15,12-Feb-15,03-06-2024
West Bengal,Paschim Medinipur,Keshpur,Kalagram,Amlada,Mallickpara,1343393,7014932,420193019,Deep Tubewell,Ground Water,Bazar,Gram Panchayet,2014-2015,0.8,0.8,02-Jan-15,12-Feb-15,03-06-2024
West Bengal,Paschim Medinipur,Keshpur,Kalagram,Amdubi,Hat Para,1343392,7014932,420193027,Deep Tubewell,Ground Water,Narendranath Doloi,Gram Panchayet,2014-2015,0.8,0.8,02-Jan-15,12-Feb-15,03-06-2024
West Bengal,Paschim Medinipur,Keshpur,Kalagram,Akhra Pota,Paschimpara,1343387,7014932,420193020,Deep Tubewell,Ground Water,S.S.K.,Gram Panchayet,2014-2015,0.8,0.8,02-Jan-15,12-Feb-15,03-06-2024
West Bengal,Paschim Medinipur,Keshpur,Enayetpur,Nurketu,Nurketu Dolaipara,1343754,7007614,420192435,Deep Tubewell,Ground Water,Intaj Ali,Gram Panchayet,2014-2015,0.8,0.8,02-Jan-15,12-Feb-15,03-06-2024
West Bengal,Paschim Medinipur,Keshpur,Enayetpur,Badar,Ramanda Dolai Para,1343853,7050308,420197297,Deep Tubewell,Ground Water,Golam Murmu,Gram Panchayet,2014-2015,0.82,0.82,15-Feb-15,10-Mar-15,03-06-2024
West Bengal,Paschim Medinipur,Keshpur,Anandapur,Anandapur,Chak Bazar,1343201,7070690,420201645,Deep Tubewell,Ground Water,Nanda Das,Gram Panchayet,2015-2016,0.84,0.84,02-Mar-15,25-Mar-15,03-06-2024
West Bengal,Paschim Medinipur,Keshpur,Anandapur,Anandapur,Madhya Paschim Indrapur,1343192,7070690,420201643,Deep Tubewell,Ground Water,Sadananda Sheet,Gram Panchayet,2015-2016,0.84,0.84,02-Mar-15,25-Mar-15,03-06-2024
West Bengal,Paschim Medinipur,Keshpur,Anandapur,Anandapur,Sk. Para,1343214,7070690,420201642,Deep Tubewell,Ground Water,Mahammad Khan,Gram Panchayet,2015-2016,0.84,0.84,02-Mar-15,25-Mar-15,03-06-2024
West Bengal,Paschim Medinipur,Keshpur,Kalagram,Kalagram,Dnatri Para,1343341,7081050,420203895,Deep Tubewell,Ground Water,Lakshikanta Sing,Gram Panchayet,2015-2016,0.82,0.82,02-Mar-15,03-May-17,03-06-2024
West Bengal,Paschim Medinipur,Keshpur,Kalagram,Kalagram,Dnatri Para,1343341,7081050,420203894,Deep Tubewell,Ground Water,Sushil Karan,Gram Panchayet,2015-2016,0.82,0.82,02-Mar-15,03-May-17,03-06-2024
West Bengal,Paschim Medinipur,Keshpur,Kalagram,Kalagram,Sen Para,1343343,7081050,420203896,Deep Tubewell,Ground Water,Dijen Sen,Gram Panchayet,2015-2016,0.82,0.82,02-Mar-15,03-May-17,03-06-2024
West Bengal,Paschim Medinipur,Keshpur,Sirsa,Gopinathpur,Karanpara,1342644,7082481,420204449,Deep Tubewell,Ground Water,Satyakingkar Kasandi,Gram Panchayet,2015-2016,0.82,0.82,02-Mar-15,12-Apr-17,03-06-2024
West Bengal,Paschim Medinipur,Keshpur,Anandapur,Tengaerya,Sk. Para,1343225,7304466,420210902,Deep Tubewell,Ground Water,Sk Muktar Ali,Gram Panchayet,2015-2016,0.8,0.8,02-May-15,22-May-15,03-06-2024
West Bengal,Paschim Medinipur,Keshpur,Anandapur,Jhatiar,Jatiara - Mirya Para,1343245,7304466,420210904,Deep Tubewell,Ground Water,Masam Ali,Gram Panchayet,2015-2016,0.8,0.8,02-May-15,22-May-15,03-06-2024
West Bengal,Paschim Medinipur,Keshpur,Anandapur,Anandapur,Hari Para,1343197,7304674,420210955,Deep Tubewell,Ground Water,Kabita Das,Gram Panchayet,2015-2016,0.8,0.8,02-May-15,22-May-15,03-06-2024
West Bengal,Paschim Medinipur,Keshpur,Amanpur,Panch Khuiri,Kalyanipara,1342746,7305132,420211081,Deep Tubewell,Ground Water,Asit Roy,Gram Panchayet,2015-2016,0.8,0.8,02-May-15,22-May-15,03-06-2024
West Bengal,Paschim Medinipur,Keshpur,Amanpur,Panch Khuiri,Chakpara,1342747,7305133,420211087,Deep Tubewell,Ground Water,Jhantu Pan,Gram Panchayet,2015-2016,0.8,0.8,02-May-15,22-May-15,03-06-2024
West Bengal,Paschim Medinipur,Keshpur,Amanpur,Panch Khuiri,Chakpara,1342747,7305133,420211085,Deep Tubewell,Ground Water,Kedar Roy,Gram Panchayet,2015-2016,0.8,0.8,02-May-15,22-May-15,03-06-2024
West Bengal,Paschim Medinipur,Keshpur,Amanpur,Karuria,Adibasipara,1342742,7307492,420211540,Deep Tubewell,Ground Water,I.C.D.S.,Gram Panchayet,2015-2016,0.8,0.8,02-May-15,22-May-15,03-06-2024
West Bengal,Paschim Medinipur,Keshpur,Amanpur,Karuria,Adibasipara,1342742,7307493,420211553,Deep Tubewell,Ground Water,Sitaram Koyla,Gram Panchayet,2015-2016,0.8,0.8,02-May-15,22-May-15,03-06-2024
West Bengal,Paschim Medinipur,Keshpur,Enayetpur,Mirpur,Mirpur Mallickpara,1343788,7337146,420232986,Deep Tubewell,Ground Water,Mirpur ICDS No. 349,Installation of 225 Nos  India Mark II Tubewell with Solar Power Dual Pumping System to provide drinking water facility in the,2015-2016,854.23,0,23-Sep-15,03-May-23,03-06-2024
West Bengal,Paschim Medinipur,Keshpur,Anandapur,Nutan Bajar,Natunbazar - Kotalpara,1343254,7337146,420232982,Deep Tubewell,Ground Water,Natun Bazar ICDS,Installation of 225 Nos  India Mark II Tubewell with Solar Power Dual Pumping System to provide drinking water facility in the,2015-2016,854.23,0,23-Sep-15,03-May-23,03-06-2024
West Bengal,Paschim Medinipur,Keshpur,Dhalhara,Krishnapat,Krishnapat Karak Para,1343541,7337146,420232984,Deep Tubewell,Ground Water,Krishnapat ICDS nO. 246,Installation of 225 Nos  India Mark II Tubewell with Solar Power Dual Pumping System to provide drinking water facility in the,2015-2016,854.23,0,23-Sep-15,03-May-23,03-06-2024
West Bengal,Paschim Medinipur,Keshpur,Jorakeudi Solidiha,Sankrui,Sankrai,1342591,7337146,420232993,Deep Tubewell,Ground Water,Sankrui 1 ICDS,Installation of 225 Nos  India Mark II Tubewell with Solar Power Dual Pumping System to provide drinking water facility in the,2015-2016,854.23,0,23-Sep-15,03-May-23,03-06-2024
West Bengal,Paschim Medinipur,Keshpur,Sirsa,Akmura,Akmura Doloipara,1342655,7337146,420232991,Deep Tubewell,Ground Water,Akmura Bhandaripara ICDS,Installation of 225 Nos  India Mark II Tubewell with Solar Power Dual Pumping System to provide drinking water facility in the,2015-2016,854.23,0,23-Sep-15,03-May-23,03-06-2024
West Bengal,Paschim Medinipur,Keshpur,Jagannathpur,Dalang,Dolong Paschimpara,1342971,7337146,420232981,Deep Tubewell,Ground Water,Dalang Pausa ICDS,Installation of 225 Nos  India Mark II Tubewell with Solar Power Dual Pumping System to provide drinking water facility in the,2015-2016,854.23,0,23-Sep-15,03-May-23,03-06-2024
West Bengal,Paschim Medinipur,Keshpur,Kalagram,Suratpur,Dolaipara,1343353,7349956,420219203,Deep Tubewell,Ground Water,Shankar Doloi,Gram Panchayet,2015-2016,0.8,0.8,15-Apr-15,02-May-17,03-06-2024
West Bengal,Paschim Medinipur,Keshpur,Kalagram,Suratpur,Paschim Para - 2,1343352,7349956,420219198,Deep Tubewell,Ground Water,School,Gram Panchayet,2015-2016,0.8,0.8,15-Apr-15,02-May-17,03-06-2024
West Bengal,Paschim Medinipur,Keshpur,Mugbasan,Mundalika,Mundalika - Dalbara Para,1342921,7351110,420219698,Deep Tubewell,Ground Water,Khokon Dalbera,Grampanchayet,2015-2016,0.8,0.8,02-Jul-15,10-Aug-15,03-06-2024
West Bengal,Paschim Medinipur,Keshpur,Mugbasan,Mundalika,Mundalika - Dalbara Para,1342921,7351110,420219699,Deep Tubewell,Ground Water,Subhas Babu,Grampanchayet,2015-2016,0.8,0.8,02-Jul-15,10-Aug-15,03-06-2024
West Bengal,Paschim Medinipur,Keshpur,Mugbasan,Amritpur,Sk. Para,1342919,7351110,420219693,Deep Tubewell,Ground Water,Nanda Mallick,Grampanchayet,2015-2016,0.8,0.8,02-Jul-15,10-Aug-15,03-06-2024
West Bengal,Paschim Medinipur,Keshpur,Sirsa,Surat Ganja,Suratgeria,1342664,7351339,420219810,Deep Tubewell,Ground Water,S.S.K.,Gram Panchayet,2015-2016,0.8,0.8,15-Jul-15,10-May-17,03-06-2024
West Bengal,Paschim Medinipur,Keshpur,Sirsa,Memua,Memua,1342673,7351339,420219817,Deep Tubewell,Ground Water,Bidhan Midya,Gram Panchayet,2015-2016,0.8,0.8,15-Jul-15,10-May-17,03-06-2024
West Bengal,Paschim Medinipur,Keshpur,Teghori,Teghari,Paschim Palli,1343063,7352602,420219949,Deep Tubewell,Ground Water,Teghori High School,Gram Panchayet,2015-2016,0.8,0.8,04-Jun-15,09-May-17,03-06-2024
West Bengal,Paschim Medinipur,Keshpur,Teghori,Bara Baruj,Mana Para,1343092,7352602,420219943,Deep Tubewell,Ground Water,Banamali Manna,Gram Panchayet,2015-2016,0.8,0.8,04-Jun-15,09-May-17,03-06-2024
West Bengal,Paschim Medinipur,Keshpur,Jhentla,Manta,Alipara,1343667,7353758,420220262,Deep Tubewell,Ground Water,Sk Rabijan Hossen,Gram Panchayet,2015-2016,0.8,0.8,04-Jun-15,12-Apr-17,03-06-2024
West Bengal,Paschim Medinipur,Keshpur,Anandapur,Bhagirath Bar,Ghoshpara,1343233,7353758,420220254,Deep Tubewell,Ground Water,Hori Mondir,Gram Panchayet,2015-2016,0.8,0.8,04-Jun-15,12-Apr-17,03-06-2024
West Bengal,Paschim Medinipur,Keshpur,Anandapur,Bhagirath Bar,Ghoshpara,1343233,7353758,420220256,Deep Tubewell,Ground Water,Shakti Sing,Gram Panchayet,2015-2016,0.8,0.8,04-Jun-15,12-Apr-17,03-06-2024
West Bengal,Paschim Medinipur,Keshpur,Amanpur,Eluni,Eloni Mondalpara,1342776,7353921,420220343,Deep Tubewell,Ground Water,Lakshikanta Mallick,Gram Panchayet,2015-2016,0.8,0.8,04-Jun-15,30-Jul-15,03-06-2024
West Bengal,Paschim Medinipur,Keshpur,Sarishakhola,Akna,Aknakaranpara,1343454,7353921,420220352,Deep Tubewell,Ground Water,Joydeb Ghoroi,Gram Panchayet,2015-2016,0.8,0.8,04-Jun-15,30-Jul-15,03-06-2024
West Bengal,Paschim Medinipur,Keshpur,Anandapur,Anandapur,Bankata Office Para,1343181,7365681,420225672,Deep Tubewell,Ground Water,Registry Office,Gram Panchayat,2015-2016,0.8,0.8,25-Jul-15,15-Aug-15,03-06-2024
West Bengal,Paschim Medinipur,Keshpur,Anandapur,Anandapur,Dewan Para,1343209,7365681,420225669,Deep Tubewell,Ground Water,Heda Pukur Par,Gram Panchayat,2015-2016,0.8,0.8,25-Jul-15,15-Aug-15,03-06-2024
West Bengal,Paschim Medinipur,Keshpur,Teghori,Palbani,Palbani,1343045,7365738,420225707,Deep Tubewell,Ground Water,Palabani Ghor,Gram Panchayat,2015-2016,0.8,0.8,25-Jul-15,16-Aug-15,03-06-2024
West Bengal,Paschim Medinipur,Keshpur,Teghori,Kontai,Ghoshpara Paschim,1343046,7103519,420205684,Deep Tubewell,Ground Water,I.C.D.S.(Out Side),Gram Panchayet,2015-2016,0.84,0.84,02-Apr-15,20-Apr-15,03-06-2024
West Bengal,Paschim Medinipur,Keshpur,Teghori,Kontai,Ghoshpara Madhya,1343048,7103519,420205687,Deep Tubewell,Ground Water,Shambhu Babu,Gram Panchayet,2015-2016,0.84,0.84,02-Apr-15,20-Apr-15,03-06-2024
West Bengal,Paschim Medinipur,Keshpur,Teghori,Kontai,Ghoshpara Madhya,1343048,7103519,420205689,Deep Tubewell,Ground Water,Sunil Ghosh,Gram Panchayet,2015-2016,0.84,0.84,02-Apr-15,20-Apr-15,03-06-2024
West Bengal,Paschim Medinipur,Keshpur,Amrakuchi,Amrakuchi,Puila Para,1343157,7132385,420206309,Deep Tubewell,Ground Water,Panchanan Puila,Gram Panchayet,2015-2016,0.84,0.84,02-Mar-15,25-Mar-15,03-06-2024
West Bengal,Paschim Medinipur,Keshpur,Kalagram,Birbira,Sk. Para,1343338,7132385,420206319,Deep Tubewell,Ground Water,Sk Furfural,Gram Panchayet,2015-2016,0.84,0.84,02-Mar-15,25-Mar-15,03-06-2024
West Bengal,Paschim Medinipur,Keshpur,Kalagram,Gachh Geria,Madhyampara,1343380,7132385,420206320,Deep Tubewell,Ground Water,I.C.D.S.,Gram Panchayet,2015-2016,0.84,0.84,02-Mar-15,25-Mar-15,03-06-2024
West Bengal,Paschim Medinipur,Keshpur,Amanpur,Eluni,Eloni Mondalpara,1342776,7140831,420207088,Deep Tubewell,Ground Water,Krista Mandal,Gram Panchayet,2015-2016,0.84,0.84,02-Mar-15,28-Mar-15,03-06-2024
West Bengal,Paschim Medinipur,Keshpur,Amrakuchi,Nagda,Mura Para,1343108,7140831,420207086,Deep Tubewell,Ground Water,Tufan Mura,Gram Panchayet,2015-2016,0.84,0.84,02-Mar-15,28-Mar-15,03-06-2024
West Bengal,Paschim Medinipur,Keshpur,Kalagram,Kalagram,Maity Para,1343342,7214185,420208585,Deep Tubewell,Ground Water,Joyonta Maity,Gram Panchayet,2015-2016,0.86,0.86,02-Apr-15,10-May-15,03-06-2024
West Bengal,Paschim Medinipur,Keshpur,Kalagram,Kalagram,Maity Para,1343342,7214185,420208584,Deep Tubewell,Ground Water,Pankaj Maity,Gram Panchayet,2015-2016,0.86,0.86,02-Apr-15,10-May-15,03-06-2024
West Bengal,Paschim Medinipur,Keshpur,Kalagram,Kanpur,Dolaipara,1811551,7214185,420208589,Deep Tubewell,Ground Water,Shakti Bardoloi,Gram Panchayet,2015-2016,0.86,0.86,02-Apr-15,10-May-15,03-06-2024
West Bengal,Paschim Medinipur,Keshpur,Sirsa,Shirsha,Shirsha,1766945,7214185,420208593,Deep Tubewell,Ground Water,Shishu Shiksha Kendra,Gram Panchayet,2015-2016,0.86,0.86,02-Apr-15,10-May-15,03-06-2024
West Bengal,Paschim Medinipur,Keshpur,Sirsa,Shirsha,Shirsha,1766945,7214185,420208594,Deep Tubewell,Ground Water,Dhiren Mukherjee,Gram Panchayet,2015-2016,0.86,0.86,02-Apr-15,10-May-15,03-06-2024
West Bengal,Paschim Medinipur,Keshpur,Sirsa,Shirsha,Shirsha,1766945,7214185,420208599,Deep Tubewell,Ground Water,Chandi Karak,Gram Panchayet,2015-2016,0.86,0.86,02-Apr-15,10-May-15,03-06-2024
West Bengal,Paschim Medinipur,Keshpur,Sirsa,Shirsha,Shirsha,1766945,7214185,420208600,Deep Tubewell,Ground Water,Tapan Ghosh,Gram Panchayet,2015-2016,0.86,0.86,02-Apr-15,10-May-15,03-06-2024
West Bengal,Paschim Medinipur,Keshpur,Enayetpur,Kapash Tikri,Letarpara,1343774,7219141,420208819,Deep Tubewell,Ground Water,Nabin Bhattacharya,Gram Panchayet,2015-2016,0.86,0.86,05-Apr-15,01-May-15,03-06-2024
West Bengal,Paschim Medinipur,Keshpur,Amanpur,Panch Khuiri,Chakpara,1342747,7219141,420208823,Deep Tubewell,Ground Water,Dhiman Bishwas,Gram Panchayet,2015-2016,0.86,0.86,05-Apr-15,01-May-15,03-06-2024
West Bengal,Paschim Medinipur,Keshpur,Teghori,Chanda Bila,Chandabila Madhya,1343073,7294636,420210111,Deep Tubewell,Ground Water,Modon Rana,Gram Panchayet,2015-2016,0.8,0.8,02-Apr-15,26-Apr-15,03-06-2024
West Bengal,Paschim Medinipur,Keshpur,Teghori,Kontai,Chandabila Paschim,1343052,7294636,420210114,Deep Tubewell,Ground Water,Kontai Madhyamik Shiksha Kendra(Out side),Gram Panchayet,2015-2016,0.8,0.8,02-Apr-15,26-Apr-15,03-06-2024
West Bengal,Paschim Medinipur,Keshpur,Teghori,Dudiabandi,Dudiabandhi Uporpara,1343027,7294636,420210110,Deep Tubewell,Ground Water,Kali Mandir,Gram Panchayet,2015-2016,0.8,0.8,02-Apr-15,26-Apr-15,03-06-2024
West Bengal,Paschim Medinipur,Keshpur,Jagannathpur,Jagannathpur,Jagannathpur Uttarpara,1343005,7295064,420212417,Deep Tubewell,Ground Water,TALTOLA JR. HIGH UPRY.,Sinking of 85 eighty five Nos India  Mark II tubewell at Sourceless Schools  under Paschim Medinipur District,2015-2016,184.99,80,26-Aug-15,28-Jul-17,03-06-2024
West Bengal,Paschim Medinipur,Keshpur,Amanpur,Dakshin Piashala,Dakhinpiasala Dharapara,1342775,7295851,420210261,Deep Tubewell,Ground Water,Khokon Hazra,Garam Panchayet,2015-2016,0.8,0.8,05-May-15,28-May-15,03-06-2024
West Bengal,Paschim Medinipur,Keshpur,Sirsa,Maharajpur,Maharajpur,1342636,981907,1248520,Deep Tubewell,Ground Water,ICDS,ICDS,2007-2008,0.59,0.59,06-Dec-07,07-Dec-07,03-06-2024
West Bengal,Paschim Medinipur,Keshpur,Dhalhara,Dhalhara,Pabnja Karanpara,1342969,2572522,2377241,Deep Tubewell,Ground Water,NA,Pencha Gerya,2010-2011,0.75,0,01-Oct-10,31-Mar-11,03-06-2024
West Bengal,Paschim Medinipur,Keshpur,Mugbasan,Brahman Chak,Bramhanchak,1343452,2572646,2377249,Deep Tubewell,Ground Water,NA,Brahman Chak,2010-2011,0.75,0,01-Oct-10,31-Mar-11,03-06-2024
West Bengal,Paschim Medinipur,Keshpur,Amanpur,Kalaberya,Purba Kalaberia,1343703,2572827,2377205,Deep Tubewell,Ground Water,NA,Kalaberya,2010-2011,0.75,0,01-Oct-10,31-Mar-11,03-06-2024
West Bengal,Paschim Medinipur,Keshpur,Mugbasan,Bhabani Chak,Betboni,1343020,2573237,2377242,Deep Tubewell,Ground Water,NA,Bhabani Chak,2010-2011,0.75,0,01-Oct-10,31-Mar-11,03-06-2024
West Bengal,Paschim Medinipur,Keshpur,Golarh,Inad Chak,Khanpara,1342857,2573443,2377238,Deep Tubewell,Ground Water,NA,Inad Chak,2010-2011,0.75,0,01-Oct-10,31-Mar-11,03-06-2024
West Bengal,Paschim Medinipur,Keshpur,Jorakeudi Solidiha,Murari,Gararbaga Maitypara,1342662,2573636,2377235,Deep Tubewell,Ground Water,NA,Gar Arara,2010-2011,0.75,0,01-Oct-10,31-Mar-11,03-06-2024
West Bengal,Paschim Medinipur,Keshpur,Jhentla,Salanga,Mondalpara,1343656,4938112,4858996,Deep Tubewell,Ground Water,salanda Pr. School,Salang JV vidyapith U pry school,2012-2013,1,1,01-Jul-12,31-Mar-13,03-06-2024
West Bengal,Paschim Medinipur,Keshpur,Amrakuchi,Panchami,Panchami Mirpara,1343136,4945950,4868935,Deep Tubewell,Ground Water,Panchami MSK,Panchami MSK,2012-2013,0.79,0.79,01-Jul-12,31-Mar-13,03-06-2024
West Bengal,Paschim Medinipur,Keshpur,Jhentla,Jhetla,Jhentla,1343670,4945974,4868954,Deep Tubewell,Ground Water,Dhuntra,Dhuntra,2012-2013,0.79,0.79,01-Jul-12,12-Mar-13,03-06-2024
West Bengal,Paschim Medinipur,Keshpur,Jhentla,Jamua,Jamboni,1342880,4946117,4869076,Deep Tubewell,Ground Water,Jamua,Jamua,2012-2013,0.79,0.79,01-Jul-12,12-Mar-13,03-06-2024
West Bengal,Paschim Medinipur,Keshpur,Dhalhara,Khejur Bani,Paschim Para,1343600,4946140,4869094,Deep Tubewell,Ground Water,Khejurbani,Khejurboni,2012-2013,0.79,0.79,01-Jul-12,31-Mar-13,03-06-2024
West Bengal,Paschim Medinipur,Keshpur,Amrakuchi,Amrakuchi,Adibasipara,1343151,5252501,5200343,Deep Tubewell,Ground Water,Adibasipara,Amrakuchi  W/S Scheme,2012-2013,82.3,122.71081,10-Apr-13,27-Jul-17,03-06-2024
West Bengal,Paschim Medinipur,Keshpur,Keshpur,Keshpur,Paschimpara,1343270,5626377,5591356,Deep Tubewell,Ground Water,Bodhan Kotal,Keshpur W/S Scheme,1989-1990,41.1,41.1,19-Feb-90,21-Jan-94,03-06-2024
West Bengal,Paschim Medinipur,Keshpur,Teghori,Manta Bani,Mottabani Madhya,1343075,5712865,420001321,Deep Tubewell,Ground Water,Multaboni Pry. School,Multaboni Pry. School,2012-2013,0.85,0.85,26-Jan-12,01-May-17,03-06-2024
West Bengal,Paschim Medinipur,Keshpur,Mugbasan,Tal Nanna,Talnanna Majherpara,1342891,5713798,420001460,Deep Tubewell,Ground Water,Talnanna Pry. School,Talnanna Pry. School,2012-2013,0.85,0.85,28-Mar-13,31-Mar-13,03-06-2024
West Bengal,Paschim Medinipur,Keshpur,Amanpur,Kharika,Kharika Miten,1342735,6060335,420009058,Deep Tubewell,Ground Water,KHARIKA MITEN,AMANPUR,2011-2012,0.8,0.8,15-May-11,15-Aug-11,03-06-2024
West Bengal,Paschim Medinipur,Keshpur,Amanpur,Amanpur,Daspara,1342715,6060335,420008936,Deep Tubewell,Ground Water,DASPARA,AMANPUR,2011-2012,0.8,0.8,15-May-11,15-Aug-11,03-06-2024
West Bengal,Paschim Medinipur,Keshpur,Amanpur,Dakshin Piashala,Dakhinpiasala Dharapara,1342775,6060335,420008994,Deep Tubewell,Ground Water,DAKHINPIASALA DHARAPARA,AMANPUR,2011-2012,0.8,0.8,15-May-11,15-Aug-11,03-06-2024
West Bengal,Paschim Medinipur,Keshpur,Amanpur,Palas Larya,Biswaspara,1342706,6060335,420009046,Deep Tubewell,Ground Water,BISWASPARA,AMANPUR,2011-2012,0.8,0.8,15-May-11,15-Aug-11,03-06-2024
West Bengal,Paschim Medinipur,Keshpur,Amanpur,Shitali Sanka,Shitali Sanka,1766760,6060335,420009066,Deep Tubewell,Ground Water,SHITALI SANKA,AMANPUR,2011-2012,0.8,0.8,15-May-11,15-Aug-11,03-06-2024
West Bengal,Paschim Medinipur,Keshpur,Amanpur,Tentulia,Tentulia,1766761,6060335,420009064,Deep Tubewell,Ground Water,TENTULIA,AMANPUR,2011-2012,0.8,0.8,15-May-11,15-Aug-11,03-06-2024
West Bengal,Paschim Medinipur,Keshpur,Amrakuchi,Amrakuchi,Jamira Masjid Tala,1343160,6060710,420009096,Deep Tubewell,Ground Water,JAMIRA MASJID TALA,AMRAKUCHI,2011-2012,0.75,0.75,15-Jul-11,15-Oct-11,03-06-2024
West Bengal,Paschim Medinipur,Keshpur,Amrakuchi,Charka,Mallick Para,1343175,6060710,420009130,Deep Tubewell,Ground Water,MALLICK PARA,AMRAKUCHI,2011-2012,0.75,0.75,15-Jul-11,15-Oct-11,03-06-2024
West Bengal,Paschim Medinipur,Keshpur,Amrakuchi,Nagda,Roy Para,1343105,6060710,420009166,Deep Tubewell,Ground Water,ROY PARA,AMRAKUCHI,2011-2012,0.75,0.75,15-Jul-11,15-Oct-11,03-06-2024
West Bengal,Paschim Medinipur,Keshpur,Amrakuchi,Ganga Para,Gangpara,1343110,6060710,420009124,Deep Tubewell,Ground Water,GANGPARA,AMRAKUCHI,2011-2012,0.75,0.75,15-Jul-11,15-Oct-11,03-06-2024
West Bengal,Paschim Medinipur,Keshpur,Amrakuchi,Kapastikri,Sitalamar,1343133,6060710,420009175,Deep Tubewell,Ground Water,SITALAMAR,AMRAKUCHI,2011-2012,0.75,0.75,15-Jul-11,15-Oct-11,03-06-2024
West Bengal,Paschim Medinipur,Keshpur,Amrakuchi,Chaita,Pathanpara,1343144,6060710,420009134,Deep Tubewell,Ground Water,PATHANPARA,AMRAKUCHI,2011-2012,0.75,0.75,15-Jul-11,15-Oct-11,03-06-2024
West Bengal,Paschim Medinipur,Keshpur,Amrakuchi,Panchami,Allapara,1343142,6060710,420009165,Deep Tubewell,Ground Water,ALLAPARA,AMRAKUCHI,2011-2012,0.75,0.75,15-Jul-11,15-Oct-11,03-06-2024
West Bengal,Paschim Medinipur,Keshpur,Amrakuchi,Kharika,Panchamichak,1343149,6060710,420009172,Deep Tubewell,Ground Water,PANCHAMICHAK,AMRAKUCHI,2011-2012,0.75,0.75,15-Jul-11,15-Oct-11,03-06-2024
West Bengal,Paschim Medinipur,Keshpur,Amrakuchi,Charka,Mir Para,1343172,6060710,420009129,Deep Tubewell,Ground Water,MIR PARA,AMRAKUCHI,2011-2012,0.75,0.75,15-Jul-11,15-Oct-11,03-06-2024
West Bengal,Paschim Medinipur,Keshpur,Amrakuchi,Amrakuchi,Dangapara,1343154,6060710,420009097,Deep Tubewell,Ground Water,DANGAPARA,AMRAKUCHI,2011-2012,0.75,0.75,15-Jul-11,15-Oct-11,03-06-2024
West Bengal,Paschim Medinipur,Keshpur,Teghori,Chhoto Baruj,Mondalpara,1343094,6124245,420012265,Deep Tubewell,Ground Water,Fakir Pradhan,Fakir Pradhan,2013-2014,0.81,0.81,13-May-13,16-Jul-13,03-06-2024
West Bengal,Paschim Medinipur,Keshpur,Keshpur,Keshpur,Paschimpara,1343270,6154844,420013329,Deep Tubewell,Ground Water,Tube-Well 2,Keshpur water supply scheme,2013-2014,150,0,15-Feb-13,16-Mar-16,03-06-2024
West Bengal,Paschim Medinipur,Keshpur,Amrakuchi,Mukti Chak,Amulia,1343161,6199423,420019712,Deep Tubewell,Ground Water,Muktichak,Muktichak,2013-2014,0.8,0.8,11-Apr-13,01-May-17,03-06-2024
West Bengal,Paschim Medinipur,Keshpur,Golarh,Golar,Hazra Para,1342844,6217660,420020859,Deep Tubewell,Ground Water,Hazra Para,Hazra Para,2013-2014,0.82,0.82,17-Apr-13,15-Oct-13,03-06-2024
West Bengal,Paschim Medinipur,Keshpur,Golarh,Golar,Panditpara,1342843,6217716,420020861,Deep Tubewell,Ground Water,Pandit Para,Pandtit Para,2013-2014,0.84,0.84,21-Apr-13,15-Nov-13,03-06-2024
West Bengal,Paschim Medinipur,Keshpur,Golarh,Gopi Bar,Gopi Bar,1766774,6217844,420020888,Deep Tubewell,Ground Water,Gopi Bar,Gopi Bar,2013-2014,0.85,0.85,01-Apr-13,30-Apr-13,03-06-2024
West Bengal,Paschim Medinipur,Keshpur,Dhalhara,Khirish Mul,Bona Mara,1343591,6278201,420024513,Deep Tubewell,Ground Water,Khirismul S.S.K.,Grampanchayet tubewell,2013-2014,0.75,0.75,12-Apr-13,30-Sep-14,03-06-2024
West Bengal,Paschim Medinipur,Keshpur,Dhalhara,Birambar,Birambarh,1343578,6278248,420024523,Deep Tubewell,Ground Water,Ratan Mandal,Grampanchayet tubewell,2013-2014,0.8,0.8,12-Mar-13,18-Oct-14,03-06-2024
West Bengal,Paschim Medinipur,Keshpur,Anandapur,Lauria,Adibasipara,1343240,6296138,420028428,Deep Tubewell,Ground Water,Lourhia Library,Lourhia Library,2010-2011,0.79,0.79,08-Aug-10,10-Aug-10,03-06-2024
West Bengal,Paschim Medinipur,Keshpur,Anandapur,Lepsa,Madhyapara,1343251,6296148,420028429,Deep Tubewell,Ground Water,"Pachra Pukurpar, Lepsya","Pachra Pukurpar, Lepsya",2010-2011,0.79,0.79,11-Aug-10,13-Aug-10,03-06-2024
West Bengal,Paschim Medinipur,Keshpur,Jagannathpur,Kheruabali,Kheruabali Uttarpara,1342951,6297627,420028488,Deep Tubewell,Ground Water,Kheriabali Adibasi Para,Kheriabali Adibasi Para,2010-2011,0.79,0.79,09-Sep-10,10-Sep-10,03-06-2024
West Bengal,Paschim Medinipur,Keshpur,Mugbasan,Ashrafpur,Majipara,1343264,6297634,420028490,Deep Tubewell,Ground Water,Asrafpur Astana,Asrafpur Astana,2010-2011,0.79,0.79,13-Sep-10,14-Sep-10,03-06-2024
West Bengal,Paschim Medinipur,Keshpur,Jhentla,Paruliya,Parulea,1342670,6297686,420028493,Deep Tubewell,Ground Water,Parulia Chawk Road Side,Parulia Chawk Road Side,2010-2011,0.79,0.79,25-Sep-10,26-Sep-10,03-06-2024
West Bengal,Paschim Medinipur,Keshpur,Enayetpur,Bishwanath Pur,Doloipara,1343826,6297697,420028494,Deep Tubewell,Ground Water,Biswanathpur near H/O K.Dolai,Biswanathpur near H/O K.Dolai,2010-2011,0.79,0.79,27-Sep-10,28-Sep-10,03-06-2024
West Bengal,Paschim Medinipur,Keshpur,Anandapur,Ranpara,Ranipara - Madhyapara,1343248,6297775,420028509,Deep Tubewell,Ground Water,Ronpara,Ronpara,2010-2011,0.79,0.79,25-Mar-11,26-Mar-11,03-06-2024
West Bengal,Paschim Medinipur,Keshpur,Enayetpur,Mahesh Pur,Harijanpara,1343847,6334095,420031784,Deep Tubewell,Ground Water,Nouka Ghat,Grampanchayet tubewell,2013-2014,0.8,0.8,02-May-13,09-Jan-14,03-06-2024
West Bengal,Paschim Medinipur,Keshpur,Mugbasan,Jheta Jambani,Jheta Jamboni Khanpara,1342881,6199402,420019710,Deep Tubewell,Ground Water,Jhetajamboni Pry. School,Jhetajamboni Pry. School,2013-2014,0.8,0.8,01-Apr-13,05-Apr-13,03-06-2024
West Bengal,Paschim Medinipur,Keshpur,Jorakeudi Solidiha,Junpara,Jonpara Mahatopara,1342630,6297712,420028497,Deep Tubewell,Ground Water,Junpara,Junpara,2010-2011,0.79,0.79,01-Mar-11,03-Mar-11,03-06-2024
West Bengal,Paschim Medinipur,Keshpur,Dhalhara,Dhalhara,Dhalhara,1343534,6278163,420024505,Deep Tubewell,Ground Water,Staff Office,Grampanchayet tubewell,2013-2014,0.8,0.8,15-Apr-13,22-Dec-14,03-06-2024
West Bengal,Paschim Medinipur,Keshpur,Dhalhara,Dhalhara,Dhalhara,1343534,6278163,420024503,Deep Tubewell,Ground Water,H.S.School,Grampanchayet tubewell,2013-2014,0.8,0.8,15-Apr-13,22-Dec-14,03-06-2024
West Bengal,Paschim Medinipur,Keshpur,Golarh,Ratna,Ratna,1342837,6296220,420028437,Deep Tubewell,Ground Water,Ratna SSK,Ratna SSK,2010-2011,0.79,0.79,29-Aug-10,31-Aug-10,03-06-2024
West Bengal,Paschim Medinipur,Keshpur,Golarh,Golar,Shibbagarpara,1342847,6217790,420020887,Deep Tubewell,Ground Water,Shibbagar Para,ShibbaGar Prara,2013-2014,0.85,0.85,01-Apr-13,30-Apr-13,03-06-2024
West Bengal,Paschim Medinipur,Keshpur,Golarh,Golar,Uttarpara,1342842,6217789,420020886,Deep Tubewell,Ground Water,Uttar Para,Uttar Para,2013-2014,0.85,0.85,01-Apr-13,30-Apr-13,03-06-2024
West Bengal,Paschim Medinipur,Keshpur,Enayetpur,Kanja Gerya,Kanja Gerya,1766666,6336617,420032477,Deep Tubewell,Ground Water,Koronga gerya,Grampanchayet tubewell,2013-2014,0.7,0.7,01-Apr-13,20-Feb-14,03-06-2024
West Bengal,Paschim Medinipur,Keshpur,Amrakuchi,Kharika,Midyapara,1343147,6351997,420035986,Deep Tubewell,Ground Water,Kharika Primary School,Grampanchayet tubewell,2013-2014,0.8,0.8,22-Mar-13,25-Jan-14,03-06-2024
West Bengal,Paschim Medinipur,Keshpur,Golarh,Dharmma Pur,Dhanapur - Dolaipara,1342848,6352973,420036255,Deep Tubewell,Ground Water,BISWANATH BARDOLOI,GRAM PANCHAYAT,2013-2014,0.8,0.8,12-Mar-13,17-Jan-14,03-06-2024
West Bengal,Paschim Medinipur,Keshpur,Enayetpur,Bishwanath Pur,Doloipara,1343826,6352973,420036246,Deep Tubewell,Ground Water,BIREN DOLOI,GRAM PANCHAYAT,2013-2014,0.8,0.8,12-Mar-13,17-Jan-14,03-06-2024
West Bengal,Paschim Medinipur,Keshpur,Enayetpur,Bishwanath Pur,Doloipara,1343826,6352973,420036248,Deep Tubewell,Ground Water,C.P.I(M) PARTY OFFICE,GRAM PANCHAYAT,2013-2014,0.8,0.8,12-Mar-13,17-Jan-14,03-06-2024
West Bengal,Paschim Medinipur,Keshpur,Enayetpur,Bagrui,Doloipara,1343840,6352980,420036265,Deep Tubewell,Ground Water,Samanta Soren,Gram Panchayat,2013-2014,0.8,0.8,12-May-13,11-Apr-17,03-06-2024
West Bengal,Paschim Medinipur,Keshpur,Enayetpur,Bagrui,Bagrai Bagdipara,1343839,6352980,420036267,Deep Tubewell,Ground Water,Nagen Roy,Gram Panchayat,2013-2014,0.8,0.8,12-May-13,11-Apr-17,03-06-2024
West Bengal,Paschim Medinipur,Keshpur,Golarh,Shuknash,Suknash,1342801,6353047,420036315,Deep Tubewell,Ground Water,RAICHARAN DOLOI,GRAM PANCHAYAT,2013-2014,0.8,0.8,15-Apr-13,26-Jan-14,03-06-2024
West Bengal,Paschim Medinipur,Keshpur,Golarh,Shuknash,Suknash,1342801,6353047,420036314,Deep Tubewell,Ground Water,PURNA BHUNIA,GRAM PANCHAYAT,2013-2014,0.8,0.8,15-Apr-13,26-Jan-14,03-06-2024
West Bengal,Paschim Medinipur,Keshpur,Enayetpur,Mishri Chak,Janapara,1343744,6353057,420036335,Deep Tubewell,Ground Water,Tapas Patra,Gram Panchayat,2013-2014,0.7,0.7,12-May-13,11-Apr-17,03-06-2024
West Bengal,Paschim Medinipur,Keshpur,Enayetpur,Bishwanathpur Patna,Sahapara,1343829,6353062,420036340,Deep Tubewell,Ground Water,KAMU TUDU,GRAM PANCHAYAT,2013-2014,0.8,0.8,18-Apr-13,11-Apr-17,03-06-2024
West Bengal,Paschim Medinipur,Keshpur,Enayetpur,Bishwanathpur Patna,Sahapara,1343829,6353062,420036341,Deep Tubewell,Ground Water,BISWANATHPUR G.P OFFICE,GRAM PANCHAYAT,2013-2014,0.8,0.8,18-Apr-13,11-Apr-17,03-06-2024
West Bengal,Paschim Medinipur,Keshpur,Golarh,Golar,Panditpara,1342843,6353095,420036385,Deep Tubewell,Ground Water,DILIP MAITY,GRAM PANCHAYAT,2013-2014,0.8,0.8,23-Apr-13,23-Jan-14,03-06-2024
West Bengal,Paschim Medinipur,Keshpur,Golarh,Golar,Panditpara,1342843,6353095,420036384,Deep Tubewell,Ground Water,ANIL DOLOI,GRAM PANCHAYAT,2013-2014,0.8,0.8,23-Apr-13,23-Jan-14,03-06-2024
West Bengal,Paschim Medinipur,Keshpur,Golarh,Golar,Panditpara,1342843,6353095,420036382,Deep Tubewell,Ground Water,BIMAN PANDIT,GRAM PANCHAYAT,2013-2014,0.8,0.8,23-Apr-13,23-Jan-14,03-06-2024
West Bengal,Paschim Medinipur,Keshpur,Golarh,Dapur,Dadpur - Dolaipara,1342839,6353095,420036378,Deep Tubewell,Ground Water,MONIKA DOLOI,GRAM PANCHAYAT,2013-2014,0.8,0.8,23-Apr-13,23-Jan-14,03-06-2024
West Bengal,Paschim Medinipur,Keshpur,Golarh,Dapur,Dadpur - Dolaipara,1342839,6353095,420036377,Deep Tubewell,Ground Water,ABANI DOLOI,GRAM PANCHAYAT,2013-2014,0.8,0.8,23-Apr-13,23-Jan-14,03-06-2024
West Bengal,Paschim Medinipur,Keshpur,Dhalhara,Parulia,Adibasi Para,1343547,6354140,420036743,Deep Tubewell,Ground Water,AJIT PATRA,GRAM PANCHAYAT,2013-2014,0.8,0.8,25-Apr-13,06-Jan-14,03-06-2024
West Bengal,Paschim Medinipur,Keshpur,Dhalhara,Krishnapat,Bag Para,1343542,6354140,420036744,Deep Tubewell,Ground Water,SHANKAR BAG,GRAM PANCHAYAT,2013-2014,0.8,0.8,25-Apr-13,06-Jan-14,03-06-2024
West Bengal,Paschim Medinipur,Keshpur,Amanpur,Panch Khuiri,Kalyanipara,1342746,6354144,420036754,Deep Tubewell,Ground Water,GRAMYA DEBOTA,GRAM PANCHAYAT,2013-2014,0.8,0.8,21-Apr-13,10-Jan-14,03-06-2024
West Bengal,Paschim Medinipur,Keshpur,Jhentla,Jiagerya,Manik Para,1343729,6354192,420036825,Deep Tubewell,Ground Water,KANAI SOREN,GRAM PANCHAYAT,2013-2014,0.8,0.8,21-Apr-13,13-Feb-14,03-06-2024
West Bengal,Paschim Medinipur,Keshpur,Sirsa,Khetua,Khetua Daspara,1342685,6355051,420037464,Deep Tubewell,Ground Water,Khetua Pry. School,Khetua Pry. School,2009-2010,0.74,0.74,30-Apr-09,30-Apr-09,03-06-2024
West Bengal,Paschim Medinipur,Keshpur,Enayetpur,Daud Chak,Daudchak,1343784,6358632,420039839,Deep Tubewell,Ground Water,Sudhir Mandal,GRAM PANCHAYAT,2013-2014,0.7,0.7,02-May-13,15-Feb-14,03-06-2024
West Bengal,Paschim Medinipur,Keshpur,Enayetpur,Biripota,Biripota Khalpara,1343807,6364040,420042759,Deep Tubewell,Ground Water,Mantu Gandhab,Gram Panchayat,2013-2014,0.7,0.7,10-May-13,20-Mar-14,03-06-2024
West Bengal,Paschim Medinipur,Keshpur,Enayetpur,Biripota,Biripota Khalpara,1343807,6364040,420042760,Deep Tubewell,Ground Water,Samity,Gram Panchayat,2013-2014,0.7,0.7,10-May-13,20-Mar-14,03-06-2024
West Bengal,Paschim Medinipur,Keshpur,Sirsa,Gopinathpur,Gopinathpur Maitypara,1342642,6355055,420037465,Deep Tubewell,Ground Water,GopinathPur Pry. School,GopinathPur Pry. School,2009-2010,0.74,0.74,28-Apr-09,28-Apr-09,03-06-2024
West Bengal,Paschim Medinipur,Keshpur,Jagannathpur,Jagannathpur Kismat,Kismatjaganathpur Kismat,1343003,6355031,420037455,Deep Tubewell,Ground Water,Kismat Jgannathpur Pry. School,Kismat Jgannathpur Pry. School,2009-2010,0.74,0.74,25-Apr-09,25-Apr-09,03-06-2024
West Bengal,Paschim Medinipur,Keshpur,Golarh,Khagra Gerya,Khasigeria Kolyapara,1342683,6355015,420037450,Deep Tubewell,Ground Water,Khagragera,Khagragera,2009-2010,0.74,0.74,04-Apr-09,06-Apr-09,03-06-2024
West Bengal,Paschim Medinipur,Keshpur,Anandapur,Anandapur,Bankata Office Para,1343181,6354174,420036797,Deep Tubewell,Ground Water,BANKATA MASJID,GRAM PANCHAYAT,2013-2014,0.8,0.8,11-Apr-13,13-Jan-14,03-06-2024
West Bengal,Paschim Medinipur,Keshpur,Jhentla,Akurya,Kotal Para,1343635,6354162,420036779,Deep Tubewell,Ground Water,TAPAN MANDAL,GRAM PANCHAYAT,2013-2014,0.8,0.8,27-Apr-13,06-Jan-14,03-06-2024
West Bengal,Paschim Medinipur,Keshpur,Jhentla,Akurya,Kotal Para,1343635,6354162,420036777,Deep Tubewell,Ground Water,AJIT PATOR,GRAM PANCHAYAT,2013-2014,0.8,0.8,27-Apr-13,06-Jan-14,03-06-2024
West Bengal,Paschim Medinipur,Keshpur,Jhentla,Akurya,Kotal Para,1343635,6354162,420036776,Deep Tubewell,Ground Water,TRIPUKARI DOLOI,GRAM PANCHAYAT,2013-2014,0.8,0.8,27-Apr-13,06-Jan-14,03-06-2024
West Bengal,Paschim Medinipur,Keshpur,Enayetpur,Biripota,Biripota Khalpara,1343807,6364040,420042763,Deep Tubewell,Ground Water,Charan Mandi,Gram Panchayat,2013-2014,0.7,0.7,10-May-13,20-Mar-14,03-06-2024
West Bengal,Paschim Medinipur,Keshpur,Enayetpur,Biripota,Biripota Khalpara,1343807,6364040,420042764,Deep Tubewell,Ground Water,Panchanan Mandal,Gram Panchayat,2013-2014,0.7,0.7,10-May-13,20-Mar-14,03-06-2024
West Bengal,Paschim Medinipur,Keshpur,Enayetpur,Biripota,Biripota Khalpara,1343807,6364040,420042766,Deep Tubewell,Ground Water,Ajit Patra,Gram Panchayat,2013-2014,0.7,0.7,10-May-13,20-Mar-14,03-06-2024
West Bengal,Paschim Medinipur,Keshpur,Amanpur,Burya Pat,Patrapara,1342750,6364122,420042882,Deep Tubewell,Ground Water,Anil Ghosh,Gram Panchayat,2013-2014,0.7,0.7,10-Apr-13,20-Feb-14,03-06-2024
West Bengal,Paschim Medinipur,Keshpur,Enayetpur,Ganadiha,Ghonadiha Srikanta Diyalipara,1343801,6366934,420044197,Deep Tubewell,Ground Water,Uttam Sing,GRAM PANCHAYAT,2013-2014,0.8,0.8,17-Apr-13,05-Feb-14,03-06-2024
West Bengal,Paschim Medinipur,Keshpur,Enayetpur,Chak Mansur,Chakmasur Kartiksamantapara,1343786,6366934,420044198,Deep Tubewell,Ground Water,Primary School,GRAM PANCHAYAT,2013-2014,0.8,0.8,17-Apr-13,05-Feb-14,03-06-2024
West Bengal,Paschim Medinipur,Keshpur,Anandapur,Bibekpur,Bibekpur - Dolaipara,1343229,6366934,420044183,Deep Tubewell,Ground Water,Bibekpur Primary School,GRAM PANCHAYAT,2013-2014,0.8,0.8,17-Apr-13,05-Feb-14,03-06-2024
West Bengal,Paschim Medinipur,Keshpur,Enayetpur,Bagha Gerya,Madhya Paschim Para,1343705,6366934,420044193,Deep Tubewell,Ground Water,Dhirendra Ghosh,GRAM PANCHAYAT,2013-2014,0.8,0.8,17-Apr-13,05-Feb-14,03-06-2024
West Bengal,Paschim Medinipur,Keshpur,Mugbasan,Kulibahara,Kulbahara,1342899,972473,1272515,Deep Tubewell,Ground Water,Keshpur Market,Keshpur Market,2008-2009,0.59,0.59,01-Oct-08,03-Oct-08,03-06-2024
West Bengal,Paschim Medinipur,Keshpur,Keshpur,Gargaj Pota,Natun Pukur,1343286,974314,1243513,Deep Tubewell,Ground Water,NATUN PUKUR,Gobardda Purba Para,2007-2008,0.59,0.59,29-Sep-07,30-Sep-07,03-06-2024
West Bengal,Paschim Medinipur,Keshpur,Mugbasan,Ashrafpur,Asrafpur,1342897,981386,1243011,Deep Tubewell,Ground Water,ASRAFPUR,Barmi Ashraf Para,2007-2008,0.59,0.59,28-Aug-07,29-Aug-07,03-06-2024
West Bengal,Paschim Medinipur,Keshpur,Amanpur,Panch Khuiri,Parapara,1342744,981587,1273845,Deep Tubewell,Ground Water,panch khuiri,Panch Khuiri,2007-2008,0.59,0.59,06-Sep-07,07-Sep-07,03-06-2024
West Bengal,Paschim Medinipur,Keshpur,Enayetpur,Maisha,Maisha Adibasipara,1343805,6374672,420048040,Deep Tubewell,Ground Water,Lalu Sardar,GRAM PANCHAYAT,2013-2014,0.8,0.8,02-May-13,10-Apr-17,03-06-2024
West Bengal,Paschim Medinipur,Keshpur,Enayetpur,Maisha,Maisha Adibasipara,1343805,6374672,420048043,Deep Tubewell,Ground Water,Gorachand Mandi,GRAM PANCHAYAT,2013-2014,0.8,0.8,02-May-13,10-Apr-17,03-06-2024
West Bengal,Paschim Medinipur,Keshpur,Enayetpur,Kaigerya,Janapara,1343782,6374672,420048045,Deep Tubewell,Ground Water,I.C.D.S.,GRAM PANCHAYAT,2013-2014,0.8,0.8,02-May-13,10-Apr-17,03-06-2024
West Bengal,Paschim Medinipur,Keshpur,Enayetpur,Kaigerya,Janapara,1343782,6374672,420048046,Deep Tubewell,Ground Water,Sumanta Gayen,GRAM PANCHAYAT,2013-2014,0.8,0.8,02-May-13,10-Apr-17,03-06-2024
West Bengal,Paschim Medinipur,Keshpur,Enayetpur,Pakurya,Pakuria Samantapara,1343815,6375642,420048397,Deep Tubewell,Ground Water,High School,GRAM PANCHAYAT,2013-2014,0.8,0.8,02-May-13,10-Apr-17,03-06-2024
West Bengal,Paschim Medinipur,Keshpur,Enayetpur,Pakurya,Pakuria Samantapara,1343815,6375642,420048399,Deep Tubewell,Ground Water,Ananth Bera,GRAM PANCHAYAT,2013-2014,0.8,0.8,02-May-13,10-Apr-17,03-06-2024
West Bengal,Paschim Medinipur,Keshpur,Enayetpur,Pakurya,Pakuria Samantapara,1343815,6375642,420048401,Deep Tubewell,Ground Water,Gour Samanta,GRAM PANCHAYAT,2013-2014,0.8,0.8,02-May-13,10-Apr-17,03-06-2024
West Bengal,Paschim Medinipur,Keshpur,Enayetpur,Pakurya,Pakuria Samantapara,1343815,6375642,420048404,Deep Tubewell,Ground Water,Nimai Maity,GRAM PANCHAYAT,2013-2014,0.8,0.8,02-May-13,10-Apr-17,03-06-2024
West Bengal,Paschim Medinipur,Keshpur,Teghori,Renuar,Ranapara,1343081,6377508,420049027,Deep Tubewell,Ground Water,Badal Doloi,Gram Panchayat,2013-2014,0.8,0.8,12-Apr-13,24-Feb-14,03-06-2024
West Bengal,Paschim Medinipur,Keshpur,Teghori,Renuar,Ranapara,1343081,6377508,420049028,Deep Tubewell,Ground Water,Ashok Rana,Gram Panchayat,2013-2014,0.8,0.8,12-Apr-13,24-Feb-14,03-06-2024
West Bengal,Paschim Medinipur,Keshpur,Teghori,Gopal Nagar,Gopal Nagar,1343043,6377508,420049022,Deep Tubewell,Ground Water,Binoi Rana,Gram Panchayat,2013-2014,0.8,0.8,12-Apr-13,24-Feb-14,03-06-2024
West Bengal,Paschim Medinipur,Keshpur,Amanpur,Madhya Piashala,Prachandapara,1342774,6377508,420049017,Deep Tubewell,Ground Water,S.S.K.,Gram Panchayat,2013-2014,0.8,0.8,12-Apr-13,24-Feb-14,03-06-2024
West Bengal,Paschim Medinipur,Keshpur,Amanpur,Madhya Piashala,Madhyapiasala Duleypara,1342772,6377508,420049011,Deep Tubewell,Ground Water,Shanti Sarkar,Gram Panchayat,2013-2014,0.8,0.8,12-Apr-13,24-Feb-14,03-06-2024
West Bengal,Paschim Medinipur,Keshpur,Anandapur,Anandapur,Hari Para,1343197,6377538,420049054,Deep Tubewell,Ground Water,Shitala Mondir,Gram Panchayat,2013-2014,0.8,0.8,12-May-13,10-Apr-17,03-06-2024
West Bengal,Paschim Medinipur,Keshpur,Sarishakhola,Bhagirath Bar,Mana Para,1343487,6377538,420049057,Deep Tubewell,Ground Water,Jahangir,Gram Panchayat,2013-2014,0.8,0.8,12-May-13,10-Apr-17,03-06-2024
West Bengal,Paschim Medinipur,Keshpur,Sarishakhola,Amar Chak,Amarchak Masjidpara,1343514,6377538,420049067,Deep Tubewell,Ground Water,Mosjid Tala,Gram Panchayat,2013-2014,0.8,0.8,12-May-13,10-Apr-17,03-06-2024
West Bengal,Paschim Medinipur,Keshpur,Sarishakhola,Gopinathpur,Gopinathpur Bara,1343429,6377538,420049055,Deep Tubewell,Ground Water,Primary School,Gram Panchayat,2013-2014,0.8,0.8,12-May-13,10-Apr-17,03-06-2024
West Bengal,Paschim Medinipur,Keshpur,Sarishakhola,Magra,Singhpara,1343432,6377538,420049060,Deep Tubewell,Ground Water,Prabhat Sing,Gram Panchayat,2013-2014,0.8,0.8,12-May-13,10-Apr-17,03-06-2024
West Bengal,Paschim Medinipur,Keshpur,Kalagram,Akandi,Galaghar,1343396,6377582,420049085,Deep Tubewell,Ground Water,Monuar Mollick,Gram Panchayat,2013-2014,0.8,0.8,25-May-13,14-May-17,03-06-2024
West Bengal,Paschim Medinipur,Keshpur,Kalagram,Akandi,Galaghar,1343396,6377582,420049087,Deep Tubewell,Ground Water,Najrul,Gram Panchayat,2013-2014,0.8,0.8,25-May-13,14-May-17,03-06-2024
West Bengal,Paschim Medinipur,Keshpur,Kalagram,Dhamsai,Midyapara,1343401,6377582,420049092,Deep Tubewell,Ground Water,School,Gram Panchayat,2013-2014,0.8,0.8,25-May-13,14-May-17,03-06-2024
West Bengal,Paschim Medinipur,Keshpur,Amrakuchi,Kapta Bankati,Dangapara,1343164,6377614,420049106,Deep Tubewell,Ground Water,C.P.I.(M) Party Office,Gram Panchayat,2013-2014,0.8,0.8,20-Apr-13,12-Feb-14,03-06-2024
West Bengal,Paschim Medinipur,Keshpur,Amrakuchi,Amsol,Amsole,1343124,6377614,420049112,Deep Tubewell,Ground Water,Niranjan Pator,Gram Panchayat,2013-2014,0.8,0.8,20-Apr-13,12-Feb-14,03-06-2024
West Bengal,Paschim Medinipur,Keshpur,Amanpur,Uttar Piashala,Uttarpiasala (near 4.1 Office)(,1342768,6377640,420049131,Deep Tubewell,Ground Water,Kamal Pan,Gram Panchayat,2013-2014,0.8,0.8,25-Apr-13,12-Feb-14,03-06-2024
West Bengal,Paschim Medinipur,Keshpur,Amanpur,Uttar Piashala,Uttarpiasala (near 4.1 Office)(,1342768,6377640,420049129,Deep Tubewell,Ground Water,Panchayat Office,Gram Panchayat,2013-2014,0.8,0.8,25-Apr-13,12-Feb-14,03-06-2024
West Bengal,Paschim Medinipur,Keshpur,Sarishakhola,Haji Chak,Hajichak,1343415,6377707,420049146,Deep Tubewell,Ground Water,Tapan Sau,Gram Panchayat,2013-2014,0.8,0.8,25-May-13,24-Feb-14,03-06-2024
West Bengal,Paschim Medinipur,Keshpur,Sarishakhola,Haji Chak,Hajichak,1343415,6377707,420049152,Deep Tubewell,Ground Water,Montaj Ali,Gram Panchayat,2013-2014,0.8,0.8,25-May-13,24-Feb-14,03-06-2024
West Bengal,Paschim Medinipur,Keshpur,Amrakuchi,Panchami,Panchami Mirpara,1343136,6381449,420049732,Deep Tubewell,Ground Water,Panchami Primary School,Gram Panchayat,2013-2014,0.8,0.8,12-Apr-13,25-Feb-14,03-06-2024
West Bengal,Paschim Medinipur,Keshpur,Amrakuchi,Kharika,Panchamichak,1343149,6381449,420049734,Deep Tubewell,Ground Water,Kharika Primary School,Gram Panchayat,2013-2014,0.8,0.8,12-Apr-13,25-Feb-14,03-06-2024
West Bengal,Paschim Medinipur,Keshpur,Mugbasan,Bejara,Belara,1342874,6381494,420049751,Deep Tubewell,Ground Water,Liakat Mallick,Gram Panchayat,2013-2014,0.8,0.8,23-Apr-13,12-Feb-14,03-06-2024
West Bengal,Paschim Medinipur,Keshpur,Mugbasan,Kuchiara,Kuchiara - Choudhurypara,1342928,6381494,420049761,Deep Tubewell,Ground Water,Amina Choudhuri,Gram Panchayat,2013-2014,0.8,0.8,23-Apr-13,12-Feb-14,03-06-2024
West Bengal,Paschim Medinipur,Keshpur,Mugbasan,Keot Para,Keotpara Dolaipara,1342887,6381510,420049772,Deep Tubewell,Ground Water,Primary School,Gram Panchayat,2013-2014,0.8,0.8,23-Apr-13,12-Mar-14,03-06-2024
West Bengal,Paschim Medinipur,Keshpur,Mugbasan,Sankua,Sankua,1342886,6381544,420049796,Deep Tubewell,Ground Water,Mir Hazahar Ali,Gram Panchayat,2013-2014,0.85,0.85,01-Apr-13,30-Apr-13,03-06-2024
West Bengal,Paschim Medinipur,Keshpur,Teghori,Binjuria,Binjuria East,1343041,6381544,420049785,Deep Tubewell,Ground Water,Sunil Hemrom,Gram Panchayat,2013-2014,0.85,0.85,01-Apr-13,30-Apr-13,03-06-2024
West Bengal,Paschim Medinipur,Keshpur,Teghori,Binjuria,Binjuria East,1343041,6381544,420049787,Deep Tubewell,Ground Water,Ananda Mandal,Gram Panchayat,2013-2014,0.85,0.85,01-Apr-13,30-Apr-13,03-06-2024
West Bengal,Paschim Medinipur,Keshpur,Teghori,Binjuria,Binjuria East,1343041,6381544,420049788,Deep Tubewell,Ground Water,Binjuria Primary School,Gram Panchayat,2013-2014,0.85,0.85,01-Apr-13,30-Apr-13,03-06-2024
West Bengal,Paschim Medinipur,Keshpur,Mugbasan,Chhitka,Chilka,1342879,6381544,420049797,Deep Tubewell,Ground Water,Nimai Dolui,Gram Panchayat,2013-2014,0.85,0.85,01-Apr-13,30-Apr-13,03-06-2024
West Bengal,Paschim Medinipur,Keshpur,Anandapur,Gamaria,Bhuniapara,1343243,6381567,420049818,Deep Tubewell,Ground Water,Nimai Bhunia,Gram Panchayat,2013-2014,0.8,0.8,21-Apr-13,26-Feb-14,03-06-2024
West Bengal,Paschim Medinipur,Keshpur,Enayetpur,Bishwanath Pur,Doloipara,1343826,6382073,420050206,Deep Tubewell,Ground Water,Jaru  Rana,Gram Panchayat,2013-2014,0.8,0.8,12-May-13,14-Feb-14,03-06-2024
West Bengal,Paschim Medinipur,Keshpur,Enayetpur,Bishwanath Pur,Doloipara,1343826,6382073,420050207,Deep Tubewell,Ground Water,Dulal Mondal,Gram Panchayat,2013-2014,0.8,0.8,12-May-13,14-Feb-14,03-06-2024
West Bengal,Paschim Medinipur,Keshpur,Enayetpur,Bishwanath Pur,Doloipara,1343826,6382073,420050209,Deep Tubewell,Ground Water,Banamali Shaw,Gram Panchayat,2013-2014,0.8,0.8,12-May-13,14-Feb-14,03-06-2024
West Bengal,Paschim Medinipur,Keshpur,Sarishakhola,Paniat,Mallick Para,1343468,6382451,420050304,Deep Tubewell,Ground Water,Rosu Mallick,Gram Panchyat,2013-2014,0.8,0.8,24-Apr-13,12-Mar-14,03-06-2024
West Bengal,Paschim Medinipur,Keshpur,Enayetpur,Mirpur,Mirpur Mallickpara,1343788,6383912,420050632,Deep Tubewell,Ground Water,Subal Mallick,GRAM PANCHAYAT,2013-2014,0.8,0.8,12-Apr-13,25-Feb-14,03-06-2024
West Bengal,Paschim Medinipur,Keshpur,Enayetpur,Ferura,Mal Para,1343860,6383912,420050629,Deep Tubewell,Ground Water,Lakhi Murmu,GRAM PANCHAYAT,2013-2014,0.8,0.8,12-Apr-13,25-Feb-14,03-06-2024
West Bengal,Paschim Medinipur,Keshpur,Enayetpur,Ferura,Mal Para,1343860,6383912,420050630,Deep Tubewell,Ground Water,Primary School,GRAM PANCHAYAT,2013-2014,0.8,0.8,12-Apr-13,25-Feb-14,03-06-2024
West Bengal,Paschim Medinipur,Keshpur,Enayetpur,Ferura,Murmupara,1343855,6384525,420050975,Deep Tubewell,Ground Water,Swapan Hansda,GRAM PANCHAYAT,2013-2014,0.8,0.8,14-Apr-13,25-Feb-14,03-06-2024
West Bengal,Paschim Medinipur,Keshpur,Enayetpur,Gopinathpur,Gopinathpur Berapara,1343830,6384525,420050969,Deep Tubewell,Ground Water,Biswanath Majhi,GRAM PANCHAYAT,2013-2014,0.8,0.8,14-Apr-13,25-Feb-14,03-06-2024
West Bengal,Paschim Medinipur,Keshpur,Amrakuchi,Pipurda,Hari Mandir Tala,1343103,6384525,420050957,Deep Tubewell,Ground Water,Hari Mondir,GRAM PANCHAYAT,2013-2014,0.8,0.8,14-Apr-13,25-Feb-14,03-06-2024
West Bengal,Paschim Medinipur,Keshpur,Amrakuchi,Pipurda,Hari Mandir Tala,1343103,6384525,420050958,Deep Tubewell,Ground Water,Kartik Doloi,GRAM PANCHAYAT,2013-2014,0.8,0.8,14-Apr-13,25-Feb-14,03-06-2024
West Bengal,Paschim Medinipur,Keshpur,Amrakuchi,Amrakuchi,Dolaipara,1343152,6384745,420051085,Deep Tubewell,Ground Water,Amal Middya,GRAM PANCHAYAT,2013-2014,0.7,0.7,14-Apr-13,25-Feb-14,03-06-2024
West Bengal,Paschim Medinipur,Keshpur,Amrakuchi,Kapta Bankati,Napitpara,1343163,6384745,420051092,Deep Tubewell,Ground Water,S.S.K,GRAM PANCHAYAT,2013-2014,0.7,0.7,14-Apr-13,25-Feb-14,03-06-2024
West Bengal,Paschim Medinipur,Keshpur,Amrakuchi,Kapta Bankati,Napitpara,1343163,6384745,420051093,Deep Tubewell,Ground Water,MIR Habbibul,GRAM PANCHAYAT,2013-2014,0.7,0.7,14-Apr-13,25-Feb-14,03-06-2024
West Bengal,Paschim Medinipur,Keshpur,Amrakuchi,Kapta Bankati,Napitpara,1343163,6384745,420051094,Deep Tubewell,Ground Water,SK LOkmaan,GRAM PANCHAYAT,2013-2014,0.7,0.7,14-Apr-13,25-Feb-14,03-06-2024
West Bengal,Paschim Medinipur,Keshpur,Amrakuchi,Jambani,Jamboni,1343115,6385170,420051367,Deep Tubewell,Ground Water,I.C.D.S.,GRAM PANCHAYAT,2013-2014,0.8,0.8,25-Apr-13,12-Feb-14,03-06-2024
West Bengal,Paschim Medinipur,Keshpur,Dhalhara,Gun Hara,Gunhara Madhyapara,1343604,6385170,420051354,Deep Tubewell,Ground Water,Martaj,GRAM PANCHAYAT,2013-2014,0.8,0.8,25-Apr-13,12-Feb-14,03-06-2024
West Bengal,Paschim Medinipur,Keshpur,Dhalhara,Mukunda Pur,Paschimpara,1343603,6385216,420051390,Deep Tubewell,Ground Water,Sadak Ali,GRAM PANCHAYAT,2013-2014,0.8,0.8,12-Apr-13,14-Feb-14,03-06-2024
West Bengal,Paschim Medinipur,Keshpur,Anandapur,Ranpara,Ranipara - Madhyapara,1343248,6385216,420051387,Deep Tubewell,Ground Water,Jamsed Ali,GRAM PANCHAYAT,2013-2014,0.8,0.8,12-Apr-13,14-Feb-14,03-06-2024
West Bengal,Paschim Medinipur,Keshpur,Amanpur,Burya Pat,Burapat,1342748,6387504,420052322,Deep Tubewell,Ground Water,U.B&amp;amp;gt;I. Bank,GRAM PANCHAYAT,2013-2014,0.8,0.8,12-Apr-13,24-Feb-14,03-06-2024
West Bengal,Paschim Medinipur,Keshpur,Amrakuchi,Kamar Gerya,Kamargeria,1343165,6385093,420051293,Deep Tubewell,Ground Water,S.S.K.,GRAM PANCHAYAT,2013-2014,0.8,0.8,01-Apr-13,30-Jan-14,03-06-2024
West Bengal,Paschim Medinipur,Keshpur,Sirsa,Toria,Taria,1342647,6385093,420051307,Deep Tubewell,Ground Water,Primary School,GRAM PANCHAYAT,2013-2014,0.8,0.8,01-Apr-13,30-Jan-14,03-06-2024
West Bengal,Paschim Medinipur,Keshpur,Sirsa,Kalgerya,Kalgeria,1342653,6385093,420051308,Deep Tubewell,Ground Water,Laloner Dokan,GRAM PANCHAYAT,2013-2014,0.8,0.8,01-Apr-13,30-Jan-14,03-06-2024
West Bengal,Paschim Medinipur,Keshpur,Amrakuchi,Charka,Mallick Para,1343175,6385093,420051299,Deep Tubewell,Ground Water,Charka S.S.K.,GRAM PANCHAYAT,2013-2014,0.8,0.8,01-Apr-13,30-Jan-14,03-06-2024
West Bengal,Paschim Medinipur,Keshpur,Keshpur,Bajirchak,Chowdhury Para,1343300,6388209,420052896,Deep Tubewell,Ground Water,Haren Pakhira,Gram Panchayat,2013-2014,0.8,0.8,25-Apr-13,12-Feb-14,03-06-2024
West Bengal,Paschim Medinipur,Keshpur,Keshpur,Bajirchak,Chowdhury Para,1343300,6388209,420052897,Deep Tubewell,Ground Water,Bidyut Khan,Gram Panchayat,2013-2014,0.8,0.8,25-Apr-13,12-Feb-14,03-06-2024
West Bengal,Paschim Medinipur,Keshpur,Teghori,Renuar,Ranapara,1343081,6388231,420052921,Deep Tubewell,Ground Water,I.C.D.S.,Gram Panchayat,2013-2014,0.8,0.8,25-Apr-13,08-May-17,03-06-2024
West Bengal,Paschim Medinipur,Keshpur,Teghori,Renuar,Ranapara,1343081,6388231,420052923,Deep Tubewell,Ground Water,Badal Doloi,Gram Panchayat,2013-2014,0.8,0.8,25-Apr-13,08-May-17,03-06-2024
West Bengal,Paschim Medinipur,Keshpur,Teghori,Renuar,Ranapara,1343081,6388231,420052924,Deep Tubewell,Ground Water,Ashok Rana,Gram Panchayat,2013-2014,0.8,0.8,25-Apr-13,08-May-17,03-06-2024
West Bengal,Paschim Medinipur,Keshpur,Amanpur,Tanthua,Karpara,1342761,6388231,420052911,Deep Tubewell,Ground Water,Tanthua S.S.K.,Gram Panchayat,2013-2014,0.8,0.8,25-Apr-13,08-May-17,03-06-2024
West Bengal,Paschim Medinipur,Keshpur,Amanpur,Tanthua,Karpara,1342761,6388231,420052910,Deep Tubewell,Ground Water,Kali Mondir,Gram Panchayat,2013-2014,0.8,0.8,25-Apr-13,08-May-17,03-06-2024
West Bengal,Paschim Medinipur,Keshpur,Teghori,Gopal Nagar,Gopal Nagar,1343043,6388231,420052926,Deep Tubewell,Ground Water,Binoi Rana,Gram Panchayat,2013-2014,0.8,0.8,25-Apr-13,08-May-17,03-06-2024
West Bengal,Paschim Medinipur,Keshpur,Amanpur,Eluni,Eloni Mondalpara,1342776,6388231,420052933,Deep Tubewell,Ground Water,Samabai Samity,Gram Panchayat,2013-2014,0.8,0.8,25-Apr-13,08-May-17,03-06-2024
West Bengal,Paschim Medinipur,Keshpur,Amanpur,Hijli,Hijli Shitalamandirpara,1342783,6388231,420052917,Deep Tubewell,Ground Water,Prabir Doloi,Gram Panchayat,2013-2014,0.8,0.8,25-Apr-13,08-May-17,03-06-2024
West Bengal,Paschim Medinipur,Keshpur,Amanpur,Hijli,Hijli Shitalamandirpara,1342783,6388231,420052916,Deep Tubewell,Ground Water,Shitala Mondir,Gram Panchayat,2013-2014,0.8,0.8,25-Apr-13,08-May-17,03-06-2024
West Bengal,Paschim Medinipur,Keshpur,Kalagram,Uchahar,Chak,1343367,6389957,420054046,Deep Tubewell,Ground Water,Sk Johur,Gram Panchayat,2013-2014,0.7,0.7,12-Apr-13,25-Feb-14,03-06-2024
West Bengal,Paschim Medinipur,Keshpur,Kalagram,Uchahar,Chak,1343367,6389957,420054050,Deep Tubewell,Ground Water,Niauddin Mallick,Gram Panchayat,2013-2014,0.7,0.7,12-Apr-13,25-Feb-14,03-06-2024
West Bengal,Paschim Medinipur,Keshpur,Kalagram,Uchahar,Chak,1343367,6389957,420054052,Deep Tubewell,Ground Water,High School,Gram Panchayat,2013-2014,0.7,0.7,12-Apr-13,25-Feb-14,03-06-2024
West Bengal,Paschim Medinipur,Keshpur,Kalagram,Uchahar,Chak,1343367,6389957,420054056,Deep Tubewell,Ground Water,Sk Amjed,Gram Panchayat,2013-2014,0.7,0.7,12-Apr-13,25-Feb-14,03-06-2024
West Bengal,Paschim Medinipur,Keshpur,Kalagram,Uchahar,Chak,1343367,6389957,420054057,Deep Tubewell,Ground Water,Mojibul,Gram Panchayat,2013-2014,0.7,0.7,12-Apr-13,25-Feb-14,03-06-2024
West Bengal,Paschim Medinipur,Keshpur,Kalagram,Uchahar,Chak,1343367,6389957,420054062,Deep Tubewell,Ground Water,Muktar Mallick,Gram Panchayat,2013-2014,0.7,0.7,12-Apr-13,25-Feb-14,03-06-2024
West Bengal,Paschim Medinipur,Keshpur,Kalagram,Uchahar,Chak,1343367,6389957,420054063,Deep Tubewell,Ground Water,Giasuddin,Gram Panchayat,2013-2014,0.7,0.7,12-Apr-13,25-Feb-14,03-06-2024
West Bengal,Paschim Medinipur,Keshpur,Amanpur,Amanpur,Roypara,1342713,6396858,420060196,Deep Tubewell,Ground Water,Roy Para,Roy Para,2013-2014,0.8,0.8,25-Apr-13,24-Feb-14,03-06-2024
West Bengal,Paschim Medinipur,Keshpur,Amanpur,Amanpur,Kamalpara,1342716,6397461,420060627,Deep Tubewell,Ground Water,Biswas Para,Roy Para,2013-2014,0.8,0.8,25-Apr-13,12-Feb-14,03-06-2024
West Bengal,Paschim Medinipur,Keshpur,Amanpur,Amanpur,Kamalpara,1342716,6397461,420060626,Deep Tubewell,Ground Water,NichuGoharia,Roy Para,2013-2014,0.8,0.8,25-Apr-13,12-Feb-14,03-06-2024
West Bengal,Paschim Medinipur,Keshpur,Jhentla,Sirasati,Sirasati - Tudu Para,1343731,6403207,420065593,Deep Tubewell,Ground Water,TUDU PARA,Gram Panchayat,2013-2014,0.75,0.75,25-May-13,12-Dec-13,03-06-2024
West Bengal,Paschim Medinipur,Keshpur,Jhentla,Salanga,Paschimpara,1343657,6403329,420065665,Deep Tubewell,Ground Water,PASCHIMPARA,Gram Panchayat,2013-2014,0.8,0.8,12-Apr-13,24-Dec-13,03-06-2024
West Bengal,Paschim Medinipur,Keshpur,Jorakeudi Solidiha,Majhigar,Majigarh,1342590,6403430,420065825,Deep Tubewell,Ground Water,MAJIGARH,GRAM PANCHAYAT,2013-2014,0.82,0.82,12-May-13,14-Dec-13,03-06-2024
West Bengal,Paschim Medinipur,Keshpur,Jorakeudi Solidiha,Gopal Bandh,Balasali,1342587,6403430,420065840,Deep Tubewell,Ground Water,BALASALI,GRAM PANCHAYAT,2013-2014,0.82,0.82,12-May-13,14-Dec-13,03-06-2024
West Bengal,Paschim Medinipur,Keshpur,Jorakeudi Solidiha,Gopal Bandh,Murapata,1342586,6403430,420065836,Deep Tubewell,Ground Water,MURAPATA,GRAM PANCHAYAT,2013-2014,0.82,0.82,12-May-13,14-Dec-13,03-06-2024
West Bengal,Paschim Medinipur,Keshpur,Jorakeudi Solidiha,Sholdiha,Darapara,1342615,6403969,420066496,Deep Tubewell,Ground Water,DARAPARA,Gram Panchayet,2013-2014,0.72,0.72,15-Apr-13,21-Sep-14,03-06-2024
West Bengal,Paschim Medinipur,Keshpur,Kalagram,Akandi,Kumaripara,1343400,6404131,420066860,Deep Tubewell,Ground Water,KUMARIPARA,Gram Panchayat,2013-2014,0.84,0.84,23-May-13,12-Dec-13,03-06-2024
West Bengal,Paschim Medinipur,Keshpur,Jorakeudi Solidiha,Shyam Chandpur,Manadalpara,1342609,6404131,420066872,Deep Tubewell,Ground Water,MANDALPARA,Gram Panchayat,2013-2014,0.84,0.84,23-May-13,12-Dec-13,03-06-2024
West Bengal,Paschim Medinipur,Keshpur,Jorakeudi Solidiha,Shyam Chandpur,Shyamchandpur Chalakpara,1342606,6404131,420066871,Deep Tubewell,Ground Water,CHALAKPARA,Gram Panchayat,2013-2014,0.84,0.84,23-May-13,12-Dec-13,03-06-2024
West Bengal,Paschim Medinipur,Keshpur,Jorakeudi Solidiha,Shyam Chandpur,Dulaypara,1342607,6404131,420066873,Deep Tubewell,Ground Water,DULAIPARA,Gram Panchayat,2013-2014,0.84,0.84,23-May-13,12-Dec-13,03-06-2024
West Bengal,Paschim Medinipur,Keshpur,Kalagram,Uchahar,Dolaipara,1343371,6404155,420066947,Deep Tubewell,Ground Water,DOLAIPARA,Gram Panchayat,2013-2014,0.75,0.75,14-Jun-13,12-Dec-13,03-06-2024
West Bengal,Paschim Medinipur,Keshpur,Kalagram,Majur Hati,Paschimpara,1343383,6404155,420066961,Deep Tubewell,Ground Water,PASCHIMPARA,Gram Panchayat,2013-2014,0.75,0.75,14-Jun-13,12-Dec-13,03-06-2024
West Bengal,Paschim Medinipur,Keshpur,Kalagram,Jhalka,Karanpara,1343414,6404155,420066979,Deep Tubewell,Ground Water,KARANPARA,Gram Panchayat,2013-2014,0.75,0.75,14-Jun-13,12-Dec-13,03-06-2024
West Bengal,Paschim Medinipur,Keshpur,Kalagram,Chhutar Gerya,Chhutar Gerya,1766912,6404155,420066990,Deep Tubewell,Ground Water,CHHUTARGERIA,Gram Panchayat,2013-2014,0.75,0.75,14-Jun-13,12-Dec-13,03-06-2024
West Bengal,Paschim Medinipur,Keshpur,Keshpur,Belerya,Belerya,1766918,6404165,420067027,Deep Tubewell,Ground Water,BELERYA,Gram Panchayat,2013-2014,0.75,0.75,25-May-13,12-Mar-14,03-06-2024
West Bengal,Paschim Medinipur,Keshpur,Keshpur,Hatkata,Purba Para,1343316,6404165,420067009,Deep Tubewell,Ground Water,PURBAPARA,Gram Panchayat,2013-2014,0.75,0.75,25-May-13,12-Mar-14,03-06-2024
West Bengal,Paschim Medinipur,Keshpur,Keshpur,Bajirchak,Paschim Para,1343301,6404165,420067034,Deep Tubewell,Ground Water,PASCHIMPARA,Gram Panchayat,2013-2014,0.75,0.75,25-May-13,12-Mar-14,03-06-2024
West Bengal,Paschim Medinipur,Keshpur,Keshpur,Bikal Chak,Bikalchak - Mallickpara,1343267,6404165,420067026,Deep Tubewell,Ground Water,MALLICKPARA,Gram Panchayat,2013-2014,0.75,0.75,25-May-13,12-Mar-14,03-06-2024
West Bengal,Paschim Medinipur,Keshpur,Keshpur,Shankhapur,Seilu Para,1343277,6404173,420067045,Deep Tubewell,Ground Water,SEILU PARA,Gram Panchayat,2013-2014,0.75,0.75,12-Apr-13,25-Feb-14,03-06-2024
West Bengal,Paschim Medinipur,Keshpur,Keshpur,Sarai,Majipara,1343260,6404173,420067048,Deep Tubewell,Ground Water,MAJIPARA,Gram Panchayat,2013-2014,0.75,0.75,12-Apr-13,25-Feb-14,03-06-2024
West Bengal,Paschim Medinipur,Keshpur,Keshpur,Mangal Sanda,Malik Para,1343297,6404173,420067061,Deep Tubewell,Ground Water,MALIPARA,Gram Panchayat,2013-2014,0.75,0.75,12-Apr-13,25-Feb-14,03-06-2024
West Bengal,Paschim Medinipur,Keshpur,Mugbasan,Amritpur,Sk. Para,1342919,6404173,420067040,Deep Tubewell,Ground Water,SK. PARA,Gram Panchayat,2013-2014,0.75,0.75,12-Apr-13,25-Feb-14,03-06-2024
West Bengal,Paschim Medinipur,Keshpur,Mugbasan,Kokapur,Satgera,1342901,6404439,420067284,Deep Tubewell,Ground Water,SATGERA,Gram Panchayet,2013-2014,0.8,0.8,12-May-13,25-Mar-14,03-06-2024
West Bengal,Paschim Medinipur,Keshpur,Mugbasan,Kokapur,Paschimpara,1342903,6404439,420067285,Deep Tubewell,Ground Water,PASCHIMPARA,Gram Panchayet,2013-2014,0.8,0.8,12-May-13,25-Mar-14,03-06-2024
West Bengal,Paschim Medinipur,Keshpur,Mugbasan,Jheta Jambani,Mirpukur,1342884,6404439,420067294,Deep Tubewell,Ground Water,MIRPUKUR,Gram Panchayet,2013-2014,0.8,0.8,12-May-13,25-Mar-14,03-06-2024
West Bengal,Paschim Medinipur,Keshpur,Mugbasan,Mugbasan,Das Para,1342927,6404439,420067274,Deep Tubewell,Ground Water,DASPARA,Gram Panchayet,2013-2014,0.8,0.8,12-May-13,25-Mar-14,03-06-2024
West Bengal,Paschim Medinipur,Keshpur,Mugbasan,Khordda Radha Ballabhpur,Tetul Muri,1342944,6404439,420067288,Deep Tubewell,Ground Water,TETULMURI,Gram Panchayet,2013-2014,0.8,0.8,12-May-13,25-Mar-14,03-06-2024
West Bengal,Paschim Medinipur,Keshpur,Mugbasan,Bhabani Chak,Betboni,1343020,6404439,420067304,Deep Tubewell,Ground Water,BETBONI,Gram Panchayet,2013-2014,0.8,0.8,12-May-13,25-Mar-14,03-06-2024
West Bengal,Paschim Medinipur,Keshpur,Mugbasan,Bena Bandi,Bena Bandi,1766928,6404439,420067305,Deep Tubewell,Ground Water,BENA BANDI,Gram Panchayet,2013-2014,0.8,0.8,12-May-13,25-Mar-14,03-06-2024
West Bengal,Paschim Medinipur,Keshpur,Mugbasan,Imad Chak,Imad Chak,1766934,6404439,420067297,Deep Tubewell,Ground Water,IMAD CHAK,Gram Panchayet,2013-2014,0.8,0.8,12-May-13,25-Mar-14,03-06-2024
West Bengal,Paschim Medinipur,Keshpur,Mugbasan,Sahara,Sahara,1766938,6404439,420067266,Deep Tubewell,Ground Water,SAHARA,Gram Panchayet,2013-2014,0.8,0.8,12-May-13,25-Mar-14,03-06-2024
West Bengal,Paschim Medinipur,Keshpur,Mugbasan,Gopal Chak,Batla,1343551,6404439,420067300,Deep Tubewell,Ground Water,BATLA,Gram Panchayet,2013-2014,0.8,0.8,12-May-13,25-Mar-14,03-06-2024
West Bengal,Paschim Medinipur,Keshpur,Mugbasan,Upar Kuai,Kuai,1342909,6404510,420067412,Deep Tubewell,Ground Water,KUAI,Gram Panchayet,2013-2014,0.75,0.75,12-Apr-13,25-Feb-14,03-06-2024
West Bengal,Paschim Medinipur,Keshpur,Sarishakhola,Amar Chak,Kurbanpara,1343518,6404670,420067564,Deep Tubewell,Ground Water,KUBARNPARA,Gram Panchayet,2013-2014,0.75,0.75,24-Apr-13,12-Jan-14,03-06-2024
West Bengal,Paschim Medinipur,Keshpur,Sarishakhola,Amar Chak,Shaktinathpara,1343522,6404670,420067559,Deep Tubewell,Ground Water,SHAKTINATHPARA,Gram Panchayet,2013-2014,0.75,0.75,24-Apr-13,12-Jan-14,03-06-2024
West Bengal,Paschim Medinipur,Keshpur,Sarishakhola,Ghoshpur,Sudarsan Palmal Para,1343462,6404789,420067774,Deep Tubewell,Ground Water,PALMALPARA,Gram Panchayet,2013-2014,0.8,0.8,12-Apr-13,08-May-17,03-06-2024
West Bengal,Paschim Medinipur,Keshpur,Sarishakhola,Sarisha Khola,Chaskidan Para,1343472,6404789,420067755,Deep Tubewell,Ground Water,CHASKIDANPARA,Gram Panchayet,2013-2014,0.8,0.8,12-Apr-13,08-May-17,03-06-2024
West Bengal,Paschim Medinipur,Keshpur,Sarishakhola,Bairat,Maji Para,1343483,6404789,420067782,Deep Tubewell,Ground Water,MAJIPARA,Gram Panchayet,2013-2014,0.8,0.8,12-Apr-13,08-May-17,03-06-2024
West Bengal,Paschim Medinipur,Keshpur,Sarishakhola,Bhagirath Bar,Bamun Para,1343488,6404789,420067781,Deep Tubewell,Ground Water,BAMUNPARA,Gram Panchayet,2013-2014,0.8,0.8,12-Apr-13,08-May-17,03-06-2024
West Bengal,Paschim Medinipur,Keshpur,Sarishakhola,Kanchan Tala,Santra Para,1343492,6404789,420067767,Deep Tubewell,Ground Water,SINGPARA,Gram Panchayet,2013-2014,0.8,0.8,12-Apr-13,08-May-17,03-06-2024
West Bengal,Paschim Medinipur,Keshpur,Sarishakhola,Damgerya,Damgerya,1766940,6404789,420067778,Deep Tubewell,Ground Water,DAMGERYA,Gram Panchayet,2013-2014,0.8,0.8,12-Apr-13,08-May-17,03-06-2024
West Bengal,Paschim Medinipur,Keshpur,Sirsa,Ausberya,Ausberya,1766943,6404860,420067892,Deep Tubewell,Ground Water,AUSBERYA,Gram Panchayet,2013-2014,0.75,0.75,01-Apr-13,12-Jan-14,03-06-2024
West Bengal,Paschim Medinipur,Keshpur,Sirsa,Kalgerya,Mayrapara,1342654,6404926,420068024,Deep Tubewell,Ground Water,MAYRAPARA,Gram Panchayet,2013-2014,0.75,0.75,01-Apr-13,14-Jan-14,03-06-2024
West Bengal,Paschim Medinipur,Keshpur,Sirsa,Lalte Hari,Aripara,1342678,6404926,420068002,Deep Tubewell,Ground Water,ARIPARA,Gram Panchayet,2013-2014,0.75,0.75,01-Apr-13,14-Jan-14,03-06-2024
West Bengal,Paschim Medinipur,Keshpur,Sirsa,Lalte Hari,Laltehari Singhpara,1342677,6404926,420068004,Deep Tubewell,Ground Water,SINGHPARA,Gram Panchayet,2013-2014,0.75,0.75,01-Apr-13,14-Jan-14,03-06-2024
West Bengal,Paschim Medinipur,Keshpur,Sirsa,Raniar,Dangapara,1342699,6404981,420068178,Deep Tubewell,Ground Water,DANGAPARA,Gram Panchayet,2013-2014,0.8,0.8,12-May-13,25-Jan-14,03-06-2024
West Bengal,Paschim Medinipur,Keshpur,Sirsa,Rajgram,Nachudolaipara,1342711,6404981,420068180,Deep Tubewell,Ground Water,DOLAIPARA,Gram Panchayet,2013-2014,0.8,0.8,12-May-13,25-Jan-14,03-06-2024
West Bengal,Paschim Medinipur,Keshpur,Sirsa,Toria,Temathani,1342651,6405060,420068318,Deep Tubewell,Ground Water,TEMATHANI,Gram Panchayet,2013-2014,0.8,0.8,12-Apr-13,21-Feb-14,03-06-2024
West Bengal,Paschim Medinipur,Keshpur,Sirsa,Toria,Paschimpara,1342649,6405060,420068319,Deep Tubewell,Ground Water,PASCHIMPARA,Gram Panchayet,2013-2014,0.8,0.8,12-Apr-13,21-Feb-14,03-06-2024
West Bengal,Paschim Medinipur,Keshpur,Teghori,Kali Nagar,Kalinagar,1343025,6405060,420068292,Deep Tubewell,Ground Water,KALINAGAR,Gram Panchayet,2013-2014,0.8,0.8,12-Apr-13,21-Feb-14,03-06-2024
West Bengal,Paschim Medinipur,Keshpur,Teghori,Betbani Radha Khauki,Betbani Radha Khauki,1766956,6405060,420068309,Deep Tubewell,Ground Water,BETABANI RADHA KHAUKI,Gram Panchayet,2013-2014,0.8,0.8,12-Apr-13,21-Feb-14,03-06-2024
West Bengal,Paschim Medinipur,Keshpur,Teghori,Mejura,Chandabila,1343072,6405119,420068389,Deep Tubewell,Ground Water,CHANDABILA,Gram Panchayet,2013-2014,0.8,0.8,12-May-13,25-Jan-14,03-06-2024
West Bengal,Paschim Medinipur,Keshpur,Teghori,Mathura Bani,Khejurbani,1343044,6405119,420068391,Deep Tubewell,Ground Water,KHEJURBANI,Gram Panchayet,2013-2014,0.8,0.8,12-May-13,25-Jan-14,03-06-2024
West Bengal,Paschim Medinipur,Keshpur,Teghori,Kontai,Chandabila Madhya,1343053,6405119,420068403,Deep Tubewell,Ground Water,CHANDBILA MADHYA,Gram Panchayet,2013-2014,0.8,0.8,12-May-13,25-Jan-14,03-06-2024
West Bengal,Paschim Medinipur,Keshpur,Teghori,Kshirkul,Dakhinpara,1343037,6405119,420068394,Deep Tubewell,Ground Water,DAKHINPARA,Gram Panchayet,2013-2014,0.8,0.8,12-May-13,25-Jan-14,03-06-2024
West Bengal,Paschim Medinipur,Keshpur,Teghori,Mohanpur,Ghoshpara,1343017,6405119,420068382,Deep Tubewell,Ground Water,GHOSHPARA,Gram Panchayet,2013-2014,0.8,0.8,12-May-13,25-Jan-14,03-06-2024
West Bengal,Paschim Medinipur,Keshpur,Teghori,Udai Chak,Udaychak,1343014,6405144,420068460,Deep Tubewell,Ground Water,UDAYCHAK,Gram Panchayet,2013-2014,0.8,0.8,12-May-13,24-Jan-14,03-06-2024
West Bengal,Paschim Medinipur,Keshpur,Teghori,Teghari,Madhya Palli,1343062,6405144,420068463,Deep Tubewell,Ground Water,MADHYAPALLI,Gram Panchayet,2013-2014,0.8,0.8,12-May-13,24-Jan-14,03-06-2024
West Bengal,Paschim Medinipur,Keshpur,Teghori,Renuar,Nandipara,1343080,6405144,420068466,Deep Tubewell,Ground Water,NANDIPARA,Gram Panchayet,2013-2014,0.8,0.8,12-May-13,24-Jan-14,03-06-2024
West Bengal,Paschim Medinipur,Keshpur,Amanpur,Jadubar,Maitipara,1342726,6405144,420068455,Deep Tubewell,Ground Water,MAITIPARA,Gram Panchayet,2013-2014,0.8,0.8,12-May-13,24-Jan-14,03-06-2024
West Bengal,Paschim Medinipur,Keshpur,Amanpur,Garari,Garhri Paschimpara,1342782,6405144,420068459,Deep Tubewell,Ground Water,PASCHIMPARA,Gram Panchayet,2013-2014,0.8,0.8,12-May-13,24-Jan-14,03-06-2024
West Bengal,Paschim Medinipur,Keshpur,Amanpur,Kalaberya,Kalaberia,1343702,6405144,420068454,Deep Tubewell,Ground Water,KALABERIA,Gram Panchayet,2013-2014,0.8,0.8,12-May-13,24-Jan-14,03-06-2024
West Bengal,Paschim Medinipur,Keshpur,Dhalhara,Salanga,Mondal Para,1343581,6405922,420069569,Deep Tubewell,Ground Water,MONDALPARA,Gram Panchayet,2013-2014,0.84,0.84,12-Apr-13,15-Jan-14,03-06-2024
West Bengal,Paschim Medinipur,Keshpur,Enayetpur,Ferura,Sapan Halder Para,1343856,6405922,420069565,Deep Tubewell,Ground Water,HALDERPARA,Gram Panchayet,2013-2014,0.84,0.84,12-Apr-13,15-Jan-14,03-06-2024
West Bengal,Paschim Medinipur,Keshpur,Anandapur,Anandapur,Baruipara,1343199,6405922,420069575,Deep Tubewell,Ground Water,BARUIPARA,Gram Panchayet,2013-2014,0.84,0.84,12-Apr-13,15-Jan-14,03-06-2024
West Bengal,Paschim Medinipur,Keshpur,Anandapur,Anandapur,Nandipara,1343210,6405922,420069573,Deep Tubewell,Ground Water,NANDIPARA,Gram Panchayet,2013-2014,0.84,0.84,12-Apr-13,15-Jan-14,03-06-2024
West Bengal,Paschim Medinipur,Keshpur,Anandapur,Anandapur,Dakshin Palli Pal Para,1343191,6405922,420069574,Deep Tubewell,Ground Water,PALPARA,Gram Panchayet,2013-2014,0.84,0.84,12-Apr-13,15-Jan-14,03-06-2024
West Bengal,Paschim Medinipur,Keshpur,Mugbasan,Tal Nanna,Kachari,1342892,6405937,420069583,Deep Tubewell,Ground Water,KACHARI,Gram Panchayet,2013-2014,0.75,0.75,21-Apr-13,15-Jan-14,03-06-2024
West Bengal,Paschim Medinipur,Keshpur,Sarishakhola,Andi Chak,Andhichak Doetapara,1343443,6434888,420074968,Deep Tubewell,Ground Water,ANDHICHAK DOETAPARA,ANDHICHAK DOETAPARA,2013-2014,0.82,0.82,21-Jun-13,30-Aug-13,03-06-2024
West Bengal,Paschim Medinipur,Keshpur,Sarishakhola,Magra,Mogra Dulalsingpara,1343431,6435001,420074980,Deep Tubewell,Ground Water,MOGRA DULALSINGPARA,MOGRA DULALSINGPARA,2013-2014,0.82,0.82,21-Jun-13,30-Aug-13,03-06-2024
West Bengal,Paschim Medinipur,Keshpur,Sarishakhola,Raipur,Raipur Saupara,1343426,6435092,420074987,Deep Tubewell,Ground Water,RAIPUR SAUPARA,RAIPUR SAUPARA,2013-2014,0.88,0.88,21-Apr-13,30-Apr-13,03-06-2024
West Bengal,Paschim Medinipur,Keshpur,Dhalhara,Doge Chhya,Purba Para,1343532,6437345,420248803,Deep Tubewell,Ground Water,Dogachia Raghunathchak,Construction of Rig Bored tube well Spot Sources fitted with India Mark II hand pump in different Blocks of Paschim Medinipur District 490 No TWs,2013-2014,392,450.81,01-Mar-13,03-May-23,03-06-2024
West Bengal,Paschim Medinipur,Keshpur,Dhalhara,Khejur Bani,Paschim Para,1343600,6437345,420248818,Deep Tubewell,Ground Water,Khejurboni,Construction of Rig Bored tube well Spot Sources fitted with India Mark II hand pump in different Blocks of Paschim Medinipur District 490 No TWs,2013-2014,392,450.81,01-Mar-13,03-May-23,03-06-2024
West Bengal,Paschim Medinipur,Keshpur,Sirsa,Parulia,Purulia,1343688,6437345,420248824,Deep Tubewell,Ground Water,Parulia Pry. School,Construction of Rig Bored tube well Spot Sources fitted with India Mark II hand pump in different Blocks of Paschim Medinipur District 490 No TWs,2013-2014,392,450.81,01-Mar-13,03-May-23,03-06-2024
West Bengal,Paschim Medinipur,Keshpur,Sirsa,Maharajpur,Maharajpur,1342636,6437345,420248820,Deep Tubewell,Ground Water,Maharajpur Jr. High School,Construction of Rig Bored tube well Spot Sources fitted with India Mark II hand pump in different Blocks of Paschim Medinipur District 490 No TWs,2013-2014,392,450.81,01-Mar-13,03-May-23,03-06-2024
West Bengal,Paschim Medinipur,Keshpur,Jorakeudi Solidiha,Sankrui,Sankrai,1342591,6437775,420251870,Deep Tubewell,Ground Water,Sankrui Pry. School,Construction of Rig Bored T/W (Spot Sources) fitted with India Mark - II hand pump at different Sourceless Primary & Upper Primary Schools. [265 Nos. RBTW],2013-2014,212,212.01198,01-Mar-13,04-May-17,03-06-2024
West Bengal,Paschim Medinipur,Keshpur,Amrakuchi,Nagda,Dandapat Para,1343106,6437775,420251864,Deep Tubewell,Ground Water,Nagda Pry. School,Construction of Rig Bored T/W (Spot Sources) fitted with India Mark - II hand pump at different Sourceless Primary & Upper Primary Schools. [265 Nos. RBTW],2013-2014,212,212.01198,01-Mar-13,04-May-17,03-06-2024
West Bengal,Paschim Medinipur,Keshpur,Anandapur,Anandapur,Uttar. Paschim Sadanandapara,1343198,6437775,420252266,Deep Tubewell,Ground Water,Satdubi Jr. High School,Construction of Rig Bored T/W (Spot Sources) fitted with India Mark - II hand pump at different Sourceless Primary & Upper Primary Schools. [265 Nos. RBTW],2013-2014,212,212.01198,01-Mar-13,04-May-17,03-06-2024
West Bengal,Paschim Medinipur,Keshpur,Teghori,Chanda Bila,Chandabila Madhya,1343073,6437776,420233302,Deep Tubewell,Ground Water,Chandabila Sibmandir,Construction of Rig Bored tube well Spot Sources fitted with India Mark  II hand pump in different Blocks of Paschim Medinipur District 600 No TWs,2013-2014,480,436.36,01-Apr-13,03-May-23,03-06-2024
West Bengal,Paschim Medinipur,Keshpur,Amanpur,Amanpur,Roypara,1342713,6437776,420233319,Deep Tubewell,Ground Water,Amanpur,Construction of Rig Bored tube well Spot Sources fitted with India Mark  II hand pump in different Blocks of Paschim Medinipur District 600 No TWs,2013-2014,480,436.36,01-Apr-13,03-May-23,03-06-2024
West Bengal,Paschim Medinipur,Keshpur,Amanpur,Tukura Pat,Turiapat,1342727,6579073,420085969,Deep Tubewell,Ground Water,Pintu sing,Gram Panchayat Office,2014-2015,0.82,0,12-Mar-14,28-Mar-14,03-06-2024
West Bengal,Paschim Medinipur,Keshpur,Amanpur,Tukura Pat,Turiapat,1342727,6579073,420085972,Deep Tubewell,Ground Water,Primary School,Gram Panchayat Office,2014-2015,0.82,0,12-Mar-14,28-Mar-14,03-06-2024
West Bengal,Paschim Medinipur,Keshpur,Amrakuchi,Panchami,Mollapara,1343137,6579073,420085959,Deep Tubewell,Ground Water,Harmuj Khan,Gram Panchayat Office,2014-2015,0.82,0,12-Mar-14,28-Mar-14,03-06-2024
West Bengal,Paschim Medinipur,Keshpur,Amrakuchi,Panchami,Mollapara,1343137,6579073,420085963,Deep Tubewell,Ground Water,Sk Sattar Ali,Gram Panchayat Office,2014-2015,0.82,0,12-Mar-14,28-Mar-14,03-06-2024
West Bengal,Paschim Medinipur,Keshpur,Sirsa,Garur Bag,Gatibarh,1342827,6579276,420085977,Deep Tubewell,Ground Water,Primary School,Gram Panchayat Office,2014-2015,0.8,0,02-Mar-14,02-Apr-14,03-06-2024
West Bengal,Paschim Medinipur,Keshpur,Amanpur,Jadubar,Maitipara,1342726,6579436,420086017,Deep Tubewell,Ground Water,Swapan Maiti,Gram Panchayat Office,2014-2015,0.78,0,10-Mar-14,18-Mar-14,03-06-2024
West Bengal,Paschim Medinipur,Keshpur,Amanpur,Jadubar,Jadubarh Malderpara,1342724,6579436,420086014,Deep Tubewell,Ground Water,Shakti Ghosh,Gram Panchayat Office,2014-2015,0.78,0,10-Mar-14,18-Mar-14,03-06-2024
West Bengal,Paschim Medinipur,Keshpur,Amanpur,Kota,Patrapara,1342781,6579436,420086022,Deep Tubewell,Ground Water,Matan Ari,Gram Panchayat Office,2014-2015,0.78,0,10-Mar-14,18-Mar-14,03-06-2024
West Bengal,Paschim Medinipur,Keshpur,Amanpur,Kota,Patrapara,1342781,6579436,420086027,Deep Tubewell,Ground Water,Primary School,Gram Panchayat Office,2014-2015,0.78,0,10-Mar-14,18-Mar-14,03-06-2024
West Bengal,Paschim Medinipur,Keshpur,Amanpur,Madhya Piashala,Madhyapiasala Duleypara,1342772,6579436,420086012,Deep Tubewell,Ground Water,I.C.D.S.,Gram Panchayat Office,2014-2015,0.78,0,10-Mar-14,18-Mar-14,03-06-2024
West Bengal,Paschim Medinipur,Keshpur,Amanpur,Dakshin Piashala,Dakhinpiasala Dharapara,1342775,6579436,420086011,Deep Tubewell,Ground Water,Shitala Mandir,Gram Panchayat Office,2014-2015,0.78,0,10-Mar-14,18-Mar-14,03-06-2024
West Bengal,Paschim Medinipur,Keshpur,Amanpur,Tanthua,Talhua Mondalpara,1342760,6588845,420086566,Deep Tubewell,Ground Water,Madan Mandal,Gram Panchayet,2014-2015,0.8,0,02-Mar-14,18-Mar-14,03-06-2024
West Bengal,Paschim Medinipur,Keshpur,Amanpur,Palas Larya,Palastora Rajpara,1342705,6588845,420086559,Deep Tubewell,Ground Water,Antu Kisku,Gram Panchayet,2014-2015,0.8,0,02-Mar-14,18-Mar-14,03-06-2024
West Bengal,Paschim Medinipur,Keshpur,Amrakuchi,Jambani,Jamboni,1343115,6588920,420086581,Deep Tubewell,Ground Water,Primary School,Gram Panchayet,2014-2015,0.8,0,12-Mar-14,02-Apr-14,03-06-2024
West Bengal,Paschim Medinipur,Keshpur,Amrakuchi,Chauki Ghata,Sorenpara,1343116,6588920,420086585,Deep Tubewell,Ground Water,Master Mohon Babu,Gram Panchayet,2014-2015,0.8,0,12-Mar-14,02-Apr-14,03-06-2024
West Bengal,Paschim Medinipur,Keshpur,Jhentla,Uttar Gerya,Uhargeria,1343687,6616126,420087414,Deep Tubewell,Ground Water,Nitai Mandal,Gram Panchayet,2014-2015,0.84,0.84,12-Mar-14,30-Mar-14,03-06-2024
West Bengal,Paschim Medinipur,Keshpur,Jhentla,Hijli,Hijli - Chalakpara,1343707,6673136,420090910,Deep Tubewell,Ground Water,Kingkar Chalak,Gram Panchayat,2014-2015,0.8,0,12-Mar-14,28-Mar-14,03-06-2024
West Bengal,Paschim Medinipur,Keshpur,Jhentla,Bajgerya,Bajukra - Delaghat,1342932,6673136,420090904,Deep Tubewell,Ground Water,Jadunath Hemrom,Gram Panchayat,2014-2015,0.8,0,12-Mar-14,28-Mar-14,03-06-2024
West Bengal,Paschim Medinipur,Keshpur,Amrakuchi,Khasla,Khasla,1343167,6673373,420090953,Deep Tubewell,Ground Water,I.C.D.S.,Gram Panchayat,2014-2015,0.8,0,15-Mar-14,05-Apr-14,03-06-2024
West Bengal,Paschim Medinipur,Keshpur,Dhalhara,Narsingpur,Narasingpur,1343721,6673373,420090944,Deep Tubewell,Ground Water,Primary School,Gram Panchayat,2014-2015,0.8,0,15-Mar-14,05-Apr-14,03-06-2024
West Bengal,Paschim Medinipur,Keshpur,Dhalhara,Parulia,Adibasi Para,1343547,6673373,420090939,Deep Tubewell,Ground Water,Sanatan Murmu,Gram Panchayat,2014-2015,0.8,0,15-Mar-14,05-Apr-14,03-06-2024
West Bengal,Paschim Medinipur,Keshpur,Amrakuchi,Amrakuchi,Dangapara,1343154,6673433,420091026,Deep Tubewell,Ground Water,Primary School,Gram Panchayat,2014-2015,0.8,0,15-Mar-14,05-Apr-14,03-06-2024
West Bengal,Paschim Medinipur,Keshpur,Amrakuchi,Amrakuchi,Dangapara,1343154,6673433,420091027,Deep Tubewell,Ground Water,Shitala Mondir,Gram Panchayat,2014-2015,0.8,0,15-Mar-14,05-Apr-14,03-06-2024
West Bengal,Paschim Medinipur,Keshpur,Amrakuchi,Pipurda,Khanpara,1343101,6673433,420091039,Deep Tubewell,Ground Water,Purnima Ghosh,Gram Panchayat,2014-2015,0.8,0,15-Mar-14,05-Apr-14,03-06-2024
West Bengal,Paschim Medinipur,Keshpur,Amrakuchi,Pipurda,Mallickpara,1343102,6673433,420091041,Deep Tubewell,Ground Water,Ram Mallick,Gram Panchayat,2014-2015,0.8,0,15-Mar-14,05-Apr-14,03-06-2024
West Bengal,Paschim Medinipur,Keshpur,Enayetpur,Enayat Pur,Mirjapara,1343769,6677000,420091204,Deep Tubewell,Ground Water,Rafik Ali,GRAM PANCHAYAT,2014-2015,0.82,0.82,02-Apr-14,28-Apr-14,03-06-2024
West Bengal,Paschim Medinipur,Keshpur,Jhentla,Amgerya,Amgeria,1343686,6402410,420064629,Deep Tubewell,Ground Water,AMGERIA,GRAM PANCHAYAT,2013-2014,0.75,0.75,10-Apr-13,13-Feb-14,03-06-2024
West Bengal,Paschim Medinipur,Keshpur,Jagannathpur,Kanashol,Nischindapur,1342981,6402410,420064652,Deep Tubewell,Ground Water,NISCHINDAPUR,GRAM PANCHAYAT,2013-2014,0.75,0.75,10-Apr-13,13-Feb-14,03-06-2024
West Bengal,Paschim Medinipur,Keshpur,Jhentla,Bajgerya,Kajipara,1342935,6402410,420064624,Deep Tubewell,Ground Water,KAJIPARA,GRAM PANCHAYAT,2013-2014,0.75,0.75,10-Apr-13,13-Feb-14,03-06-2024
West Bengal,Paschim Medinipur,Keshpur,Jagannathpur,Tatarpur,Tatarpur Kubidan,1342991,6402410,420064634,Deep Tubewell,Ground Water,KUBIDAN,GRAM PANCHAYAT,2013-2014,0.75,0.75,10-Apr-13,13-Feb-14,03-06-2024
West Bengal,Paschim Medinipur,Keshpur,Jhentla,Banka Bara,Bankabarh - Pukurpara,1343627,6402410,420064619,Deep Tubewell,Ground Water,PUKURPARA,GRAM PANCHAYAT,2013-2014,0.75,0.75,10-Apr-13,13-Feb-14,03-06-2024
West Bengal,Paschim Medinipur,Keshpur,Jhentla,Banka Bara,Ghoraipara,1343630,6402410,420064618,Deep Tubewell,Ground Water,GHORAIPARA,GRAM PANCHAYAT,2013-2014,0.75,0.75,10-Apr-13,13-Feb-14,03-06-2024
West Bengal,Paschim Medinipur,Keshpur,Jhentla,Banshi Bani,Bansboni - Jana Para,1343712,6402500,420064725,Deep Tubewell,Ground Water,JANAPARA,GRAM PANCHAYAT,2013-2014,0.75,0.75,12-Apr-13,25-Feb-14,03-06-2024
West Bengal,Paschim Medinipur,Keshpur,Jhentla,Harina,Harina - De Para,1343694,6402806,420065003,Deep Tubewell,Ground Water,DE PARA,Gram Panchayat,2013-2014,0.75,0.75,12-Apr-13,25-Feb-14,03-06-2024
West Bengal,Paschim Medinipur,Keshpur,Jhentla,Jhetla,Ghoshpara,1343673,6402914,420065087,Deep Tubewell,Ground Water,GHOSHPARA,Gram Panchayat,2013-2014,0.75,0.75,06-Apr-13,12-Feb-14,03-06-2024
West Bengal,Paschim Medinipur,Keshpur,Jhentla,Manjuria,Dakshinpara,1343637,6403031,420065236,Deep Tubewell,Ground Water,DAKSHINPARA,GRAM PANCHAYAT,2013-2014,0.75,0.75,12-Apr-13,25-Jan-14,03-06-2024
West Bengal,Paschim Medinipur,Keshpur,Jhentla,Malikurya,Malikura,1343725,6403031,420065232,Deep Tubewell,Ground Water,MALIKURA,GRAM PANCHAYAT,2013-2014,0.75,0.75,12-Apr-13,25-Jan-14,03-06-2024
West Bengal,Paschim Medinipur,Keshpur,Jhentla,Manjuria,Bakultala,1343641,6403031,420065235,Deep Tubewell,Ground Water,BAKULTALA,GRAM PANCHAYAT,2013-2014,0.75,0.75,12-Apr-13,25-Jan-14,03-06-2024
West Bengal,Paschim Medinipur,Keshpur,Jhentla,Kawa Gerya,Kawageria,1343690,6403031,420065224,Deep Tubewell,Ground Water,KAWAGERIA,GRAM PANCHAYAT,2013-2014,0.75,0.75,12-Apr-13,25-Jan-14,03-06-2024
West Bengal,Paschim Medinipur,Keshpur,Jhentla,Kush Gerya,Kushgeria,1343691,6403031,420065229,Deep Tubewell,Ground Water,KUSHGERIA,GRAM PANCHAYAT,2013-2014,0.75,0.75,12-Apr-13,25-Jan-14,03-06-2024
West Bengal,Paschim Medinipur,Keshpur,Jorakeudi Solidiha,Darkhola,Darkhata Mondalpara,1342623,6403207,420065604,Deep Tubewell,Ground Water,MONDALPARA,Gram Panchayat,2013-2014,0.75,0.75,25-May-13,12-Dec-13,03-06-2024
West Bengal,Paschim Medinipur,Keshpur,Jorakeudi Solidiha,Jorakeundi,Mahatapara,1342582,6403430,420065832,Deep Tubewell,Ground Water,MAHATAPARA,GRAM PANCHAYAT,2013-2014,0.82,0.82,12-May-13,14-Dec-13,03-06-2024
West Bengal,Paschim Medinipur,Keshpur,Jorakeudi Solidiha,Paltagar,Middyapara,1342600,6403430,420065818,Deep Tubewell,Ground Water,MIDDYAPARA,GRAM PANCHAYAT,2013-2014,0.82,0.82,12-May-13,14-Dec-13,03-06-2024
West Bengal,Paschim Medinipur,Keshpur,Jorakeudi Solidiha,Taltala,Taltala Janapara,1342621,6404131,420066868,Deep Tubewell,Ground Water,JANA PARA,Gram Panchayat,2013-2014,0.84,0.84,23-May-13,12-Dec-13,03-06-2024
West Bengal,Paschim Medinipur,Keshpur,Jorakeudi Solidiha,Tush Khali,Tushkhali,1342618,6404131,420066867,Deep Tubewell,Ground Water,TUSHKHALI,Gram Panchayat,2013-2014,0.84,0.84,23-May-13,12-Dec-13,03-06-2024
West Bengal,Paschim Medinipur,Keshpur,Jorakeudi Solidiha,Sapadiha,Sapadiha,1342565,6437775,420251868,Deep Tubewell,Ground Water,Sapatia SSK,Construction of Rig Bored T/W (Spot Sources) fitted with India Mark - II hand pump at different Sourceless Primary & Upper Primary Schools. [265 Nos. RBTW],2013-2014,212,212.01198,01-Mar-13,04-May-17,03-06-2024
West Bengal,Paschim Medinipur,Keshpur,Jorakeudi Solidiha,Dhara Sol,Dharasuli Samantapara,1342619,6437776,420233312,Deep Tubewell,Ground Water,Dharasole,Construction of Rig Bored tube well Spot Sources fitted with India Mark  II hand pump in different Blocks of Paschim Medinipur District 600 No TWs,2013-2014,480,436.36,01-Apr-13,03-May-23,03-06-2024
West Bengal,Paschim Medinipur,Keshpur,Sirsa,Maharajpur,Maharajpur,1342636,6579276,420085985,Deep Tubewell,Ground Water,I.C.D.S.,Gram Panchayat Office,2014-2015,0.8,0,02-Mar-14,02-Apr-14,03-06-2024
West Bengal,Paschim Medinipur,Keshpur,Jorakeudi Solidiha,Rola Pat,Dalaipara,1342625,6690866,420094408,Deep Tubewell,Ground Water,Gopal Doloi,Gram Panchayat,2014-2015,0.8,0.8,02-May-14,20-May-14,03-06-2024
West Bengal,Paschim Medinipur,Keshpur,Jorakeudi Solidiha,Panisara,Panisara Mahatapara,1342578,6690866,420094417,Deep Tubewell,Ground Water,Laxmiram Murmu,Gram Panchayat,2014-2015,0.8,0.8,02-May-14,20-May-14,03-06-2024
West Bengal,Paschim Medinipur,Keshpur,Amrakuchi,Nagda,Roy Para,1343105,6071193,420224797,Deep Tubewell,Ground Water,Nagda Roypara ICDS,Cretion of drinking water source at Source Less Anganwadi Centers in Govt. Premises within different Blocks in paschim medinipur district,2013-2014,96.59,96.59,02-Jul-13,30-Aug-17,03-06-2024
West Bengal,Paschim Medinipur,Keshpur,Keshpur,Elni,Eluni Chak,1343305,6071193,420224897,Deep Tubewell,Ground Water,Eluni ICDS,Cretion of drinking water source at Source Less Anganwadi Centers in Govt. Premises within different Blocks in paschim medinipur district,2013-2014,96.59,96.59,02-Jul-13,30-Aug-17,03-06-2024
West Bengal,Paschim Medinipur,Keshpur,Jhentla,Jhinuka,Jhinuka,1343624,6071193,420251582,Deep Tubewell,Ground Water,Jhinuka ICDS,Cretion of drinking water source at Source Less Anganwadi Centers in Govt. Premises within different Blocks in paschim medinipur district,2013-2014,96.59,96.59,02-Jul-13,30-Aug-17,03-06-2024
West Bengal,Paschim Medinipur,Keshpur,Sirsa,Shirsha,Shirsha,1766945,6296155,420028430,Deep Tubewell,Ground Water,Sirsha Chawk,Sirsha Chawk,2010-2011,0.79,0.79,14-Aug-10,16-Aug-10,03-06-2024
West Bengal,Paschim Medinipur,Keshpur,Enayetpur,Paharchak,Paharchak Adibasipara,1343739,6352980,420036275,Deep Tubewell,Ground Water,Hori Mondir,Gram Panchayat,2013-2014,0.8,0.8,12-May-13,11-Apr-17,03-06-2024
West Bengal,Paschim Medinipur,Keshpur,Enayetpur,Paharchak,Paharchak Adibasipara,1343739,6352980,420036276,Deep Tubewell,Ground Water,Bankim Hemrom,Gram Panchayat,2013-2014,0.8,0.8,12-May-13,11-Apr-17,03-06-2024
West Bengal,Paschim Medinipur,Keshpur,Enayetpur,Paharchak,Bhuniapara,1343740,6353017,420036285,Deep Tubewell,Ground Water,Rampada Bhunia,Gram Panchayat,2013-2014,0.7,0.7,20-May-13,05-Apr-17,03-06-2024
West Bengal,Paschim Medinipur,Keshpur,Enayetpur,Enayat Pur,Babladanga,1343770,6354993,420037436,Deep Tubewell,Ground Water,Amtour Garirghet,Amtour Garirghet,2009-2010,0.74,0.74,01-Apr-09,03-Apr-09,03-06-2024
West Bengal,Paschim Medinipur,Keshpur,Enayetpur,Kaigerya,Kaigeria Maitipara,1343781,6358632,420039844,Deep Tubewell,Ground Water,Sandip Mandal,GRAM PANCHAYAT,2013-2014,0.7,0.7,02-May-13,15-Feb-14,03-06-2024
West Bengal,Paschim Medinipur,Keshpur,Enayetpur,Kaigerya,Kaigeria Maitipara,1343781,6358632,420039845,Deep Tubewell,Ground Water,Primary School,GRAM PANCHAYAT,2013-2014,0.7,0.7,02-May-13,15-Feb-14,03-06-2024
West Bengal,Paschim Medinipur,Keshpur,Enayetpur,Kaigerya,Kaigeria Maitipara,1343781,6374672,420048044,Deep Tubewell,Ground Water,Ganesh Chandra Majhi,GRAM PANCHAYAT,2013-2014,0.8,0.8,02-May-13,10-Apr-17,03-06-2024
West Bengal,Paschim Medinipur,Keshpur,Mugbasan,Chandpur,Chandpur,1766931,6381510,420049770,Deep Tubewell,Ground Water,Ibsad Babu,Gram Panchayat,2013-2014,0.8,0.8,23-Apr-13,12-Mar-14,03-06-2024
West Bengal,Paschim Medinipur,Keshpur,Enayetpur,Ghosh Diha,Ghoshdina Janapara,1343760,6388552,420053259,Deep Tubewell,Ground Water,Tapan Dandapat,Gram Panchayat,2013-2014,0.7,0.7,25-Apr-13,24-Feb-14,03-06-2024
West Bengal,Paschim Medinipur,Keshpur,Enayetpur,Ghosh Diha,Ghoshdina Janapara,1343760,6388552,420053264,Deep Tubewell,Ground Water,Duryadhan Kuar,Gram Panchayat,2013-2014,0.7,0.7,25-Apr-13,24-Feb-14,03-06-2024
West Bengal,Paschim Medinipur,Keshpur,Enayetpur,Ajodhya Bar,Ayodhyabarh Bhattecharjeepara,1343775,6401959,420063950,Deep Tubewell,Ground Water,PATARPARA,GRAM PANCHAYAT,2013-2014,0.8,0.8,12-Apr-13,25-Dec-14,03-06-2024
West Bengal,Paschim Medinipur,Keshpur,Enayetpur,Ajodhya Bar,Ayodhyabarh Bhattecharjeepara,1343775,6401959,420063951,Deep Tubewell,Ground Water,BHATTECHARJEEPARA,GRAM PANCHAYAT,2013-2014,0.8,0.8,12-Apr-13,25-Dec-14,03-06-2024
West Bengal,Paschim Medinipur,Keshpur,Enayetpur,Bara Chand Bar,Nilmanisinghpara,1343778,6402018,420064204,Deep Tubewell,Ground Water,NILMANISINGPARA,Gram Panchayat,2013-2014,0.75,0.75,21-Apr-13,15-Dec-14,03-06-2024
West Bengal,Paschim Medinipur,Keshpur,Enayetpur,Enayat Pur,Mirjapara,1343769,6402018,420064179,Deep Tubewell,Ground Water,MIRJA PARA,Gram Panchayat,2013-2014,0.75,0.75,21-Apr-13,15-Dec-14,03-06-2024
West Bengal,Paschim Medinipur,Keshpur,Enayetpur,Ghosh Diha,Shankartarakpara,1343762,6402018,420064171,Deep Tubewell,Ground Water,SHANKARTARAKPARA,Gram Panchayat,2013-2014,0.75,0.75,21-Apr-13,15-Dec-14,03-06-2024
West Bengal,Paschim Medinipur,Keshpur,Enayetpur,Chotta Pasha,Uhudalipara,1343759,6402018,420064187,Deep Tubewell,Ground Water,UHUDALI PARA,Gram Panchayat,2013-2014,0.75,0.75,21-Apr-13,15-Dec-14,03-06-2024
West Bengal,Paschim Medinipur,Keshpur,Jhentla,Guru Thapal,Gurkthapur,1343734,6402806,420065005,Deep Tubewell,Ground Water,GURKTHAPUR,Gram Panchayat,2013-2014,0.75,0.75,12-Apr-13,25-Feb-14,03-06-2024
West Bengal,Paschim Medinipur,Keshpur,Jhentla,Manta,Khanpara,1343669,6403117,420065430,Deep Tubewell,Ground Water,KHANPARA,GRAM PANCHAYAT,2013-2014,0.75,0.75,12-Apr-13,25-Jan-14,03-06-2024
West Bengal,Paschim Medinipur,Keshpur,Mugbasan,Khordda Radha Ballabhpur,Dolaipara,1342946,6845190,420118733,Deep Tubewell,Ground Water,Primary School,Gram Panchayat,2014-2015,0.82,0.82,15-Jun-14,12-Jul-14,03-06-2024
West Bengal,Paschim Medinipur,Keshpur,Mugbasan,Khordda Radha Ballabhpur,Dolaipara,1342946,6845190,420118734,Deep Tubewell,Ground Water,Matiram Doloi,Gram Panchayat,2014-2015,0.82,0.82,15-Jun-14,12-Jul-14,03-06-2024
West Bengal,Paschim Medinipur,Keshpur,Teghori,Gopal Nagar,Gopal Nagar,1343043,6853701,420123531,Deep Tubewell,Ground Water,S.S.K.,Gram Panchayat,2014-2015,0.8,0.8,02-Jun-14,28-Jun-14,03-06-2024
West Bengal,Paschim Medinipur,Keshpur,Amrakuchi,Rasidpur,Rashidpur,1343126,6857619,420125843,Deep Tubewell,Ground Water,Primary School,Gram Panchayat,2014-2015,0.84,0.84,12-Jun-14,30-Jun-14,03-06-2024
West Bengal,Paschim Medinipur,Keshpur,Amrakuchi,Kharika,Panchamichak,1343149,6857619,420125844,Deep Tubewell,Ground Water,Kharika Primary School,Gram Panchayat,2014-2015,0.84,0.84,12-Jun-14,30-Jun-14,03-06-2024
West Bengal,Paschim Medinipur,Keshpur,Amrakuchi,Amrakuchi,Amrakuchi Bazar,1343159,6857620,420125862,Deep Tubewell,Ground Water,Primary School,Gram Panchayat,2014-2015,0.84,0.84,12-Jun-14,11-Apr-17,03-06-2024
West Bengal,Paschim Medinipur,Keshpur,Amrakuchi,Amrakuchi,Amrakuchi Bazar,1343159,6857620,420125865,Deep Tubewell,Ground Water,Kartik Mandal,Gram Panchayat,2014-2015,0.84,0.84,12-Jun-14,11-Apr-17,03-06-2024
West Bengal,Paschim Medinipur,Keshpur,Enayetpur,Malyan,Malyan,1766765,6858416,420126633,Deep Tubewell,Ground Water,Abed Ali,Gram Panchayat,2014-2015,0.84,0.84,10-Jun-14,11-Apr-17,03-06-2024
West Bengal,Paschim Medinipur,Keshpur,Enayetpur,Mirpur,Shyamhemrompara,1343789,6858416,420126631,Deep Tubewell,Ground Water,Hemrom Babu,Gram Panchayat,2014-2015,0.84,0.84,10-Jun-14,11-Apr-17,03-06-2024
West Bengal,Paschim Medinipur,Keshpur,Sirsa,Maharajpur,Maharajpur,1342636,6858943,420127023,Deep Tubewell,Ground Water,Balaram Bhunia,Gram Panchayat,2014-2015,0.84,0.84,06-Jul-14,25-Jul-14,03-06-2024
West Bengal,Paschim Medinipur,Keshpur,Sirsa,Toria,Taria,1342647,6859051,420127084,Deep Tubewell,Ground Water,Toria High School(Back Side),Gram Panchayat,2014-2015,0.8,0.8,02-Jul-14,30-Jul-14,03-06-2024
West Bengal,Paschim Medinipur,Keshpur,Sirsa,Maharajpur,Maharajpur,1342636,6859051,420127089,Deep Tubewell,Ground Water,Tarun Ghosh,Gram Panchayat,2014-2015,0.8,0.8,02-Jul-14,30-Jul-14,03-06-2024
West Bengal,Paschim Medinipur,Keshpur,Sirsa,Maharajpur,Maharajpur,1342636,6859051,420127091,Deep Tubewell,Ground Water,Primary School,Gram Panchayat,2014-2015,0.8,0.8,02-Jul-14,30-Jul-14,03-06-2024
West Bengal,Paschim Medinipur,Keshpur,Sirsa,Toria,Taria,1342647,6859052,420127097,Deep Tubewell,Ground Water,Toria Primary School,Gram Panchayat,2014-2015,0.8,0.8,02-Jul-14,28-Jul-14,03-06-2024
West Bengal,Paschim Medinipur,Keshpur,Sirsa,Garur Bag,Gatibarh,1342827,6859960,420127479,Deep Tubewell,Ground Water,Garor Baga,Gram Panchayat,2014-2015,0.84,0.84,06-Jun-14,25-Jun-14,03-06-2024
West Bengal,Paschim Medinipur,Keshpur,Sirsa,Akmura,Akmura Doloipara,1342655,6859960,420127471,Deep Tubewell,Ground Water,S.S.K.,Gram Panchayat,2014-2015,0.84,0.84,06-Jun-14,25-Jun-14,03-06-2024
West Bengal,Paschim Medinipur,Keshpur,Sirsa,Akmura,Akmura Doloipara,1342655,6859960,420127472,Deep Tubewell,Ground Water,Shankar Ruidas,Gram Panchayat,2014-2015,0.84,0.84,06-Jun-14,25-Jun-14,03-06-2024
West Bengal,Paschim Medinipur,Keshpur,Sirsa,Akmura,Pakhirapara,1342659,6859960,420127474,Deep Tubewell,Ground Water,Akmura Primary School,Gram Panchayat,2014-2015,0.84,0.84,06-Jun-14,25-Jun-14,03-06-2024
West Bengal,Paschim Medinipur,Keshpur,Sirsa,Akmura,Janapara,1342660,6859960,420127478,Deep Tubewell,Ground Water,Sub Health Centre,Gram Panchayat,2014-2015,0.84,0.84,06-Jun-14,25-Jun-14,03-06-2024
West Bengal,Paschim Medinipur,Keshpur,Amanpur,Askanda,Askanda Dolaipara,1342737,6859963,420127489,Deep Tubewell,Ground Water,Nanda Doloi,Gram Panchayat,2014-2015,0.84,0.84,12-Jun-14,29-Jun-14,03-06-2024
West Bengal,Paschim Medinipur,Keshpur,Teghori,Dudiabandi,Dudiabandhi Uporpara,1343027,6861674,420128664,Deep Tubewell,Ground Water,I.C.D.S.,Gram Panchayat,2014-2015,0.84,0.84,06-Jul-14,20-Jul-14,03-06-2024
West Bengal,Paschim Medinipur,Keshpur,Teghori,Kontai,Dalbera Madhya,1343050,6861674,420128666,Deep Tubewell,Ground Water,Kontai Primary School,Gram Panchayat,2014-2015,0.84,0.84,06-Jul-14,20-Jul-14,03-06-2024
West Bengal,Paschim Medinipur,Keshpur,Kalagram,Chand Chak,Singh Para,1343407,6867188,420132414,Deep Tubewell,Ground Water,Tarapada Bhunia,Gram Panchayat,2014-2015,0.82,0.82,02-Jul-14,28-Jul-14,03-06-2024
West Bengal,Paschim Medinipur,Keshpur,Kalagram,Chand Chak,Dolaipara,1343408,6867188,420132416,Deep Tubewell,Ground Water,Sunil Doloi,Gram Panchayat,2014-2015,0.82,0.82,02-Jul-14,28-Jul-14,03-06-2024
West Bengal,Paschim Medinipur,Keshpur,Kalagram,Chand Chak,Mandirpara,1343409,6867188,420132420,Deep Tubewell,Ground Water,Mantu Doloi,Gram Panchayat,2014-2015,0.82,0.82,02-Jul-14,28-Jul-14,03-06-2024
West Bengal,Paschim Medinipur,Keshpur,Enayetpur,Badar,Durga Chak Para,1343850,6867874,420133221,Deep Tubewell,Ground Water,Jagannath Mandir,Gram Panchayat,2014-2015,0.82,0.82,12-Aug-14,28-Aug-14,03-06-2024
West Bengal,Paschim Medinipur,Keshpur,Enayetpur,Badar,Singh Para,1343848,6867874,420133224,Deep Tubewell,Ground Water,Badar S.S.K.,Gram Panchayat,2014-2015,0.82,0.82,12-Aug-14,28-Aug-14,03-06-2024
West Bengal,Paschim Medinipur,Keshpur,Enayetpur,Kanja Gerya,Kanja Gerya,1766666,6867874,420133227,Deep Tubewell,Ground Water,Koronjagerya Primary School,Gram Panchayat,2014-2015,0.82,0.82,12-Aug-14,28-Aug-14,03-06-2024
West Bengal,Paschim Medinipur,Keshpur,Amrakuchi,Kapta Bankati,Kaptabankati,1343162,6869420,420134681,Deep Tubewell,Ground Water,Sudhir Mana,Gram Panchayat,2014-2015,0.82,0.82,12-Aug-14,12-Apr-17,03-06-2024
West Bengal,Paschim Medinipur,Keshpur,Amrakuchi,Panchami,Mollapara,1343137,6869420,420134678,Deep Tubewell,Ground Water,Latif Khan,Gram Panchayat,2014-2015,0.82,0.82,12-Aug-14,12-Apr-17,03-06-2024
West Bengal,Paschim Medinipur,Keshpur,Anandapur,Anandapur,Jela Para,1343207,6884351,420139560,Deep Tubewell,Ground Water,Jokapukur Par,Gram Panchayat,2014-2015,0.84,0.84,08-Aug-14,28-Aug-14,03-06-2024
West Bengal,Paschim Medinipur,Keshpur,Anandapur,Anandapur,Dewan Para,1343209,6884351,420139565,Deep Tubewell,Ground Water,Tomij Mollick,Gram Panchayat,2014-2015,0.84,0.84,08-Aug-14,28-Aug-14,03-06-2024
West Bengal,Paschim Medinipur,Keshpur,Anandapur,Anandapur,Dewan Para,1343209,6884351,420139566,Deep Tubewell,Ground Water,Niharanjan Club,Gram Panchayat,2014-2015,0.84,0.84,08-Aug-14,28-Aug-14,03-06-2024
West Bengal,Paschim Medinipur,Keshpur,Anandapur,Anandapur,Hari Para,1343197,6884351,420139567,Deep Tubewell,Ground Water,Shitala Mandir,Gram Panchayat,2014-2015,0.84,0.84,08-Aug-14,28-Aug-14,03-06-2024
West Bengal,Paschim Medinipur,Keshpur,Anandapur,Anandapur,Gayan Para,1343216,6884351,420139561,Deep Tubewell,Ground Water,Sk Anuar,Gram Panchayat,2014-2015,0.84,0.84,08-Aug-14,28-Aug-14,03-06-2024
West Bengal,Paschim Medinipur,Keshpur,Anandapur,Anandapur,Bankata Masjidpara,1343184,6884402,420139591,Deep Tubewell,Ground Water,Mahammad Khan,Gram Panchayat,2014-2015,0.84,0.84,12-Aug-14,02-Sep-14,03-06-2024
West Bengal,Paschim Medinipur,Keshpur,Amrakuchi,Pipurda,Mallickpara,1343102,6884442,420139612,Deep Tubewell,Ground Water,Fudan Shikary,Gram Panchayat,2014-2015,0.84,0.84,12-Aug-14,10-Sep-14,03-06-2024
West Bengal,Paschim Medinipur,Keshpur,Enayetpur,Bagrui,Doloipara,1343840,6885126,420139846,Deep Tubewell,Ground Water,Chittaranjan Doloi,Gram Panchayat,2014-2015,0.8,0.8,12-Aug-14,28-Aug-14,03-06-2024
West Bengal,Paschim Medinipur,Keshpur,Enayetpur,Gobinda Pur,Mandipara,1343838,6885178,420139881,Deep Tubewell,Ground Water,Ranjit Doloi,Gram Panchayat,2014-2015,0.8,0.8,12-Aug-14,28-Aug-14,03-06-2024
West Bengal,Paschim Medinipur,Keshpur,Enayetpur,Mohadi Chak,Mohadi Chak,1766766,6885178,420139880,Deep Tubewell,Ground Water,Mohon Bera,Gram Panchayat,2014-2015,0.8,0.8,12-Aug-14,28-Aug-14,03-06-2024
West Bengal,Paschim Medinipur,Keshpur,Kalagram,Thaur,Thaur,1766913,6885373,420139904,Deep Tubewell,Ground Water,Ajit Ghosh,Gram Panchayat,2014-2015,0.8,0.8,12-Aug-14,28-Aug-14,03-06-2024
West Bengal,Paschim Medinipur,Keshpur,Kalagram,Thaur,Thaur,1766913,6901994,420143821,Deep Tubewell,Ground Water,Ranjit Pandit,Gram Panchayat,2014-2015,0.84,0.84,12-Aug-14,30-Aug-14,03-06-2024
West Bengal,Paschim Medinipur,Keshpur,Kalagram,Thaur,Thaur,1766913,6901994,420143823,Deep Tubewell,Ground Water,Khokon Doloi,Gram Panchayat,2014-2015,0.84,0.84,12-Aug-14,30-Aug-14,03-06-2024
West Bengal,Paschim Medinipur,Keshpur,Kalagram,Chand Chak,Dolaipara,1343408,6901994,420143818,Deep Tubewell,Ground Water,S.S.K.,Gram Panchayat,2014-2015,0.84,0.84,12-Aug-14,30-Aug-14,03-06-2024
West Bengal,Paschim Medinipur,Keshpur,Sirsa,Maharajpur,Maharajpur,1342636,6902664,420144399,Deep Tubewell,Ground Water,Primary School,Gram Panchayat,2014-2015,0.84,0.84,08-Aug-14,28-Aug-14,03-06-2024
West Bengal,Paschim Medinipur,Keshpur,Sirsa,Maharajpur,Adibasipara,1342641,6902664,420144403,Deep Tubewell,Ground Water,Outside of I.C.D.S.,Gram Panchayat,2014-2015,0.84,0.84,08-Aug-14,28-Aug-14,03-06-2024
West Bengal,Paschim Medinipur,Keshpur,Sirsa,Maharajpur,Adibasipara,1342641,6902664,420144405,Deep Tubewell,Ground Water,Lakhiram Murmu,Gram Panchayat,2014-2015,0.84,0.84,08-Aug-14,28-Aug-14,03-06-2024
West Bengal,Paschim Medinipur,Keshpur,Dhalhara,Khirish Mul,Bona Mara,1343591,6902682,420144475,Deep Tubewell,Ground Water,S.S.K.,Gram Panchayat,2014-2015,0.84,0.84,12-Aug-14,28-Aug-14,03-06-2024
West Bengal,Paschim Medinipur,Keshpur,Dhalhara,Salanga,Hazra Para,1343579,6902682,420144476,Deep Tubewell,Ground Water,C.P.I.(M) Party Office,Gram Panchayat,2014-2015,0.84,0.84,12-Aug-14,28-Aug-14,03-06-2024
West Bengal,Paschim Medinipur,Keshpur,Anandapur,Gamaria,Gamaria Chak,1343244,6903322,420145171,Deep Tubewell,Ground Water,Hori Mondir,Gram Panchayat,2014-2015,0.8,0.8,12-Aug-14,30-Aug-14,03-06-2024
West Bengal,Paschim Medinipur,Keshpur,Sirsa,Gopinathpur,Majipara,1342643,6903322,420145156,Deep Tubewell,Ground Water,Belaram Bhunia,Gram Panchayat,2014-2015,0.8,0.8,12-Aug-14,30-Aug-14,03-06-2024
West Bengal,Paschim Medinipur,Keshpur,Amanpur,Eluni,Mahajarpara,1342777,6903356,420145210,Deep Tubewell,Ground Water,Gobinda Ghosh,Gram Panchayat,2014-2015,0.8,0.8,12-Aug-14,30-Aug-14,03-06-2024
West Bengal,Paschim Medinipur,Keshpur,Amanpur,Goharia,Goharia Upar,1342752,6389292,420053751,Deep Tubewell,Ground Water,Harisadhan Digar,GRAM PANCHAYAT,2013-2014,0.7,0.7,12-Apr-13,25-Feb-14,03-06-2024
West Bengal,Paschim Medinipur,Keshpur,Amanpur,Goharia,Goharia Upar,1342752,6389292,420053754,Deep Tubewell,Ground Water,Tarapada Ghosh,GRAM PANCHAYAT,2013-2014,0.7,0.7,12-Apr-13,25-Feb-14,03-06-2024
West Bengal,Paschim Medinipur,Keshpur,Golarh,Gopi Bar,Gopi Bar,1766774,6388542,420053217,Deep Tubewell,Ground Water,Iaad Ali,Gram Panchayat,2013-2014,0.7,0.7,25-Apr-13,06-Apr-17,03-06-2024
West Bengal,Paschim Medinipur,Keshpur,Golarh,Dharmma Pur,Digarpara,1342849,6388542,420053224,Deep Tubewell,Ground Water,Mintu Babu,Gram Panchayat,2013-2014,0.7,0.7,25-Apr-13,06-Apr-17,03-06-2024
West Bengal,Paschim Medinipur,Keshpur,Golarh,Ranjita,Ranjita,1342828,6388542,420053218,Deep Tubewell,Ground Water,Sk Rahaman,Gram Panchayat,2013-2014,0.7,0.7,25-Apr-13,06-Apr-17,03-06-2024
West Bengal,Paschim Medinipur,Keshpur,Golarh,Golar,Goler - Bagpara,1342841,6388542,420053219,Deep Tubewell,Ground Water,Sk Jahangir Hosen,Gram Panchayat,2013-2014,0.7,0.7,25-Apr-13,06-Apr-17,03-06-2024
West Bengal,Paschim Medinipur,Keshpur,Amanpur,Keshur Gerya,Kheshargeria,1342786,6388538,420053214,Deep Tubewell,Ground Water,I.C.D.S.,Gram Panchayat,2013-2014,0.8,0.8,25-Apr-13,14-Feb-14,03-06-2024
West Bengal,Paschim Medinipur,Keshpur,Amanpur,Panch Khuiri,Chakpara,1342747,6388538,420053204,Deep Tubewell,Ground Water,Bhramar Haldar,Gram Panchayat,2013-2014,0.8,0.8,25-Apr-13,14-Feb-14,03-06-2024
West Bengal,Paschim Medinipur,Keshpur,Amanpur,Amanpur,Kamalpara,1342716,6397461,420060620,Deep Tubewell,Ground Water,Adibasi Para,Roy Para,2013-2014,0.8,0.8,25-Apr-13,12-Feb-14,03-06-2024
West Bengal,Paschim Medinipur,Keshpur,Anandapur,Anandapur,Bara Sitala Mandir,1343200,6399641,420062142,Deep Tubewell,Ground Water,BARUIPARA,GRAM PANCHAYAT,2013-2014,0.8,0.8,25-Apr-13,12-Feb-14,03-06-2024
West Bengal,Paschim Medinipur,Keshpur,Anandapur,Anandapur,Bankata Md. Khan Para,1343185,6399641,420062144,Deep Tubewell,Ground Water,KHANPARA,GRAM PANCHAYAT,2013-2014,0.8,0.8,25-Apr-13,12-Feb-14,03-06-2024
West Bengal,Paschim Medinipur,Keshpur,Anandapur,Anandapur,Guipara (santu),1343188,6399641,420062136,Deep Tubewell,Ground Water,GUIPARA,GRAM PANCHAYAT,2013-2014,0.8,0.8,25-Apr-13,12-Feb-14,03-06-2024
West Bengal,Paschim Medinipur,Keshpur,Amrakuchi,Chaita,Chaita Kacharichak,1343143,6399641,420062158,Deep Tubewell,Ground Water,CHAITAKACHARICHAK,GRAM PANCHAYAT,2013-2014,0.8,0.8,25-Apr-13,12-Feb-14,03-06-2024
West Bengal,Paschim Medinipur,Keshpur,Amrakuchi,Panchami,Tufanpara,1343141,6399641,420062150,Deep Tubewell,Ground Water,TUFANPARA,GRAM PANCHAYAT,2013-2014,0.8,0.8,25-Apr-13,12-Feb-14,03-06-2024
West Bengal,Paschim Medinipur,Keshpur,Amrakuchi,Nagda,Mura Para,1343108,6399641,420062153,Deep Tubewell,Ground Water,MORAPARA,GRAM PANCHAYAT,2013-2014,0.8,0.8,25-Apr-13,12-Feb-14,03-06-2024
West Bengal,Paschim Medinipur,Keshpur,Amanpur,Teghara,Teghara Mandalpara,1342720,6399641,420062163,Deep Tubewell,Ground Water,MANDALPARA,GRAM PANCHAYAT,2013-2014,0.8,0.8,25-Apr-13,12-Feb-14,03-06-2024
West Bengal,Paschim Medinipur,Keshpur,Amrakuchi,Bagasol,Baglasole - Dangapur,1343125,6399641,420062160,Deep Tubewell,Ground Water,DANGAPUR,GRAM PANCHAYAT,2013-2014,0.8,0.8,25-Apr-13,12-Feb-14,03-06-2024
West Bengal,Paschim Medinipur,Keshpur,Anandapur,Bhagirath Bar,Ghoshpara,1343233,6399641,420062124,Deep Tubewell,Ground Water,GHOSHPARA,GRAM PANCHAYAT,2013-2014,0.8,0.8,25-Apr-13,12-Feb-14,03-06-2024
West Bengal,Paschim Medinipur,Keshpur,Anandapur,Anandapur,Chanlikala Para,1343217,6399641,420062141,Deep Tubewell,Ground Water,CHANLIKALAPARA,GRAM PANCHAYAT,2013-2014,0.8,0.8,25-Apr-13,12-Feb-14,03-06-2024
West Bengal,Paschim Medinipur,Keshpur,Anandapur,Anandapur,Sk. Felo Para,1343219,6399641,420062127,Deep Tubewell,Ground Water,SK FELO PARA,GRAM PANCHAYAT,2013-2014,0.8,0.8,25-Apr-13,12-Feb-14,03-06-2024
West Bengal,Paschim Medinipur,Keshpur,Anandapur,Anandapur,Najrul Para,1343215,6399641,420062130,Deep Tubewell,Ground Water,NAJRULPARA,GRAM PANCHAYAT,2013-2014,0.8,0.8,25-Apr-13,12-Feb-14,03-06-2024
West Bengal,Paschim Medinipur,Keshpur,Anandapur,Jhatiar,Roy Para,1343247,6400371,420062617,Deep Tubewell,Ground Water,ROY PARA,Gram Panchayet,2013-2014,0.8,0.8,25-Apr-13,12-Dec-14,03-06-2024
West Bengal,Paschim Medinipur,Keshpur,Anandapur,Nutan Bajar,Barui Para,1343258,6400371,420062616,Deep Tubewell,Ground Water,BARUIPARA,Gram Panchayet,2013-2014,0.8,0.8,25-Apr-13,12-Dec-14,03-06-2024
West Bengal,Paschim Medinipur,Keshpur,Anandapur,Nutan Bajar,Torrapara,1343255,6401296,420063222,Deep Tubewell,Ground Water,TORRA PARA,Gram Panchayet,2013-2014,0.8,0.8,25-Apr-13,12-Dec-14,03-06-2024
West Bengal,Paschim Medinipur,Keshpur,Anandapur,Tengaerya,Panpara,1343226,6401296,420063219,Deep Tubewell,Ground Water,PANPARA,Gram Panchayet,2013-2014,0.8,0.8,25-Apr-13,12-Dec-14,03-06-2024
West Bengal,Paschim Medinipur,Keshpur,Dhalhara,Baishnab Chak,Baisnabchak,1343549,6401296,420063216,Deep Tubewell,Ground Water,BAISNABCHAK,Gram Panchayet,2013-2014,0.8,0.8,25-Apr-13,12-Dec-14,03-06-2024
West Bengal,Paschim Medinipur,Keshpur,Dhalhara,Chak Prasad,Singh Para,1343577,6401296,420063208,Deep Tubewell,Ground Water,SINGPARA,Gram Panchayet,2013-2014,0.8,0.8,25-Apr-13,12-Dec-14,03-06-2024
West Bengal,Paschim Medinipur,Keshpur,Dhalhara,Beucha,Beucha,1343606,6401296,420063214,Deep Tubewell,Ground Water,BEUCHA,Gram Panchayet,2013-2014,0.8,0.8,25-Apr-13,12-Dec-14,03-06-2024
West Bengal,Paschim Medinipur,Keshpur,Dhalhara,Doge Chhya,Purba Para,1343532,6401959,420063994,Deep Tubewell,Ground Water,PURBA PARA,GRAM PANCHAYAT,2013-2014,0.8,0.8,12-Apr-13,25-Dec-14,03-06-2024
West Bengal,Paschim Medinipur,Keshpur,Dhalhara,Khirish Mul,Margora,1343592,6401959,420063976,Deep Tubewell,Ground Water,MARGORA,GRAM PANCHAYAT,2013-2014,0.8,0.8,12-Apr-13,25-Dec-14,03-06-2024
West Bengal,Paschim Medinipur,Keshpur,Dhalhara,Hurunuru,Rajdaspara,1343362,6401959,420063988,Deep Tubewell,Ground Water,RAJDASPARA,GRAM PANCHAYAT,2013-2014,0.8,0.8,12-Apr-13,25-Dec-14,03-06-2024
West Bengal,Paschim Medinipur,Keshpur,Dhalhara,Hurunuru,Guri Para,1343363,6401959,420063989,Deep Tubewell,Ground Water,GURI PARA,GRAM PANCHAYAT,2013-2014,0.8,0.8,12-Apr-13,25-Dec-14,03-06-2024
West Bengal,Paschim Medinipur,Keshpur,Dhalhara,Dinaram Chak,Dinaram Chak,1343584,6401959,420063998,Deep Tubewell,Ground Water,DINARAM CHAK,GRAM PANCHAYAT,2013-2014,0.8,0.8,12-Apr-13,25-Dec-14,03-06-2024
West Bengal,Paschim Medinipur,Keshpur,Dhalhara,Madhyam Parshura,Bhunia Para,1343562,6401959,420063971,Deep Tubewell,Ground Water,BHUNIAPARA,GRAM PANCHAYAT,2013-2014,0.8,0.8,12-Apr-13,25-Dec-14,03-06-2024
West Bengal,Paschim Medinipur,Keshpur,Dhalhara,Keshab Chak,Keshabchak,1343566,6401959,420063978,Deep Tubewell,Ground Water,KESHABCHAK,GRAM PANCHAYAT,2013-2014,0.8,0.8,12-Apr-13,25-Dec-14,03-06-2024
West Bengal,Paschim Medinipur,Keshpur,Dhalhara,Uttar Parshura,Adhikari Para,1343574,6401959,420063956,Deep Tubewell,Ground Water,ADHIKARI PARA,GRAM PANCHAYAT,2013-2014,0.8,0.8,12-Apr-13,25-Dec-14,03-06-2024
West Bengal,Paschim Medinipur,Keshpur,Dhalhara,Parulia,Uttar Para,1343548,6401959,420063965,Deep Tubewell,Ground Water,UTTARPARA,GRAM PANCHAYAT,2013-2014,0.8,0.8,12-Apr-13,25-Dec-14,03-06-2024
West Bengal,Paschim Medinipur,Keshpur,Enayetpur,Badar,Chakraborty Para,1343852,6401959,420063948,Deep Tubewell,Ground Water,CHAKRABORTY PARA,GRAM PANCHAYAT,2013-2014,0.8,0.8,12-Apr-13,25-Dec-14,03-06-2024
West Bengal,Paschim Medinipur,Keshpur,Enayetpur,Badar,Ananda Parani Para,1343854,6401959,420063949,Deep Tubewell,Ground Water,ANANDA PARANI PARA,GRAM PANCHAYAT,2013-2014,0.8,0.8,12-Apr-13,25-Dec-14,03-06-2024
West Bengal,Paschim Medinipur,Keshpur,Enayetpur,Mani Nageshwar Patna,Sorenpara,1343844,6402018,420064158,Deep Tubewell,Ground Water,SORENPARA,Gram Panchayat,2013-2014,0.75,0.75,21-Apr-13,15-Dec-14,03-06-2024
West Bengal,Paschim Medinipur,Keshpur,Enayetpur,Biripota,Tudupara,1343810,6402018,420064199,Deep Tubewell,Ground Water,TUDUPARA,Gram Panchayat,2013-2014,0.75,0.75,21-Apr-13,15-Dec-14,03-06-2024
West Bengal,Paschim Medinipur,Keshpur,Enayetpur,Ferura,Sudarsen Patra Para,1343858,6402018,420064175,Deep Tubewell,Ground Water,SUDARSEN PATRA PARA,Gram Panchayat,2013-2014,0.75,0.75,21-Apr-13,15-Dec-14,03-06-2024
West Bengal,Paschim Medinipur,Keshpur,Enayetpur,Panch Bighi,Panch Bighi,1766767,6402018,420064151,Deep Tubewell,Ground Water,PANCHBIGHI,Gram Panchayat,2013-2014,0.75,0.75,21-Apr-13,15-Dec-14,03-06-2024
West Bengal,Paschim Medinipur,Keshpur,Golarh,Kashi Pota,Kashi Pota,1766674,6402061,420064262,Deep Tubewell,Ground Water,KASHIPOTA,Gram Panchayat,2013-2014,0.8,0.8,12-Apr-13,25-Dec-14,03-06-2024
West Bengal,Paschim Medinipur,Keshpur,Golarh,Ratna,Kedma,1766680,6402061,420064260,Deep Tubewell,Ground Water,KEDMA,Gram Panchayat,2013-2014,0.8,0.8,12-Apr-13,25-Dec-14,03-06-2024
West Bengal,Paschim Medinipur,Keshpur,Golarh,Kantha Berya,Kanthal Beria - Ghoshpara,1342792,6402061,420064264,Deep Tubewell,Ground Water,GHOSHPARA,Gram Panchayat,2013-2014,0.8,0.8,12-Apr-13,25-Dec-14,03-06-2024
West Bengal,Paschim Medinipur,Keshpur,Golarh,Lakshman Chak,Lakshmanchak,1342823,6402061,420064253,Deep Tubewell,Ground Water,LAKSHMANCHAK,Gram Panchayat,2013-2014,0.8,0.8,12-Apr-13,25-Dec-14,03-06-2024
West Bengal,Paschim Medinipur,Keshpur,Golarh,Konan,Madhyapara,1342804,6402061,420064257,Deep Tubewell,Ground Water,MADHYAPARA,Gram Panchayat,2013-2014,0.8,0.8,12-Apr-13,25-Dec-14,03-06-2024
West Bengal,Paschim Medinipur,Keshpur,Golarh,Kamal Pur,Kamalpur,1342829,6402061,420064265,Deep Tubewell,Ground Water,KAMALPUR,Gram Panchayat,2013-2014,0.8,0.8,12-Apr-13,25-Dec-14,03-06-2024
West Bengal,Paschim Medinipur,Keshpur,Golarh,Chenchura,Chenchura - Paschimpara,1342812,6402061,420064278,Deep Tubewell,Ground Water,PASCHIMPARA,Gram Panchayat,2013-2014,0.8,0.8,12-Apr-13,25-Dec-14,03-06-2024
West Bengal,Paschim Medinipur,Keshpur,Golarh,Rauta,Routa,1342835,6402324,420064506,Deep Tubewell,Ground Water,ROUTA,GRAM PANCHAYAT,2013-2014,0.75,0.75,12-Apr-13,25-Dec-13,03-06-2024
West Bengal,Paschim Medinipur,Keshpur,Golarh,Tal Kunai,Talkuai - Purbapara,1342793,6402324,420064496,Deep Tubewell,Ground Water,PURBAPARA,GRAM PANCHAYAT,2013-2014,0.75,0.75,12-Apr-13,25-Dec-13,03-06-2024
West Bengal,Paschim Medinipur,Keshpur,Golarh,Bera Beria,Bara Berya,1342858,6677187,420091241,Deep Tubewell,Ground Water,Kibrian Khan,Gram Panchayat,2014-2015,0.82,0.82,12-Apr-14,28-Apr-14,03-06-2024
West Bengal,Paschim Medinipur,Keshpur,Golarh,Ranjita,Ranjita,1342828,6677187,420091238,Deep Tubewell,Ground Water,Sk Mithu Ali,Gram Panchayat,2014-2015,0.82,0.82,12-Apr-14,28-Apr-14,03-06-2024
West Bengal,Paschim Medinipur,Keshpur,Amanpur,Tanthua,Karpara,1342761,6677196,420091251,Deep Tubewell,Ground Water,Nakul Doloi,Gram Panchayat,2014-2015,0.82,0.82,12-Apr-14,30-Apr-14,03-06-2024
West Bengal,Paschim Medinipur,Keshpur,Sarishakhola,Sinnibar,Sinnibarh Bandhpara,1343498,6677199,420091270,Deep Tubewell,Ground Water,Primary School,Gram Panchayat,2014-2015,0.82,0.82,12-Apr-14,28-Apr-14,03-06-2024
West Bengal,Paschim Medinipur,Keshpur,Sarishakhola,Paniat,Mallick Para,1343468,6677199,420091265,Deep Tubewell,Ground Water,Niamat Mollick,Gram Panchayat,2014-2015,0.82,0.82,12-Apr-14,28-Apr-14,03-06-2024
West Bengal,Paschim Medinipur,Keshpur,Sarishakhola,Sarisha Khola,Khansherif Para,1343471,6677199,420091271,Deep Tubewell,Ground Water,Primary School,Gram Panchayat,2014-2015,0.82,0.82,12-Apr-14,28-Apr-14,03-06-2024
West Bengal,Paschim Medinipur,Keshpur,Sarishakhola,Andi Chak,Andhichak Doetapara,1343443,6677203,420091282,Deep Tubewell,Ground Water,High School,Gram Panchayat,2014-2015,0.82,0.82,12-Apr-14,28-Apr-14,03-06-2024
West Bengal,Paschim Medinipur,Keshpur,Sarishakhola,Akna,Mahinpara,1343455,6677203,420091280,Deep Tubewell,Ground Water,Asit Mahis,Gram Panchayat,2014-2015,0.82,0.82,12-Apr-14,28-Apr-14,03-06-2024
West Bengal,Paschim Medinipur,Keshpur,Sarishakhola,Pitambar Chak,Pitambarchak Pirpukurpara,1343493,6677203,420091275,Deep Tubewell,Ground Water,Sk Abubakkar,Gram Panchayat,2014-2015,0.82,0.82,12-Apr-14,28-Apr-14,03-06-2024
West Bengal,Paschim Medinipur,Keshpur,Sarishakhola,Sinnibar,Sinnibarh Bandhpara,1343498,6677206,420091294,Deep Tubewell,Ground Water,Jefertea Shop,Gram Panchayat,2014-2015,0.82,0.82,12-Apr-14,30-Apr-14,03-06-2024
West Bengal,Paschim Medinipur,Keshpur,Sarishakhola,Pitambar Chak,Pitambarchak Pirpukurpara,1343493,6677206,420091287,Deep Tubewell,Ground Water,Sk Abubakkar,Gram Panchayat,2014-2015,0.82,0.82,12-Apr-14,30-Apr-14,03-06-2024
West Bengal,Paschim Medinipur,Keshpur,Sarishakhola,Paniat,Mallick Para,1343468,6677206,420091290,Deep Tubewell,Ground Water,Niamat Mollick,Gram Panchayat,2014-2015,0.82,0.82,12-Apr-14,30-Apr-14,03-06-2024
West Bengal,Paschim Medinipur,Keshpur,Sarishakhola,Taba Gerya,Tabageria Gopaljanapara,1343437,6677206,420091288,Deep Tubewell,Ground Water,Road Side,Gram Panchayat,2014-2015,0.82,0.82,12-Apr-14,30-Apr-14,03-06-2024
West Bengal,Paschim Medinipur,Keshpur,Sarishakhola,Ghoshpur,Bharat Baj Para,1343463,6677206,420091289,Deep Tubewell,Ground Water,Biren Bag,Gram Panchayat,2014-2015,0.82,0.82,12-Apr-14,30-Apr-14,03-06-2024
West Bengal,Paschim Medinipur,Keshpur,Sarishakhola,Andi Chak,Andhichak Doetapara,1343443,6677206,420091293,Deep Tubewell,Ground Water,High school,Gram Panchayat,2014-2015,0.82,0.82,12-Apr-14,30-Apr-14,03-06-2024
West Bengal,Paschim Medinipur,Keshpur,Sirsa,Rajgram,Rajagram Puilapara,1342681,6677424,420091438,Deep Tubewell,Ground Water,Haradhan Ghosh,GRAM PANCHAYAT,2014-2015,0.84,0.84,01-Apr-14,28-Apr-14,03-06-2024
West Bengal,Paschim Medinipur,Keshpur,Sirsa,Toria,Taria,1342647,6677424,420091435,Deep Tubewell,Ground Water,Raja Para Primary School,GRAM PANCHAYAT,2014-2015,0.84,0.84,01-Apr-14,28-Apr-14,03-06-2024
West Bengal,Paschim Medinipur,Keshpur,Enayetpur,Enayat Pur,Amjedpara,1343767,6687083,420093704,Deep Tubewell,Ground Water,Kartik Tudu,Gram Panchayat,2014-2015,0.82,0.82,02-Apr-14,30-Apr-14,03-06-2024
West Bengal,Paschim Medinipur,Keshpur,Enayetpur,Rupnarayanpur,Rupnarayanpur Allauddinpara,1343737,6687083,420093706,Deep Tubewell,Ground Water,Madek Ali,Gram Panchayat,2014-2015,0.82,0.82,02-Apr-14,30-Apr-14,03-06-2024
West Bengal,Paschim Medinipur,Keshpur,Enayetpur,Bara Chand Bar,Barachandbarh Kashinathbhuniapara,1343777,6687083,420093702,Deep Tubewell,Ground Water,Amal Sing,Gram Panchayat,2014-2015,0.82,0.82,02-Apr-14,30-Apr-14,03-06-2024
West Bengal,Paschim Medinipur,Keshpur,Anandapur,Anandapur,Hari Para,1343197,6687629,420093848,Deep Tubewell,Ground Water,Gakul Hazra,Gram Panchayat,2014-2015,0.78,0.78,15-Apr-14,30-Apr-14,03-06-2024
West Bengal,Paschim Medinipur,Keshpur,Anandapur,Gamaria,Gamaria Chak,1343244,6687629,420093851,Deep Tubewell,Ground Water,Gamaria S.S.K.,Gram Panchayat,2014-2015,0.78,0.78,15-Apr-14,30-Apr-14,03-06-2024
West Bengal,Paschim Medinipur,Keshpur,Keshpur,Shankhapur,Masjidpara,1343278,6687663,420093889,Deep Tubewell,Ground Water,Hanif Hosen,Gram Panchayat,2014-2015,0.82,0.82,04-Apr-14,20-Apr-14,03-06-2024
West Bengal,Paschim Medinipur,Keshpur,Kalagram,Dhamsai,Midyapara,1343401,6692627,420094613,Deep Tubewell,Ground Water,Tarun Pora,Gram Panchayat,2014-2015,0.8,0.8,10-May-14,25-May-14,03-06-2024
West Bengal,Paschim Medinipur,Keshpur,Mugbasan,Tal Nanna,Talnanna Majherpara,1342891,6692684,420094655,Deep Tubewell,Ground Water,Sk Abul Ali,Gram Panchayat,2014-2015,0.78,0.78,02-May-14,20-May-14,03-06-2024
West Bengal,Paschim Medinipur,Keshpur,Teghori,Mejura,Dakshin Para,1343069,6692684,420094649,Deep Tubewell,Ground Water,Shankar Mal,Gram Panchayat,2014-2015,0.78,0.78,02-May-14,20-May-14,03-06-2024
West Bengal,Paschim Medinipur,Keshpur,Teghori,Gopal Nagar,Gopal Nagar,1343043,6692853,420094708,Deep Tubewell,Ground Water,Hiranjai Ghosh,Gram Panchayat,2014-2015,0.82,0.82,04-Apr-14,30-Apr-14,03-06-2024
West Bengal,Paschim Medinipur,Keshpur,Dhalhara,Dakshin Parshura,Fatir Chak,1343556,6692853,420094702,Deep Tubewell,Ground Water,Ratan Dandapat,Gram Panchayat,2014-2015,0.82,0.82,04-Apr-14,30-Apr-14,03-06-2024
West Bengal,Paschim Medinipur,Keshpur,Dhalhara,Doge Chhya,Purba Para,1343532,6692853,420094699,Deep Tubewell,Ground Water,Akbar Bari,Gram Panchayat,2014-2015,0.82,0.82,04-Apr-14,30-Apr-14,03-06-2024
West Bengal,Paschim Medinipur,Keshpur,Jagannathpur,Dara,Dara,1342953,6696808,420094873,Deep Tubewell,Ground Water,Primary School,Gram Panchayat,2014-2015,0.78,0.78,12-May-14,24-May-14,03-06-2024
West Bengal,Paschim Medinipur,Keshpur,Jagannathpur,Tatarpur,Tatarpur Kubidan,1342991,6696808,420094874,Deep Tubewell,Ground Water,Sati Bhaya,Gram Panchayat,2014-2015,0.78,0.78,12-May-14,24-May-14,03-06-2024
West Bengal,Paschim Medinipur,Keshpur,Jagannathpur,Sekhua Sol,Sekuasole Hatipara.,1342965,6696808,420094879,Deep Tubewell,Ground Water,Subhas Doloi,Gram Panchayat,2014-2015,0.78,0.78,12-May-14,24-May-14,03-06-2024
West Bengal,Paschim Medinipur,Keshpur,Jagannathpur,Sahaspur,Sahaspur Uttar,1342960,6696808,420094875,Deep Tubewell,Ground Water,Kanailal S.S.K.,Gram Panchayat,2014-2015,0.78,0.78,12-May-14,24-May-14,03-06-2024
West Bengal,Paschim Medinipur,Keshpur,Jagannathpur,Dhamsai,Dhamsai Purbapara,1342976,6721270,420237158,Deep Tubewell,Ground Water,Inside Dhamsai Purbapara,Ground Water Supply Based Piped Water Supply Scheme for Dhamsai (SM/04812),2014-2015,263.03,206.03,14-Aug-14,31-Oct-17,03-06-2024
West Bengal,Paschim Medinipur,Keshpur,Enayetpur,Kapash Tikri,Kapastikri Daspara,1343772,6819161,420104175,Deep Tubewell,Ground Water,Fakir Mandal,Gram Panchayat,2014-2015,0.78,0.78,14-May-14,26-May-14,03-06-2024
West Bengal,Paschim Medinipur,Keshpur,Enayetpur,Kapash Tikri,Kapastikri Daspara,1343772,6819161,420104176,Deep Tubewell,Ground Water,Baroi Para,Gram Panchayat,2014-2015,0.78,0.78,14-May-14,26-May-14,03-06-2024
West Bengal,Paschim Medinipur,Keshpur,Enayetpur,Ghosh Diha,Patrapara,1343761,6819161,420104157,Deep Tubewell,Ground Water,Paresh Samanta,Gram Panchayat,2014-2015,0.78,0.78,14-May-14,26-May-14,03-06-2024
West Bengal,Paschim Medinipur,Keshpur,Enayetpur,Ghosh Diha,Patrapara,1343761,6819161,420104158,Deep Tubewell,Ground Water,Nitai Patra,Gram Panchayat,2014-2015,0.78,0.78,14-May-14,26-May-14,03-06-2024
West Bengal,Paschim Medinipur,Keshpur,Enayetpur,Ajodhya Bar,Ayodhyabarh Bhattecharjeepara,1343775,6819161,420104170,Deep Tubewell,Ground Water,High School,Gram Panchayat,2014-2015,0.78,0.78,14-May-14,26-May-14,03-06-2024
West Bengal,Paschim Medinipur,Keshpur,Enayetpur,Ajodhya Bar,Ayodhyabarh Bhattecharjeepara,1343775,6819161,420104171,Deep Tubewell,Ground Water,Chandi Charan Bhattacharya,Gram Panchayat,2014-2015,0.78,0.78,14-May-14,26-May-14,03-06-2024
West Bengal,Paschim Medinipur,Keshpur,Enayetpur,Ajodhya Bar,Patarpara.,1343776,6819161,420104168,Deep Tubewell,Ground Water,Shankar Patra,Gram Panchayat,2014-2015,0.78,0.78,14-May-14,26-May-14,03-06-2024
West Bengal,Paschim Medinipur,Keshpur,Sarishakhola,Sima Gerya,Simageria,1343451,6823272,420106641,Deep Tubewell,Ground Water,Sk Hobiruddin,Gram Panchayat,2014-2015,0.8,0.8,12-May-14,04-Apr-17,03-06-2024
West Bengal,Paschim Medinipur,Keshpur,Sarishakhola,Akna,Aknakaranpara,1343454,6823272,420106648,Deep Tubewell,Ground Water,Akna S.S.K.,Gram Panchayat,2014-2015,0.8,0.8,12-May-14,04-Apr-17,03-06-2024
West Bengal,Paschim Medinipur,Keshpur,Sarishakhola,Sarisha Khola,Khansherif Para,1343471,6823272,420106643,Deep Tubewell,Ground Water,G.P. Office,Gram Panchayat,2014-2015,0.8,0.8,12-May-14,04-Apr-17,03-06-2024
West Bengal,Paschim Medinipur,Keshpur,Anandapur,Ranpara,Kaji Para,1343249,6823295,420106665,Deep Tubewell,Ground Water,Sk Tojammel Hoque,Gram Panchayat,2014-2015,0.8,0.8,14-May-14,02-Jun-14,03-06-2024
West Bengal,Paschim Medinipur,Keshpur,Amanpur,Burya Pat,Burapat,1342748,6823347,420106705,Deep Tubewell,Ground Water,Samabai Samity,Gram Panchayat,2014-2015,0.78,0.78,14-May-14,12-Apr-17,03-06-2024
West Bengal,Paschim Medinipur,Keshpur,Amanpur,Burya Pat,Burapat,1342748,6823347,420106706,Deep Tubewell,Ground Water,Madhusudan Doloi,Gram Panchayat,2014-2015,0.78,0.78,14-May-14,12-Apr-17,03-06-2024
West Bengal,Paschim Medinipur,Keshpur,Amanpur,Burya Pat,Patrapara,1342750,6823347,420106708,Deep Tubewell,Ground Water,Shitala Mandir,Gram Panchayat,2014-2015,0.78,0.78,14-May-14,12-Apr-17,03-06-2024
West Bengal,Paschim Medinipur,Keshpur,Amanpur,Burya Pat,Patrapara,1342750,6823347,420106710,Deep Tubewell,Ground Water,Ranjit Pakhor,Gram Panchayat,2014-2015,0.78,0.78,14-May-14,12-Apr-17,03-06-2024
West Bengal,Paschim Medinipur,Keshpur,Anandapur,Nutan Bajar,Chouka Para,1343256,6823347,420106719,Deep Tubewell,Ground Water,I.C.D.S.,Gram Panchayat,2014-2015,0.78,0.78,14-May-14,12-Apr-17,03-06-2024
West Bengal,Paschim Medinipur,Keshpur,Anandapur,Nutan Bajar,Torrapara,1343255,6823347,420106714,Deep Tubewell,Ground Water,Swapan Babu,Gram Panchayat,2014-2015,0.78,0.78,14-May-14,12-Apr-17,03-06-2024
West Bengal,Paschim Medinipur,Keshpur,Kalagram,Uchahar,Purba Para,1343369,6823388,420106731,Deep Tubewell,Ground Water,Abul Rouf,Gram Panchayat,2014-2015,0.78,0.78,07-May-14,25-May-14,03-06-2024
West Bengal,Paschim Medinipur,Keshpur,Dhalhara,Gun Hara,Gunhara Madhyapara,1343604,6823410,420106758,Deep Tubewell,Ground Water,Farman Ali,Gram Panchayat,2014-2015,0.8,0.8,20-Jun-14,10-Jul-14,03-06-2024
West Bengal,Paschim Medinipur,Keshpur,Amrakuchi,Charka,Khan Para,1343174,6823410,420106754,Deep Tubewell,Ground Water,Viku Mahammad Khan,Gram Panchayat,2014-2015,0.8,0.8,20-Jun-14,10-Jul-14,03-06-2024
West Bengal,Paschim Medinipur,Keshpur,Amrakuchi,Amrakuchi,Dolaipara,1343152,6823410,420106756,Deep Tubewell,Ground Water,Kartik Doloi,Gram Panchayat,2014-2015,0.8,0.8,20-Jun-14,10-Jul-14,03-06-2024
West Bengal,Paschim Medinipur,Keshpur,Anandapur,Bhagirath Bar,Ghoshpara,1343233,6845174,420118678,Deep Tubewell,Ground Water,Biren Bhunia,Gram Panchayat,2014-2015,0.84,0.84,14-May-14,12-Jun-14,03-06-2024
West Bengal,Paschim Medinipur,Keshpur,Anandapur,Bhagirath Bar,Shitala Mandir,1343234,6845174,420118682,Deep Tubewell,Ground Water,Tapan Chalak,Gram Panchayat,2014-2015,0.84,0.84,14-May-14,12-Jun-14,03-06-2024
West Bengal,Paschim Medinipur,Keshpur,Anandapur,Bhagirath Bar,Shitala Mandir,1343234,6845174,420118683,Deep Tubewell,Ground Water,Shitala Mandir,Gram Panchayat,2014-2015,0.84,0.84,14-May-14,12-Jun-14,03-06-2024
West Bengal,Paschim Medinipur,Keshpur,Teghori,Dudiabandi,Dudiabandhi Uporpara,1343027,6845184,420118692,Deep Tubewell,Ground Water,Rampada Panja,Gram Panchayat,2014-2015,0.84,0.84,14-May-14,12-Jun-14,03-06-2024
West Bengal,Paschim Medinipur,Keshpur,Teghori,Dudiabandi,Dudiabandhi Uporpara,1343027,6845184,420118694,Deep Tubewell,Ground Water,S.S.K.,Gram Panchayat,2014-2015,0.84,0.84,14-May-14,12-Jun-14,03-06-2024
West Bengal,Paschim Medinipur,Keshpur,Kalagram,Amlada,Mallickpara,1343393,6845184,420118707,Deep Tubewell,Ground Water,Amloda I.C.D.S.,Gram Panchayat,2014-2015,0.84,0.84,14-May-14,12-Jun-14,03-06-2024
West Bengal,Paschim Medinipur,Keshpur,Kalagram,Amlada,Mallickpara,1343393,6845184,420118708,Deep Tubewell,Ground Water,Amloda Primary School,Gram Panchayat,2014-2015,0.84,0.84,14-May-14,12-Jun-14,03-06-2024
West Bengal,Paschim Medinipur,Keshpur,Kalagram,Amlada,Mallickpara,1343393,6845184,420118713,Deep Tubewell,Ground Water,Muslem Mallick,Gram Panchayat,2014-2015,0.84,0.84,14-May-14,12-Jun-14,03-06-2024
West Bengal,Paschim Medinipur,Keshpur,Golarh,Tal Kunai,Das Para,1342797,6402324,420064499,Deep Tubewell,Ground Water,DAS PARA,GRAM PANCHAYAT,2013-2014,0.75,0.75,12-Apr-13,25-Dec-13,03-06-2024
West Bengal,Paschim Medinipur,Keshpur,Golarh,Tal Kunai,Gopinath Dakshinpara,1342796,6402324,420064498,Deep Tubewell,Ground Water,DAKHINPARA,GRAM PANCHAYAT,2013-2014,0.75,0.75,12-Apr-13,25-Dec-13,03-06-2024
West Bengal,Paschim Medinipur,Keshpur,Jagannathpur,Ayama Mohanpur,Bamunpara,1342968,6402373,420064580,Deep Tubewell,Ground Water,BAMUNPARA,GRAM PANCHAYAT,2013-2014,0.75,0.75,12-Apr-13,26-Feb-14,03-06-2024
West Bengal,Paschim Medinipur,Keshpur,Enayetpur,Chathla,Bishnupadamondalpara,1343747,6903356,420145214,Deep Tubewell,Ground Water,Chathla Anganwari Kendra,Gram Panchayat,2014-2015,0.8,0.8,12-Aug-14,30-Aug-14,03-06-2024
West Bengal,Paschim Medinipur,Keshpur,Enayetpur,Chathla,Adibasipara,1343748,6903356,420145215,Deep Tubewell,Ground Water,Tapan Jana,Gram Panchayat,2014-2015,0.8,0.8,12-Aug-14,30-Aug-14,03-06-2024
West Bengal,Paschim Medinipur,Keshpur,Amanpur,Tanthua,Karpara-2,1342763,6903467,420145435,Deep Tubewell,Ground Water,Tanthua S.S.K.,Gram Panchayat,2014-2015,0.8,0.8,02-Sep-14,25-Sep-14,03-06-2024
West Bengal,Paschim Medinipur,Keshpur,Amanpur,Bahadur Patna,Bahadurpatna Patnadalepara,1342764,6903467,420145431,Deep Tubewell,Ground Water,Lula Kisku,Gram Panchayat,2014-2015,0.8,0.8,02-Sep-14,25-Sep-14,03-06-2024
West Bengal,Paschim Medinipur,Keshpur,Amanpur,Satdubi,Satdubi,1342755,6905177,420147106,Deep Tubewell,Ground Water,Methar Midya,Gram Panchayat,2014-2015,0.86,0.86,12-Aug-14,06-Sep-14,03-06-2024
West Bengal,Paschim Medinipur,Keshpur,Jhentla,Jhetla,Ghoshpara,1343673,6908582,420150759,Deep Tubewell,Ground Water,High School,Gram Panchayat,2014-2015,0.8,0.8,10-Oct-14,25-Oct-14,03-06-2024
West Bengal,Paschim Medinipur,Keshpur,Jhentla,Manta,Masjidpara,1343665,6908582,420150747,Deep Tubewell,Ground Water,Sk Taiob Ali,Gram Panchayat,2014-2015,0.8,0.8,10-Oct-14,25-Oct-14,03-06-2024
West Bengal,Paschim Medinipur,Keshpur,Golarh,Shasha Gerya,Paschimpara,1342821,6910219,420152126,Deep Tubewell,Ground Water,Primary School,Gram Panchayat,2014-2015,0.82,0.82,08-Oct-14,28-Oct-14,03-06-2024
West Bengal,Paschim Medinipur,Keshpur,Golarh,Bera Beria,Bara Berya,1342858,6910219,420152124,Deep Tubewell,Ground Water,Kibiaman Babu,Gram Panchayat,2014-2015,0.82,0.82,08-Oct-14,28-Oct-14,03-06-2024
West Bengal,Paschim Medinipur,Keshpur,Sirsa,Toria,Taria,1342647,6918967,420162894,Deep Tubewell,Ground Water,Primary School,Gram Panchayat,2014-2015,0.84,0.84,12-Oct-14,10-Nov-14,03-06-2024
West Bengal,Paschim Medinipur,Keshpur,Dhalhara,Madhyam Parshura,Beltular Chak,1343559,6918987,420162927,Deep Tubewell,Ground Water,S.S.K.,Gram Panchayat,2014-2015,0.84,0.84,12-Oct-14,10-Nov-14,03-06-2024
West Bengal,Paschim Medinipur,Keshpur,Jhentla,Manta,Masjidpara,1343665,6920898,420165436,Deep Tubewell,Ground Water,Sk Imasuddin Alam,Gram Panchayat,2014-2015,0.86,0.86,12-Oct-14,02-Nov-14,03-06-2024
West Bengal,Paschim Medinipur,Keshpur,Mugbasan,Gopal Chak,Batla,1343551,2573266,2377253,Deep Tubewell,Ground Water,NA,Gopal Chak,2010-2011,0.75,0,01-Oct-10,31-Mar-11,03-06-2024
West Bengal,Paschim Medinipur,Keshpur,Golarh,Khaer Gerya,Karanjageria,1343787,2573602,2377210,Deep Tubewell,Ground Water,NA,Khaer Gerya,2010-2011,0.75,0,01-Oct-10,31-Mar-11,03-06-2024
West Bengal,Paschim Medinipur,Keshpur,Kalagram,Basan Chak,Bag Para,1343404,4938071,4858956,Deep Tubewell,Ground Water,Basanchak pr school,Basanchak pr school,2012-2013,1,1,01-Jul-12,31-Mar-13,03-06-2024
West Bengal,Paschim Medinipur,Keshpur,Sarishakhola,Ghoshpur,Paschim Ghoshkur,1343464,4938091,4858976,Deep Tubewell,Ground Water,ghoshpur pr. school,ghoshpur pr school,2012-2013,1,1,01-Jul-12,31-Mar-13,03-06-2024
West Bengal,Paschim Medinipur,Keshpur,Amanpur,Goharia,Goharia Upar,1342752,4945992,4868969,Deep Tubewell,Ground Water,Goharia ICDS,Goharia ICDS,2012-2013,0.79,0.79,01-Jul-12,20-Mar-13,03-06-2024
West Bengal,Paschim Medinipur,Keshpur,Golarh,Konan,Konan - Uttarpara,1342803,4946108,4869067,Deep Tubewell,Ground Water,Konan,Konan,2012-2013,0.79,0.79,01-Jul-12,31-Mar-13,03-06-2024
West Bengal,Paschim Medinipur,Keshpur,Teghori,Talchhara,Talchara Adibasipara,1343018,5713745,420001459,Deep Tubewell,Ground Water,Talchara Upper Pry. School,Talchara Upper Pry. School,2012-2013,0.85,0.85,26-Jan-12,31-Jan-12,03-06-2024
West Bengal,Paschim Medinipur,Keshpur,Amanpur,Kota,Kota,1342779,6060335,420009055,Deep Tubewell,Ground Water,KOTA,AMANPUR,2011-2012,0.8,0.8,15-May-11,15-Aug-11,03-06-2024
West Bengal,Paschim Medinipur,Keshpur,Amanpur,Amanpur,Roypara(roadside),1342714,6060335,420008933,Deep Tubewell,Ground Water,ROYPARA(ROADSIDE),AMANPUR,2011-2012,0.8,0.8,15-May-11,15-Aug-11,03-06-2024
West Bengal,Paschim Medinipur,Keshpur,Amanpur,Karuria,Adibasipara,1342742,6060335,420008982,Deep Tubewell,Ground Water,ADIBASIPARA,AMANPUR,2011-2012,0.8,0.8,15-May-11,15-Aug-11,03-06-2024
West Bengal,Paschim Medinipur,Keshpur,Amanpur,Karuria,Karuria Mannapara,1342741,6060335,420008981,Deep Tubewell,Ground Water,KARURIA MANNAPARA,AMANPUR,2011-2012,0.8,0.8,15-May-11,15-Aug-11,03-06-2024
West Bengal,Paschim Medinipur,Keshpur,Amanpur,Panch Khuiri,Ghatakpara,1342745,6060335,420009045,Deep Tubewell,Ground Water,GHATAKPARA,AMANPUR,2011-2012,0.8,0.8,15-May-11,15-Aug-11,03-06-2024
West Bengal,Paschim Medinipur,Keshpur,Amanpur,Barai Bani,Barai Bani,1766755,6060335,420008929,Deep Tubewell,Ground Water,BARAI BANI,AMANPUR,2011-2012,0.8,0.8,15-May-11,15-Aug-11,03-06-2024
West Bengal,Paschim Medinipur,Keshpur,Amrakuchi,Kapastikri,Mandirtala,1343129,6060710,420009177,Deep Tubewell,Ground Water,MANDIRTALA,AMRAKUCHI,2011-2012,0.75,0.75,15-Jul-11,15-Oct-11,03-06-2024
West Bengal,Paschim Medinipur,Keshpur,Amrakuchi,Kapastikri,Bagalpara,1343130,6060710,420009181,Deep Tubewell,Ground Water,BAGALPARA,AMRAKUCHI,2011-2012,0.75,0.75,15-Jul-11,15-Oct-11,03-06-2024
West Bengal,Paschim Medinipur,Keshpur,Teghori,Chhoto Baruj,Mondalpara,1343094,6124233,420012264,Deep Tubewell,Ground Water,Nakul Bera,Nakul Bera,2013-2014,0.8,0.8,16-May-13,17-Aug-13,03-06-2024
West Bengal,Paschim Medinipur,Keshpur,Teghori,Chhoto Baruj,Samantapara,1343095,6124250,420012266,Deep Tubewell,Ground Water,Fakir Pradhan Teghori,Fakir Pradhan Teghori,2013-2014,0.82,0.82,14-Mar-13,23-Aug-13,03-06-2024
West Bengal,Paschim Medinipur,Keshpur,Anandapur,Gamaria,Gamaria -chalakpara,1343242,6157109,420013593,Deep Tubewell,Ground Water,Hatpukur,Hatpukur,2013-2014,0.85,0.85,01-Apr-13,30-Apr-13,03-06-2024
West Bengal,Paschim Medinipur,Keshpur,Golarh,Golar,Roy Para,1342845,6217771,420020885,Deep Tubewell,Ground Water,Roy Para,Roy Para,2013-2014,0.85,0.85,01-Apr-13,30-Apr-13,03-06-2024
West Bengal,Paschim Medinipur,Keshpur,Dhalhara,Narayan Chak,Das Para,1343589,6242457,420021872,Deep Tubewell,Ground Water,Narayan Chak Primary  School,Grampanchayet tubewell,2012-2013,0.8,0.8,20-May-12,27-May-12,03-06-2024
West Bengal,Paschim Medinipur,Keshpur,Dhalhara,Narayan Chak,Chowdhury Para,1343590,6278248,420024521,Deep Tubewell,Ground Water,Gunadhar,Grampanchayet tubewell,2013-2014,0.8,0.8,12-Mar-13,18-Oct-14,03-06-2024
West Bengal,Paschim Medinipur,Keshpur,Dhalhara,Arjuni,Arjuni,1343543,6278248,420024522,Deep Tubewell,Ground Water,Arjuni S.S.K.,Grampanchayet tubewell,2013-2014,0.8,0.8,12-Mar-13,18-Oct-14,03-06-2024
West Bengal,Paschim Medinipur,Keshpur,Sirsa,Mohabani,Mahabani Duleypara,1342701,6296174,420028432,Deep Tubewell,Ground Water,Mahuboni near Kshudiram Park,Mahuboni near Kshudiram Park,2010-2011,0.79,0.79,21-Aug-10,22-Aug-10,03-06-2024
West Bengal,Paschim Medinipur,Keshpur,Amanpur,Satdubi,Roypara,1342757,6296181,420028433,Deep Tubewell,Ground Water,Satdubi Road Side,Satdubi Road Side,2010-2011,0.79,0.79,23-Aug-10,24-Aug-10,03-06-2024
West Bengal,Paschim Medinipur,Keshpur,Golarh,Khaer Gerya,Karanjageria,1343787,6296225,420028438,Deep Tubewell,Ground Water,Kharigeria-I,Kharigeria-I,2010-2011,0.79,0.79,01-Sep-10,03-Sep-10,03-06-2024
West Bengal,Paschim Medinipur,Keshpur,Teghori,Pukhur Kona,Pukurkona,1343021,6297620,420028487,Deep Tubewell,Ground Water,Dudiabandi,Pukurkona,2010-2011,0.79,0.79,06-Sep-10,08-Sep-10,03-06-2024
West Bengal,Paschim Medinipur,Keshpur,Jagannathpur,Dalang,Dolong Paschimpara,1342971,6297630,420028489,Deep Tubewell,Ground Water,Dalang Bagan,Dalang Bagan,2010-2011,0.79,0.79,11-Sep-10,12-Sep-10,03-06-2024
West Bengal,Paschim Medinipur,Keshpur,Jorakeudi Solidiha,Jorakeundi,Jarakudi Upajatipara,1342581,6297719,420028498,Deep Tubewell,Ground Water,Baromasha Adibasi Para,Baromasha Adibasi Para,2010-2011,0.79,0.79,04-Mar-11,06-Mar-11,03-06-2024
West Bengal,Paschim Medinipur,Keshpur,Jorakeudi Solidiha,Urami,Urami Mahatapara,1342571,6297724,420028499,Deep Tubewell,Ground Water,Urami near Club,Urami near Club,2010-2011,0.79,0.79,07-Mar-11,09-Mar-11,03-06-2024
West Bengal,Paschim Medinipur,Keshpur,Jagannathpur,Koranga Pota,Karangapota Majhpara,1343011,6297730,420028500,Deep Tubewell,Ground Water,Korangapota,Korangapota,2010-2011,0.79,0.79,09-Mar-11,10-Mar-11,03-06-2024
West Bengal,Paschim Medinipur,Keshpur,Sarishakhola,Ghoshpur,Mandal Para,1343466,6331494,420030904,Deep Tubewell,Ground Water,Arup Maity,Grampanchayet tubewell,2013-2014,0.8,0.8,15-Apr-13,20-Mar-14,03-06-2024
West Bengal,Paschim Medinipur,Keshpur,Sarishakhola,Ghoshpur,Mandal Para,1343466,6331494,420030906,Deep Tubewell,Ground Water,Durgapada Chakraborty,Grampanchayet tubewell,2013-2014,0.8,0.8,15-Apr-13,20-Mar-14,03-06-2024
West Bengal,Paschim Medinipur,Keshpur,Enayetpur,Pakurya,Pakuria Samantapara,1343815,6334095,420031790,Deep Tubewell,Ground Water,Pator Chak,Grampanchayet tubewell,2013-2014,0.8,0.8,02-May-13,09-Jan-14,03-06-2024
West Bengal,Paschim Medinipur,Keshpur,Amrakuchi,Uttar Tasarara,Tasarara,1343123,6199432,420019713,Deep Tubewell,Ground Water,Tasarara Pry. School,Tasarara Pry. School,2013-2014,0.8,0.8,14-Apr-13,16-Apr-13,03-06-2024
West Bengal,Paschim Medinipur,Keshpur,Anandapur,Lauria,Lawria - Midyapara,1343238,6160164,420013996,Deep Tubewell,Ground Water,Nimai Bhunia,Nimai Bhunia,2013-2014,0.88,0.88,17-May-13,16-Aug-13,03-06-2024
West Bengal,Paschim Medinipur,Keshpur,Jagannathpur,Jagannathpur,Kadarpara,1343006,6199466,420019719,Deep Tubewell,Ground Water,Jagannathpur,Jagannathpur,2013-2014,0.8,0.8,23-May-13,29-May-13,03-06-2024
West Bengal,Paschim Medinipur,Keshpur,Sarishakhola,Sarisha Khola,Mistri Para,1343473,6199447,420019716,Deep Tubewell,Ground Water,Sarishakhola High School,Sarishakhola High School,2013-2014,0.8,0.8,27-Apr-13,30-Apr-13,03-06-2024
West Bengal,Paschim Medinipur,Keshpur,Golarh,Harihar Chak,Hariharchak Bagpara,1342831,6217913,420020889,Deep Tubewell,Ground Water,Hariharchak Bagpara,Hariharchak Bagpara,2013-2014,0.85,0.85,01-Apr-13,15-Dec-13,03-06-2024
West Bengal,Paschim Medinipur,Keshpur,Amrakuchi,Rasidpur,Rashidpur,1343126,6351997,420035992,Deep Tubewell,Ground Water,Maina Doloi,Grampanchayet tubewell,2013-2014,0.8,0.8,22-Mar-13,25-Jan-14,03-06-2024
West Bengal,Paschim Medinipur,Keshpur,Amrakuchi,Kharika,Midyapara,1343147,6351997,420035990,Deep Tubewell,Ground Water,Amal Midya,Grampanchayet tubewell,2013-2014,0.8,0.8,22-Mar-13,25-Jan-14,03-06-2024
West Bengal,Paschim Medinipur,Keshpur,Golarh,Golar,Goler - Bagpara,1342841,6352973,420036257,Deep Tubewell,Ground Water,NILIMA BAG,GRAM PANCHAYAT,2013-2014,0.8,0.8,12-Mar-13,17-Jan-14,03-06-2024
West Bengal,Paschim Medinipur,Keshpur,Enayetpur,Bagha Gerya,Purba Para,1343706,6352973,420036244,Deep Tubewell,Ground Water,BAGGERYA S.S.K,GRAM PANCHAYAT,2013-2014,0.8,0.8,12-Mar-13,17-Jan-14,03-06-2024
West Bengal,Paschim Medinipur,Keshpur,Enayetpur,Bishwanath Pur,Doloipara,1343826,6352973,420036245,Deep Tubewell,Ground Water,KHAGEN DOLOI,GRAM PANCHAYAT,2013-2014,0.8,0.8,12-Mar-13,17-Jan-14,03-06-2024
West Bengal,Paschim Medinipur,Keshpur,Enayetpur,Tam Gerya,Tamligeria,1343745,6352980,420036271,Deep Tubewell,Ground Water,Dilip Rana,Gram Panchayat,2013-2014,0.8,0.8,12-May-13,11-Apr-17,03-06-2024
West Bengal,Paschim Medinipur,Keshpur,Enayetpur,Dhoba Gerya,Dhobageria Kuitipara,1343796,6352980,420036260,Deep Tubewell,Ground Water,Nirmal Soren,Gram Panchayat,2013-2014,0.8,0.8,12-May-13,11-Apr-17,03-06-2024
West Bengal,Paschim Medinipur,Keshpur,Enayetpur,Mishri Chak,Janapara,1343744,6353057,420036336,Deep Tubewell,Ground Water,Mukesh Jana,Gram Panchayat,2013-2014,0.7,0.7,12-May-13,11-Apr-17,03-06-2024
West Bengal,Paschim Medinipur,Keshpur,Amanpur,Panch Khuiri,Kalyanipara,1342746,6354144,420036751,Deep Tubewell,Ground Water,DILIP PARA,GRAM PANCHAYAT,2013-2014,0.8,0.8,21-Apr-13,10-Jan-14,03-06-2024
West Bengal,Paschim Medinipur,Keshpur,Enayetpur,Kaigerya,Janapara,1343782,6358632,420039848,Deep Tubewell,Ground Water,Shyam Jana,GRAM PANCHAYAT,2013-2014,0.7,0.7,02-May-13,15-Feb-14,03-06-2024
West Bengal,Paschim Medinipur,Keshpur,Anandapur,Anandapur,Dewan Para,1343209,6363770,420042638,Deep Tubewell,Ground Water,Shitala Mandir,Gram Panchayat,2013-2014,0.8,0.8,25-Apr-13,30-Mar-14,03-06-2024
West Bengal,Paschim Medinipur,Keshpur,Anandapur,Anandapur,Kundu Para,1343206,6363770,420042645,Deep Tubewell,Ground Water,Sk Tarej,Gram Panchayat,2013-2014,0.8,0.8,25-Apr-13,30-Mar-14,03-06-2024
West Bengal,Paschim Medinipur,Keshpur,Anandapur,Anandapur,Kundu Para,1343206,6363770,420042646,Deep Tubewell,Ground Water,Ananda Kundu,Gram Panchayat,2013-2014,0.8,0.8,25-Apr-13,30-Mar-14,03-06-2024
West Bengal,Paschim Medinipur,Keshpur,Amanpur,Dakshin Baharat,Dakshinbaharat Dalaipara,1342708,6364040,420042770,Deep Tubewell,Ground Water,Primary School,Gram Panchayat,2013-2014,0.7,0.7,10-May-13,20-Mar-14,03-06-2024
West Bengal,Paschim Medinipur,Keshpur,Enayetpur,Kush Pota,Kushpara Hemrampara,1343785,6364040,420042757,Deep Tubewell,Ground Water,Iswar Mandi,Gram Panchayat,2013-2014,0.7,0.7,10-May-13,20-Mar-14,03-06-2024
West Bengal,Paschim Medinipur,Keshpur,Amanpur,Burya Pat,Burapat,1342748,6364122,420042887,Deep Tubewell,Ground Water,Swadesh Digar,Gram Panchayat,2013-2014,0.7,0.7,10-Apr-13,20-Feb-14,03-06-2024
West Bengal,Paschim Medinipur,Keshpur,Amanpur,Burya Pat,Patrapara,1342750,6364122,420042880,Deep Tubewell,Ground Water,Madhusudan Ghosh,Gram Panchayat,2013-2014,0.7,0.7,10-Apr-13,20-Feb-14,03-06-2024
West Bengal,Paschim Medinipur,Keshpur,Anandapur,Singpur,Singpur -jana Para,1343227,6366934,420044191,Deep Tubewell,Ground Water,Swapan Sanki,GRAM PANCHAYAT,2013-2014,0.8,0.8,17-Apr-13,05-Feb-14,03-06-2024
West Bengal,Paschim Medinipur,Keshpur,Anandapur,Bibekpur,Karakpara,1343230,6366934,420044186,Deep Tubewell,Ground Water,Bidhan Karak,GRAM PANCHAYAT,2013-2014,0.8,0.8,17-Apr-13,05-Feb-14,03-06-2024
West Bengal,Paschim Medinipur,Keshpur,Enayetpur,Bagha Gerya,Madhya Paschim Para,1343705,6366934,420044195,Deep Tubewell,Ground Water,Sukumar Ghosh,GRAM PANCHAYAT,2013-2014,0.8,0.8,17-Apr-13,05-Feb-14,03-06-2024
West Bengal,Paschim Medinipur,Keshpur,Enayetpur,Pakurya,Pakuria Samantapara,1343815,6375642,420048395,Deep Tubewell,Ground Water,Montu Sing,GRAM PANCHAYAT,2013-2014,0.8,0.8,02-May-13,10-Apr-17,03-06-2024
West Bengal,Paschim Medinipur,Keshpur,Enayetpur,Pakurya,Pakuria Samantapara,1343815,6375642,420048398,Deep Tubewell,Ground Water,Primary School,GRAM PANCHAYAT,2013-2014,0.8,0.8,02-May-13,10-Apr-17,03-06-2024
West Bengal,Paschim Medinipur,Keshpur,Enayetpur,Pakurya,Pakuria Samantapara,1343815,6375642,420048402,Deep Tubewell,Ground Water,Lakhiram Soren,GRAM PANCHAYAT,2013-2014,0.8,0.8,02-May-13,10-Apr-17,03-06-2024
West Bengal,Paschim Medinipur,Keshpur,Teghori,Renuar,Ranapara,1343081,6377508,420049026,Deep Tubewell,Ground Water,Ananda Doloi,Gram Panchayat,2013-2014,0.8,0.8,12-Apr-13,24-Feb-14,03-06-2024
West Bengal,Paschim Medinipur,Keshpur,Teghori,Kanch Gerya,Morcha Para,1343088,6377508,420049024,Deep Tubewell,Ground Water,Ratan Sant,Gram Panchayat,2013-2014,0.8,0.8,12-Apr-13,24-Feb-14,03-06-2024
West Bengal,Paschim Medinipur,Keshpur,Teghori,Gopal Nagar,Gopal Nagar,1343043,6377508,420049030,Deep Tubewell,Ground Water,Gopal Nagar S.S.K.,Gram Panchayat,2013-2014,0.8,0.8,12-Apr-13,24-Feb-14,03-06-2024
West Bengal,Paschim Medinipur,Keshpur,Anandapur,Anandapur,Dewan Para,1343209,6377538,420049047,Deep Tubewell,Ground Water,Sujan Khan,Gram Panchayat,2013-2014,0.8,0.8,12-May-13,10-Apr-17,03-06-2024
West Bengal,Paschim Medinipur,Keshpur,Anandapur,Anandapur,Dewan Para,1343209,6377538,420049052,Deep Tubewell,Ground Water,I.C.D.S.,Gram Panchayat,2013-2014,0.8,0.8,12-May-13,10-Apr-17,03-06-2024
West Bengal,Paschim Medinipur,Keshpur,Sarishakhola,Taba Gerya,Tabageria Gopaljanapara,1343437,6377538,420049059,Deep Tubewell,Ground Water,Gopal Santra,Gram Panchayat,2013-2014,0.8,0.8,12-May-13,10-Apr-17,03-06-2024
West Bengal,Paschim Medinipur,Keshpur,Sarishakhola,Pitambar Chak,Majherpara,1343494,6377538,420049062,Deep Tubewell,Ground Water,Saidul Islam,Gram Panchayat,2013-2014,0.8,0.8,12-May-13,10-Apr-17,03-06-2024
West Bengal,Paschim Medinipur,Keshpur,Kalagram,Dhamsai,Midyapara,1343401,6377582,420049088,Deep Tubewell,Ground Water,Ajoi Rana,Gram Panchayat,2013-2014,0.8,0.8,25-May-13,14-May-17,03-06-2024
West Bengal,Paschim Medinipur,Keshpur,Amrakuchi,Kapta Bankati,Dangapara,1343164,6377614,420049105,Deep Tubewell,Ground Water,Kuddun Ali,Gram Panchayat,2013-2014,0.8,0.8,20-Apr-13,12-Feb-14,03-06-2024
West Bengal,Paschim Medinipur,Keshpur,Amanpur,Uttar Piashala,Uttarpiasala (near 4.1 Office)(,1342768,6377640,420049130,Deep Tubewell,Ground Water,Kochon Senapati,Gram Panchayat,2013-2014,0.8,0.8,25-Apr-13,12-Feb-14,03-06-2024
West Bengal,Paschim Medinipur,Keshpur,Amanpur,Jadupur,Jadupur Shivmandir,1342730,6377640,420049127,Deep Tubewell,Ground Water,Ramkingkar Roy,Gram Panchayat,2013-2014,0.8,0.8,25-Apr-13,12-Feb-14,03-06-2024
West Bengal,Paschim Medinipur,Keshpur,Amrakuchi,Kumira,Sant Para,1343113,6381449,420049733,Deep Tubewell,Ground Water,I.C.D.S.,Gram Panchayat,2013-2014,0.8,0.8,12-Apr-13,25-Feb-14,03-06-2024
West Bengal,Paschim Medinipur,Keshpur,Amrakuchi,Rasidpur,Rashidpur,1343126,6381449,420049741,Deep Tubewell,Ground Water,Rasidpur Primary School,Gram Panchayat,2013-2014,0.8,0.8,12-Apr-13,25-Feb-14,03-06-2024
West Bengal,Paschim Medinipur,Keshpur,Amrakuchi,Kharika,Panchamichak,1343149,6381449,420049736,Deep Tubewell,Ground Water,Panchami Chak,Gram Panchayat,2013-2014,0.8,0.8,12-Apr-13,25-Feb-14,03-06-2024
West Bengal,Paschim Medinipur,Keshpur,Mugbasan,Bejara,Belara,1342874,6381494,420049750,Deep Tubewell,Ground Water,Sk Allarakha,Gram Panchayat,2013-2014,0.8,0.8,23-Apr-13,12-Feb-14,03-06-2024
West Bengal,Paschim Medinipur,Keshpur,Mugbasan,Kuchiara,Kuchiara - Choudhurypara,1342928,6381494,420049766,Deep Tubewell,Ground Water,S.S.K.,Gram Panchayat,2013-2014,0.8,0.8,23-Apr-13,12-Feb-14,03-06-2024
West Bengal,Paschim Medinipur,Keshpur,Mugbasan,Gar Senapatya,Dalaipara,1342871,6381494,420049758,Deep Tubewell,Ground Water,Party Office,Gram Panchayat,2013-2014,0.8,0.8,23-Apr-13,12-Feb-14,03-06-2024
West Bengal,Paschim Medinipur,Keshpur,Mugbasan,Gar Senapatya,Garhsonapota Dangapara,1342869,6381494,420049748,Deep Tubewell,Ground Water,Garurbar,Gram Panchayat,2013-2014,0.8,0.8,23-Apr-13,12-Feb-14,03-06-2024
West Bengal,Paschim Medinipur,Keshpur,Mugbasan,Kuchiara,Khanpara,1342930,6381494,420049762,Deep Tubewell,Ground Water,Sayem Choudhuri,Gram Panchayat,2013-2014,0.8,0.8,23-Apr-13,12-Feb-14,03-06-2024
West Bengal,Paschim Medinipur,Keshpur,Mugbasan,Kulibahara,Kulbahara,1342899,6381510,420049781,Deep Tubewell,Ground Water,Alok Adak,Gram Panchayat,2013-2014,0.8,0.8,23-Apr-13,12-Mar-14,03-06-2024
West Bengal,Paschim Medinipur,Keshpur,Mugbasan,Benua,Benua,1342898,6381510,420049769,Deep Tubewell,Ground Water,Kaji Mojmul Hosen,Gram Panchayat,2013-2014,0.8,0.8,23-Apr-13,12-Mar-14,03-06-2024
West Bengal,Paschim Medinipur,Keshpur,Mugbasan,Jambani,Jambani,1766554,6381544,420049791,Deep Tubewell,Ground Water,Sk Sabbir Hossen,Gram Panchayat,2013-2014,0.85,0.85,01-Apr-13,30-Apr-13,03-06-2024
West Bengal,Paschim Medinipur,Keshpur,Mugbasan,Jambani,Jambani,1766554,6381544,420049792,Deep Tubewell,Ground Water,Sk Adek Ahammad,Gram Panchayat,2013-2014,0.85,0.85,01-Apr-13,30-Apr-13,03-06-2024
West Bengal,Paschim Medinipur,Keshpur,Mugbasan,Jambani,Jambani,1766554,6381544,420049793,Deep Tubewell,Ground Water,Sk Khasiruddin,Gram Panchayat,2013-2014,0.85,0.85,01-Apr-13,30-Apr-13,03-06-2024
West Bengal,Paschim Medinipur,Keshpur,Teghori,Deulbar,Deubarh Tadara,1343038,6381544,420049783,Deep Tubewell,Ground Water,Bansi Samanta,Gram Panchayat,2013-2014,0.85,0.85,01-Apr-13,30-Apr-13,03-06-2024
West Bengal,Paschim Medinipur,Keshpur,Teghori,Deulbar,Deubarh Tadara,1343038,6381544,420049784,Deep Tubewell,Ground Water,Kalpana Roy,Gram Panchayat,2013-2014,0.85,0.85,01-Apr-13,30-Apr-13,03-06-2024
West Bengal,Paschim Medinipur,Keshpur,Anandapur,Gamaria,Gamaria -chalakpara,1343242,6381567,420049815,Deep Tubewell,Ground Water,S.S.K.,Gram Panchayat,2013-2014,0.8,0.8,21-Apr-13,26-Feb-14,03-06-2024
West Bengal,Paschim Medinipur,Keshpur,Enayetpur,Bishwanath Pur,Doloipara,1343826,6382073,420050212,Deep Tubewell,Ground Water,Party  Office,Gram Panchayat,2013-2014,0.8,0.8,12-May-13,14-Feb-14,03-06-2024
West Bengal,Paschim Medinipur,Keshpur,Enayetpur,Mirpur,Mirpur Mallickpara,1343788,6383912,420050631,Deep Tubewell,Ground Water,Primary School,GRAM PANCHAYAT,2013-2014,0.8,0.8,12-Apr-13,25-Feb-14,03-06-2024
West Bengal,Paschim Medinipur,Keshpur,Enayetpur,Mirpur,Mirpur Mallickpara,1343788,6383912,420050634,Deep Tubewell,Ground Water,Astana,GRAM PANCHAYAT,2013-2014,0.8,0.8,12-Apr-13,25-Feb-14,03-06-2024
West Bengal,Paschim Medinipur,Keshpur,Enayetpur,Ferura,Mal Para,1343860,6383912,420050627,Deep Tubewell,Ground Water,Shitala Mandir,GRAM PANCHAYAT,2013-2014,0.8,0.8,12-Apr-13,25-Feb-14,03-06-2024
West Bengal,Paschim Medinipur,Keshpur,Enayetpur,Ferura,Mal Para,1343860,6383912,420050628,Deep Tubewell,Ground Water,Binod Pator,GRAM PANCHAYAT,2013-2014,0.8,0.8,12-Apr-13,25-Feb-14,03-06-2024
West Bengal,Paschim Medinipur,Keshpur,Enayetpur,Ferura,Murmupara,1343855,6384525,420050976,Deep Tubewell,Ground Water,Sukumar Patra,GRAM PANCHAYAT,2013-2014,0.8,0.8,14-Apr-13,25-Feb-14,03-06-2024
West Bengal,Paschim Medinipur,Keshpur,Amrakuchi,Panchami,Mollapara,1343137,6384525,420050965,Deep Tubewell,Ground Water,Sk Salauddin,GRAM PANCHAYAT,2013-2014,0.8,0.8,14-Apr-13,25-Feb-14,03-06-2024
West Bengal,Paschim Medinipur,Keshpur,Amrakuchi,Pipurda,Khanpara,1343101,6384525,420050964,Deep Tubewell,Ground Water,Rejjak Khan,GRAM PANCHAYAT,2013-2014,0.8,0.8,14-Apr-13,25-Feb-14,03-06-2024
West Bengal,Paschim Medinipur,Keshpur,Amrakuchi,Amsol,Amsole,1343124,6384745,420051096,Deep Tubewell,Ground Water,S.S.K,GRAM PANCHAYAT,2013-2014,0.7,0.7,14-Apr-13,25-Feb-14,03-06-2024
West Bengal,Paschim Medinipur,Keshpur,Amrakuchi,Chauki Ghata,Sorenpara,1343116,6384745,420051088,Deep Tubewell,Ground Water,I.C.D.S,GRAM PANCHAYAT,2013-2014,0.7,0.7,14-Apr-13,25-Feb-14,03-06-2024
West Bengal,Paschim Medinipur,Keshpur,Jagannathpur,Jagannathpur,Kadarpara,1343006,6384745,420051077,Deep Tubewell,Ground Water,SK Monuar ali,GRAM PANCHAYAT,2013-2014,0.7,0.7,14-Apr-13,25-Feb-14,03-06-2024
West Bengal,Paschim Medinipur,Keshpur,Amrakuchi,Amrakuchi,Dolaipara,1343152,6385170,420051365,Deep Tubewell,Ground Water,Nimai Doloi,GRAM PANCHAYAT,2013-2014,0.8,0.8,25-Apr-13,12-Feb-14,03-06-2024
West Bengal,Paschim Medinipur,Keshpur,Amrakuchi,Amrakuchi,Masjidtala,1343153,6385170,420051361,Deep Tubewell,Ground Water,Primary School,GRAM PANCHAYAT,2013-2014,0.8,0.8,25-Apr-13,12-Feb-14,03-06-2024
West Bengal,Paschim Medinipur,Keshpur,Amrakuchi,Amrakuchi,Masjidtala,1343153,6385170,420051363,Deep Tubewell,Ground Water,Mosjid,GRAM PANCHAYAT,2013-2014,0.8,0.8,25-Apr-13,12-Feb-14,03-06-2024
West Bengal,Paschim Medinipur,Keshpur,Dhalhara,Mukunda Pur,Uttarpara,1343602,6385170,420051350,Deep Tubewell,Ground Water,Kajal Ali,GRAM PANCHAYAT,2013-2014,0.8,0.8,25-Apr-13,12-Feb-14,03-06-2024
West Bengal,Paschim Medinipur,Keshpur,Dhalhara,Mukunda Pur,Mukundapur Purbapara,1343601,6385216,420051388,Deep Tubewell,Ground Water,Habu Ali,GRAM PANCHAYAT,2013-2014,0.8,0.8,12-Apr-13,14-Feb-14,03-06-2024
West Bengal,Paschim Medinipur,Keshpur,Anandapur,Ranpara,Kaji Para,1343249,6385216,420051383,Deep Tubewell,Ground Water,Hasen Mollick,GRAM PANCHAYAT,2013-2014,0.8,0.8,12-Apr-13,14-Feb-14,03-06-2024
West Bengal,Paschim Medinipur,Keshpur,Sirsa,Garur Bag,Gatibarh,1342827,6385093,420051312,Deep Tubewell,Ground Water,Primary School,GRAM PANCHAYAT,2013-2014,0.8,0.8,01-Apr-13,30-Jan-14,03-06-2024
West Bengal,Paschim Medinipur,Keshpur,Amrakuchi,Bagla,Dolaipara,1343119,6385093,420051295,Deep Tubewell,Ground Water,Primary School,GRAM PANCHAYAT,2013-2014,0.8,0.8,01-Apr-13,30-Jan-14,03-06-2024
West Bengal,Paschim Medinipur,Keshpur,Amrakuchi,Charka,Khan Para,1343174,6385093,420051303,Deep Tubewell,Ground Water,Sk Jahed Ali,GRAM PANCHAYAT,2013-2014,0.8,0.8,01-Apr-13,30-Jan-14,03-06-2024
West Bengal,Paschim Medinipur,Keshpur,Amrakuchi,Charka,Khan Para,1343174,6385093,420051302,Deep Tubewell,Ground Water,Viku Md. Khan,GRAM PANCHAYAT,2013-2014,0.8,0.8,01-Apr-13,30-Jan-14,03-06-2024
West Bengal,Paschim Medinipur,Keshpur,Amanpur,Burya Pat,Burapat,1342748,6387504,420052321,Deep Tubewell,Ground Water,Modhusudan Ghosh,GRAM PANCHAYAT,2013-2014,0.8,0.8,12-Apr-13,24-Feb-14,03-06-2024
West Bengal,Paschim Medinipur,Keshpur,Amanpur,Burya Pat,Burapat,1342748,6387504,420052320,Deep Tubewell,Ground Water,Tapan Ghosh,GRAM PANCHAYAT,2013-2014,0.8,0.8,12-Apr-13,24-Feb-14,03-06-2024
West Bengal,Paschim Medinipur,Keshpur,Amanpur,Satdubi,Roypara,1342757,6387504,420052327,Deep Tubewell,Ground Water,Satdubi Club,GRAM PANCHAYAT,2013-2014,0.8,0.8,12-Apr-13,24-Feb-14,03-06-2024
West Bengal,Paschim Medinipur,Keshpur,Amanpur,Satdubi,Roypara,1342757,6387504,420052326,Deep Tubewell,Ground Water,Kedar Adikary,GRAM PANCHAYAT,2013-2014,0.8,0.8,12-Apr-13,24-Feb-14,03-06-2024
West Bengal,Paschim Medinipur,Keshpur,Amanpur,Nata Gerya,Patageria Bagpara,1342785,6387504,420052330,Deep Tubewell,Ground Water,Natageria S.S.K.,GRAM PANCHAYAT,2013-2014,0.8,0.8,12-Apr-13,24-Feb-14,03-06-2024
West Bengal,Paschim Medinipur,Keshpur,Keshpur,Bajirchak,Chowdhury Para,1343300,6388209,420052893,Deep Tubewell,Ground Water,Niranjan Choudhury,Gram Panchayat,2013-2014,0.8,0.8,25-Apr-13,12-Feb-14,03-06-2024
West Bengal,Paschim Medinipur,Keshpur,Amanpur,Eluni,Mahajarpara,1342777,6388231,420052913,Deep Tubewell,Ground Water,Lalmohon Mollick,Gram Panchayat,2013-2014,0.8,0.8,25-Apr-13,08-May-17,03-06-2024
West Bengal,Paschim Medinipur,Keshpur,Amanpur,Eluni,Eloni Mondalpara,1342776,6388231,420052935,Deep Tubewell,Ground Water,Nishith Mondal,Gram Panchayat,2013-2014,0.8,0.8,25-Apr-13,08-May-17,03-06-2024
West Bengal,Paschim Medinipur,Keshpur,Amanpur,Eluni,Eloni Mondalpara,1342776,6388231,420052928,Deep Tubewell,Ground Water,Bangsidhari Ghosh,Gram Panchayat,2013-2014,0.8,0.8,25-Apr-13,08-May-17,03-06-2024
West Bengal,Paschim Medinipur,Keshpur,Amanpur,Hijli,Hijli Shitalamandirpara,1342783,6388231,420052914,Deep Tubewell,Ground Water,Primary School,Gram Panchayat,2013-2014,0.8,0.8,25-Apr-13,08-May-17,03-06-2024
West Bengal,Paschim Medinipur,Keshpur,Kalagram,Uchahar,Chak,1343367,6389957,420054045,Deep Tubewell,Ground Water,Sajed Mallick,Gram Panchayat,2013-2014,0.7,0.7,12-Apr-13,25-Feb-14,03-06-2024
West Bengal,Paschim Medinipur,Keshpur,Kalagram,Uchahar,Chak,1343367,6389957,420054048,Deep Tubewell,Ground Water,Sk Jamal,Gram Panchayat,2013-2014,0.7,0.7,12-Apr-13,25-Feb-14,03-06-2024
West Bengal,Paschim Medinipur,Keshpur,Kalagram,Uchahar,Chak,1343367,6389957,420054053,Deep Tubewell,Ground Water,Atabul Mallick,Gram Panchayat,2013-2014,0.7,0.7,12-Apr-13,25-Feb-14,03-06-2024
West Bengal,Paschim Medinipur,Keshpur,Kalagram,Uchahar,Chak,1343367,6389957,420054054,Deep Tubewell,Ground Water,Dakhinpally I.C.D.S.,Gram Panchayat,2013-2014,0.7,0.7,12-Apr-13,25-Feb-14,03-06-2024
West Bengal,Paschim Medinipur,Keshpur,Kalagram,Uchahar,Chak,1343367,6389957,420054058,Deep Tubewell,Ground Water,Madrasa,Gram Panchayat,2013-2014,0.7,0.7,12-Apr-13,25-Feb-14,03-06-2024
West Bengal,Paschim Medinipur,Keshpur,Amanpur,Amanpur,Roypara,1342713,6396858,420060194,Deep Tubewell,Ground Water,Das Para,Roy Para,2013-2014,0.8,0.8,25-Apr-13,24-Feb-14,03-06-2024
West Bengal,Paschim Medinipur,Keshpur,Amanpur,Goharia,Goharia Upar,1342752,6389292,420053746,Deep Tubewell,Ground Water,Swadesh Digar,GRAM PANCHAYAT,2013-2014,0.7,0.7,12-Apr-13,25-Feb-14,03-06-2024
West Bengal,Paschim Medinipur,Keshpur,Amanpur,Goharia,Goharia Upar,1342752,6389292,420053748,Deep Tubewell,Ground Water,Tarapada Doloi,GRAM PANCHAYAT,2013-2014,0.7,0.7,12-Apr-13,25-Feb-14,03-06-2024
West Bengal,Paschim Medinipur,Keshpur,Golarh,Khagra Gerya,Khasigeria Kolyapara,1342683,6388542,420053215,Deep Tubewell,Ground Water,Sk Idrish Ali,Gram Panchayat,2013-2014,0.7,0.7,25-Apr-13,06-Apr-17,03-06-2024
West Bengal,Paschim Medinipur,Keshpur,Amanpur,Keshur Gerya,Kheshargeria,1342786,6388538,420053212,Deep Tubewell,Ground Water,Pagol Doloi,Gram Panchayat,2013-2014,0.8,0.8,25-Apr-13,14-Feb-14,03-06-2024
West Bengal,Paschim Medinipur,Keshpur,Amanpur,Panch Khuiri,Chakpara,1342747,6388538,420053203,Deep Tubewell,Ground Water,Kalipada Doloi,Gram Panchayat,2013-2014,0.8,0.8,25-Apr-13,14-Feb-14,03-06-2024
West Bengal,Paschim Medinipur,Keshpur,Amanpur,Amanpur,Kamalpara,1342716,6397461,420060621,Deep Tubewell,Ground Water,BrahmanGram DolaiPara,Roy Para,2013-2014,0.8,0.8,25-Apr-13,12-Feb-14,03-06-2024
West Bengal,Paschim Medinipur,Keshpur,Amanpur,Amanpur,Kamalpara,1342716,6397461,420060618,Deep Tubewell,Ground Water,Uttar Baharat Para,Roy Para,2013-2014,0.8,0.8,25-Apr-13,12-Feb-14,03-06-2024
West Bengal,Paschim Medinipur,Keshpur,Amanpur,Amanpur,Kamalpara,1342716,6397461,420060617,Deep Tubewell,Ground Water,GHOSHPARA,Roy Para,2013-2014,0.8,0.8,25-Apr-13,12-Feb-14,03-06-2024
West Bengal,Paschim Medinipur,Keshpur,Amrakuchi,Jabar Danga,Mondalpara,1343114,6399641,420062156,Deep Tubewell,Ground Water,MONDAL PARA,GRAM PANCHAYAT,2013-2014,0.8,0.8,25-Apr-13,12-Feb-14,03-06-2024
West Bengal,Paschim Medinipur,Keshpur,Amrakuchi,Santarya,Santaria,1343111,6399641,420062149,Deep Tubewell,Ground Water,SANTARIA,GRAM PANCHAYAT,2013-2014,0.8,0.8,25-Apr-13,12-Feb-14,03-06-2024
West Bengal,Paschim Medinipur,Keshpur,Anandapur,Anandapur,Sk. Para,1343214,6399641,420062126,Deep Tubewell,Ground Water,SK. PARA,GRAM PANCHAYAT,2013-2014,0.8,0.8,25-Apr-13,12-Feb-14,03-06-2024
West Bengal,Paschim Medinipur,Keshpur,Anandapur,Nutan Bajar,Dhabapara,1343257,6400371,420062614,Deep Tubewell,Ground Water,DHABAPARA,Gram Panchayet,2013-2014,0.8,0.8,25-Apr-13,12-Dec-14,03-06-2024
West Bengal,Paschim Medinipur,Keshpur,Jhentla,Rauta,Rauta Chak,1343715,956682,1290475,Deep Tubewell,Ground Water,Rauta Markat,Rauta Markat,2007-2008,0.36,0.36,01-Nov-07,09-Nov-07,03-06-2024
West Bengal,Paschim Medinipur,Keshpur,Golarh,Turuk Gerya,Turukgeria,1342838,956927,1276667,Deep Tubewell,Ground Water,Turuk Gerya,Turuk Gerya,2007-2008,0.59,0.59,19-Jun-07,21-Jun-07,03-06-2024
West Bengal,Paschim Medinipur,Keshpur,Sirsa,Toria,Taria,1342647,971011,1271618,Deep Tubewell,Ground Water,Toria Pry. School,Toria Pry. School,2008-2009,0.59,0.59,27-Oct-08,29-Oct-08,03-06-2024
West Bengal,Paschim Medinipur,Keshpur,Jagannathpur,Birhimbar,Birhimbar Adakpara,1342956,974203,1246329,Deep Tubewell,Ground Water,BIRHIMBAR ADAKPARA,Palboni SSK,2007-2008,0.59,0.59,25-Dec-07,27-Dec-07,03-06-2024
West Bengal,Paschim Medinipur,Keshpur,Jorakeudi Solidiha,Bhaturia,Bhaturia,1342577,974315,1247682,Deep Tubewell,Ground Water,BHATURIA,Basanchak,2007-2008,0.59,0.59,11-Oct-07,12-Oct-07,03-06-2024
West Bengal,Paschim Medinipur,Keshpur,Amrakuchi,Panchami,Panchami Mirpara,1343136,981325,1250345,Deep Tubewell,Ground Water,Chawk(SchemeId-0000981325),Chawk,2007-2008,0.59,0.59,23-Aug-07,25-Aug-07,03-06-2024
West Bengal,Paschim Medinipur,Keshpur,Golarh,Uttar Kenosa,Uttarkeasa,1342818,981345,1276282,Deep Tubewell,Ground Water,Kenosa,Kenosa,2007-2008,0.59,0.59,04-Nov-07,06-Nov-07,03-06-2024
West Bengal,Paschim Medinipur,Keshpur,Sirsa,Kalipur,Kalipur,1342679,981591,1246560,Deep Tubewell,Ground Water,KALIPUR,Adibasi Para,2007-2008,0.59,0.59,11-Sep-07,13-Sep-07,03-06-2024
West Bengal,Paschim Medinipur,Keshpur,Mugbasan,Jheta Jambani,Jheta Jamboni Khanpara,1342881,981603,1274459,Deep Tubewell,Ground Water,JHETA JAMBONI KHANPARA,Jheta Jambani,2007-2008,0.59,0.59,24-Dec-07,25-Dec-07,03-06-2024
West Bengal,Paschim Medinipur,Keshpur,Golarh,Balilaya Gerya,Baliyageria,1342806,981348,1283254,Deep Tubewell,Ground Water,BALIYAGERIA,SSK,2007-2008,0.59,0.59,12-Nov-07,14-Nov-07,03-06-2024
West Bengal,Paschim Medinipur,Keshpur,Golarh,Uttar Kenosa,Das Para,1342819,1989457,1763186,Deep Tubewell,Ground Water,Kesua,Kesua,2009-2010,0.59,0.59,03-Apr-09,04-Apr-09,03-06-2024
West Bengal,Paschim Medinipur,Keshpur,Amanpur,Dakshin Baharat,Bishu Bajar,1343484,2573600,2377251,Deep Tubewell,Ground Water,NA,Deulgerya,2010-2011,0.75,0,01-Oct-10,31-Mar-11,03-06-2024
West Bengal,Paschim Medinipur,Keshpur,Sirsa,Toria,Taria,1342647,6859052,420127096,Deep Tubewell,Ground Water,Toria Health Centre,Gram Panchayat,2014-2015,0.8,0.8,02-Jul-14,28-Jul-14,03-06-2024
West Bengal,Paschim Medinipur,Keshpur,Sirsa,Khari Gerya,Dakshinpara,1342854,6859052,420127099,Deep Tubewell,Ground Water,Yugal Koyla,Gram Panchayat,2014-2015,0.8,0.8,02-Jul-14,28-Jul-14,03-06-2024
West Bengal,Paschim Medinipur,Keshpur,Sirsa,Khari Gerya,Dakshinpara,1342854,6859052,420127102,Deep Tubewell,Ground Water,Club,Gram Panchayat,2014-2015,0.8,0.8,02-Jul-14,28-Jul-14,03-06-2024
West Bengal,Paschim Medinipur,Keshpur,Sirsa,Akmura,Pakhirapara,1342659,6859960,420127475,Deep Tubewell,Ground Water,Akmura Primary School(Inside),Gram Panchayat,2014-2015,0.84,0.84,06-Jun-14,25-Jun-14,03-06-2024
West Bengal,Paschim Medinipur,Keshpur,Amanpur,Karuria,Adibasipara,1342742,6859963,420127487,Deep Tubewell,Ground Water,Sundari Mandi,Gram Panchayat,2014-2015,0.84,0.84,12-Jun-14,29-Jun-14,03-06-2024
West Bengal,Paschim Medinipur,Keshpur,Amanpur,Askanda,Askanda Dolaipara,1342737,6859963,420127490,Deep Tubewell,Ground Water,Gopal Mahadanda,Gram Panchayat,2014-2015,0.84,0.84,12-Jun-14,29-Jun-14,03-06-2024
West Bengal,Paschim Medinipur,Keshpur,Teghori,Kontai,Malpara Madhya,1343055,6861674,420128667,Deep Tubewell,Ground Water,Kalimandir,Gram Panchayat,2014-2015,0.84,0.84,06-Jul-14,20-Jul-14,03-06-2024
West Bengal,Paschim Medinipur,Keshpur,Enayetpur,Badar,Singh Para,1343848,6867874,420133226,Deep Tubewell,Ground Water,Jiten Sing,Gram Panchayat,2014-2015,0.82,0.82,12-Aug-14,28-Aug-14,03-06-2024
West Bengal,Paschim Medinipur,Keshpur,Teghori,Kontai,Dalbera Madhya,1343050,6869421,420134689,Deep Tubewell,Ground Water,Kontai S.S.K.,Gram Panchayat,2014-2015,0.82,0.82,12-Aug-14,28-Aug-14,03-06-2024
West Bengal,Paschim Medinipur,Keshpur,Anandapur,Anandapur,Gayan Para,1343216,6884351,420139563,Deep Tubewell,Ground Water,Mame Gayen,Gram Panchayat,2014-2015,0.84,0.84,08-Aug-14,28-Aug-14,03-06-2024
West Bengal,Paschim Medinipur,Keshpur,Anandapur,Anandapur,Bankata Bandhar,1343183,6884402,420139586,Deep Tubewell,Ground Water,Samid Bhangari,Gram Panchayat,2014-2015,0.84,0.84,12-Aug-14,02-Sep-14,03-06-2024
West Bengal,Paschim Medinipur,Keshpur,Anandapur,Anandapur,Bankata Masjidpara,1343184,6884402,420139592,Deep Tubewell,Ground Water,Mosjid,Gram Panchayat,2014-2015,0.84,0.84,12-Aug-14,02-Sep-14,03-06-2024
West Bengal,Paschim Medinipur,Keshpur,Anandapur,Anandapur,Hari Para,1343197,6884442,420139620,Deep Tubewell,Ground Water,Anandapur High School,Gram Panchayat,2014-2015,0.84,0.84,12-Aug-14,10-Sep-14,03-06-2024
West Bengal,Paschim Medinipur,Keshpur,Amrakuchi,Jaora Paikan,Sengupta Para,1343099,6884442,420139610,Deep Tubewell,Ground Water,Jaora I.C.D.S.,Gram Panchayat,2014-2015,0.84,0.84,12-Aug-14,10-Sep-14,03-06-2024
West Bengal,Paschim Medinipur,Keshpur,Kalagram,Thaur,Thaur,1766913,6885373,420139906,Deep Tubewell,Ground Water,Satis Dhara,Gram Panchayat,2014-2015,0.8,0.8,12-Aug-14,28-Aug-14,03-06-2024
West Bengal,Paschim Medinipur,Keshpur,Kalagram,Thaur,Thaur,1766913,6885373,420139907,Deep Tubewell,Ground Water,Primary School(Out Side),Gram Panchayat,2014-2015,0.8,0.8,12-Aug-14,28-Aug-14,03-06-2024
West Bengal,Paschim Medinipur,Keshpur,Kalagram,Thaur,Thaur,1766913,6885373,420139909,Deep Tubewell,Ground Water,Naran Bagra,Gram Panchayat,2014-2015,0.8,0.8,12-Aug-14,28-Aug-14,03-06-2024
West Bengal,Paschim Medinipur,Keshpur,Kalagram,Thaur,Thaur,1766913,6885373,420139910,Deep Tubewell,Ground Water,Tamir Ghosh,Gram Panchayat,2014-2015,0.8,0.8,12-Aug-14,28-Aug-14,03-06-2024
West Bengal,Paschim Medinipur,Keshpur,Sirsa,Garur Bag,Gatibarh,1342827,6902664,420144396,Deep Tubewell,Ground Water,Primary School(Out Side),Gram Panchayat,2014-2015,0.84,0.84,08-Aug-14,28-Aug-14,03-06-2024
West Bengal,Paschim Medinipur,Keshpur,Sirsa,Maharajpur,Adibasipara,1342641,6902664,420144404,Deep Tubewell,Ground Water,Saniraima I.C.D.S.,Gram Panchayat,2014-2015,0.84,0.84,08-Aug-14,28-Aug-14,03-06-2024
West Bengal,Paschim Medinipur,Keshpur,Dhalhara,Arjuni,Arjuni,1343543,6902682,420144477,Deep Tubewell,Ground Water,Arjuni S.S.K.,Gram Panchayat,2014-2015,0.84,0.84,12-Aug-14,28-Aug-14,03-06-2024
West Bengal,Paschim Medinipur,Keshpur,Sirsa,Gopinathpur,Gopinathpur Maitypara,1342642,6903322,420145160,Deep Tubewell,Ground Water,Anup Pandit,Gram Panchayat,2014-2015,0.8,0.8,12-Aug-14,30-Aug-14,03-06-2024
West Bengal,Paschim Medinipur,Keshpur,Amanpur,Eluni,Mahajarpara,1342777,6903356,420145209,Deep Tubewell,Ground Water,Nibam Ghosh,Gram Panchayat,2014-2015,0.8,0.8,12-Aug-14,30-Aug-14,03-06-2024
West Bengal,Paschim Medinipur,Keshpur,Enayetpur,Dosatina,Dasarina Samantapara,1343749,6903356,420145218,Deep Tubewell,Ground Water,Praddut Mandal,Gram Panchayat,2014-2015,0.8,0.8,12-Aug-14,30-Aug-14,03-06-2024
West Bengal,Paschim Medinipur,Keshpur,Enayetpur,Rasunchak,Rasunchak,1343738,6903467,420145448,Deep Tubewell,Ground Water,Kusan Hemrom,Gram Panchayat,2014-2015,0.8,0.8,02-Sep-14,25-Sep-14,03-06-2024
West Bengal,Paschim Medinipur,Keshpur,Amanpur,Tanthua,Talhua Mondalpara,1342760,6903467,420145436,Deep Tubewell,Ground Water,Kajal Ali,Gram Panchayat,2014-2015,0.8,0.8,02-Sep-14,25-Sep-14,03-06-2024
West Bengal,Paschim Medinipur,Keshpur,Amanpur,Satdubi,Satdubi,1342755,6905177,420147107,Deep Tubewell,Ground Water,Kalipada Hazra,Gram Panchayat,2014-2015,0.86,0.86,12-Aug-14,06-Sep-14,03-06-2024
West Bengal,Paschim Medinipur,Keshpur,Amanpur,Satdubi,Roypara,1342757,6905177,420147103,Deep Tubewell,Ground Water,Lulu Roy,Gram Panchayat,2014-2015,0.86,0.86,12-Aug-14,06-Sep-14,03-06-2024
West Bengal,Paschim Medinipur,Keshpur,Jhentla,Manta,Alipara,1343667,6908582,420150743,Deep Tubewell,Ground Water,Sk Israf  Mahammad,Gram Panchayat,2014-2015,0.8,0.8,10-Oct-14,25-Oct-14,03-06-2024
West Bengal,Paschim Medinipur,Keshpur,Jhentla,Manta,Masjidpara,1343665,6908582,420150746,Deep Tubewell,Ground Water,Primary School,Gram Panchayat,2014-2015,0.8,0.8,10-Oct-14,25-Oct-14,03-06-2024
West Bengal,Paschim Medinipur,Keshpur,Golarh,Khaer Gerya,Karanjageria,1343787,6910219,420152122,Deep Tubewell,Ground Water,Panchanan Bag,Gram Panchayat,2014-2015,0.82,0.82,08-Oct-14,28-Oct-14,03-06-2024
West Bengal,Paschim Medinipur,Keshpur,Golarh,Khaer Gerya,Karanjageria,1343787,6910219,420152123,Deep Tubewell,Ground Water,Idrish Mallick,Gram Panchayat,2014-2015,0.82,0.82,08-Oct-14,28-Oct-14,03-06-2024
West Bengal,Paschim Medinipur,Keshpur,Golarh,Sirajpur,Sirajpur - Choudhuri Para,1342799,6910219,420152128,Deep Tubewell,Ground Water,S.S.K.,Gram Panchayat,2014-2015,0.82,0.82,08-Oct-14,28-Oct-14,03-06-2024
West Bengal,Paschim Medinipur,Keshpur,Golarh,Golar,Goler - Bagpara,1342841,6910219,420152121,Deep Tubewell,Ground Water,Panchanan  Bag,Gram Panchayat,2014-2015,0.82,0.82,08-Oct-14,28-Oct-14,03-06-2024
West Bengal,Paschim Medinipur,Keshpur,Enayetpur,Bara Chand Bar,Nilmanisinghpara,1343778,6916258,420159904,Deep Tubewell,Ground Water,Amal Sing,Gram Panchayat,2014-2015,0.84,0.84,10-Oct-14,15-Nov-14,03-06-2024
West Bengal,Paschim Medinipur,Keshpur,Dhalhara,Kashta Khamar,Dandapat Para,1343569,6918987,420162925,Deep Tubewell,Ground Water,S.S.K.,Gram Panchayat,2014-2015,0.84,0.84,12-Oct-14,10-Nov-14,03-06-2024
West Bengal,Paschim Medinipur,Keshpur,Sarishakhola,Akna,Aknakaranpara,1343454,6920898,420165431,Deep Tubewell,Ground Water,Safibul Mallick,Gram Panchayat,2014-2015,0.86,0.86,12-Oct-14,02-Nov-14,03-06-2024
West Bengal,Paschim Medinipur,Keshpur,Jhentla,Manta,Mondalpara,1343663,6920898,420165437,Deep Tubewell,Ground Water,Sk Ashgar Ali,Gram Panchayat,2014-2015,0.86,0.86,12-Oct-14,02-Nov-14,03-06-2024
West Bengal,Paschim Medinipur,Keshpur,Jhentla,Manta,Masjidpara,1343665,6920898,420165438,Deep Tubewell,Ground Water,Sk Arephul Alam,Gram Panchayat,2014-2015,0.86,0.86,12-Oct-14,02-Nov-14,03-06-2024
West Bengal,Paschim Medinipur,Keshpur,Kalagram,Uchahar,Uttarpara,1343365,6920898,420165426,Deep Tubewell,Ground Water,Uchahar I.C.D.S.,Gram Panchayat,2014-2015,0.86,0.86,12-Oct-14,02-Nov-14,03-06-2024
West Bengal,Paschim Medinipur,Keshpur,Anandapur,Anandapur,Bankata Bandhar,1343183,6910603,420152420,Deep Tubewell,Ground Water,Sandip Bardhan,Gram Panchayat,2014-2015,0.83,0.83,08-Oct-14,30-Oct-14,03-06-2024
West Bengal,Paschim Medinipur,Keshpur,Teghori,Ramakata,Ramakata,1343022,6910603,420152423,Deep Tubewell,Ground Water,Jiten Mandal,Gram Panchayat,2014-2015,0.83,0.83,08-Oct-14,30-Oct-14,03-06-2024
West Bengal,Paschim Medinipur,Keshpur,Teghori,Betbani Radha Khauki,Betbani Radha Khauki,1766956,6910522,420152403,Deep Tubewell,Ground Water,Amit Manna,Gram Panchayat,2014-2015,0.83,0.83,08-Oct-14,30-Oct-14,03-06-2024
West Bengal,Paschim Medinipur,Keshpur,Teghori,Talchhara,Talchara Adibasipara,1343018,6910522,420152407,Deep Tubewell,Ground Water,Banamali Murmu,Gram Panchayat,2014-2015,0.83,0.83,08-Oct-14,30-Oct-14,03-06-2024
West Bengal,Paschim Medinipur,Keshpur,Teghori,Talchhara,Talchara Adibasipara,1343018,6910522,420152406,Deep Tubewell,Ground Water,Bahamala Club,Gram Panchayat,2014-2015,0.83,0.83,08-Oct-14,30-Oct-14,03-06-2024
West Bengal,Paschim Medinipur,Keshpur,Teghori,Talchhara,Talchara Adibasipara,1343018,6910522,420152404,Deep Tubewell,Ground Water,Nirmal Samanta,Gram Panchayat,2014-2015,0.83,0.83,08-Oct-14,30-Oct-14,03-06-2024
West Bengal,Paschim Medinipur,Keshpur,Amanpur,Tanthua,Karpara,1342761,6920898,420165430,Deep Tubewell,Ground Water,Swapan Kar,Gram Panchayat,2014-2015,0.86,0.86,12-Oct-14,02-Nov-14,03-06-2024
West Bengal,Paschim Medinipur,Keshpur,Anandapur,Nutan Bajar,Barui Para,1343258,6922669,420167652,Deep Tubewell,Ground Water,Hor Dolui,Gram Panchayat,2014-2015,0.86,0.86,12-Nov-14,10-Dec-14,03-06-2024
West Bengal,Paschim Medinipur,Keshpur,Teghori,Mejura,Dakshin Para,1343069,6922745,420167708,Deep Tubewell,Ground Water,Shankar Midya,Gram Panchayat,2014-2015,0.86,0.86,14-Nov-14,20-Dec-14,03-06-2024
West Bengal,Paschim Medinipur,Keshpur,Teghori,Mejura,Ghatna Para,1343067,6922745,420167704,Deep Tubewell,Ground Water,Mejura Club,Gram Panchayat,2014-2015,0.86,0.86,14-Nov-14,20-Dec-14,03-06-2024
West Bengal,Paschim Medinipur,Keshpur,Mugbasan,Jheta Jambani,Battala,1342885,6925205,420170445,Deep Tubewell,Ground Water,Mir Dinesh Ali,Gram Panchayat,2014-2015,0.84,0.84,10-Dec-14,30-Dec-14,03-06-2024
West Bengal,Paschim Medinipur,Keshpur,Amanpur,Goharia,Goharia Upar,1342752,6927908,420172707,Deep Tubewell,Ground Water,Haripada Digar,Gram Panchayat,2014-2015,0.82,0.82,12-Oct-14,30-Dec-14,03-06-2024
West Bengal,Paschim Medinipur,Keshpur,Dhalhara,Damodar Chak,West Para,1343528,6928652,420173200,Deep Tubewell,Ground Water,Sonabul Ali,Gram Panchayat,2014-2015,0.82,0.82,06-Oct-14,20-Dec-14,03-06-2024
West Bengal,Paschim Medinipur,Keshpur,Dhalhara,Doge Chhya,Baromile,1343533,6928652,420173205,Deep Tubewell,Ground Water,Mosjid,Gram Panchayat,2014-2015,0.82,0.82,06-Oct-14,20-Dec-14,03-06-2024
West Bengal,Paschim Medinipur,Keshpur,Dhalhara,Krishnapat,Krishnapat Karak Para,1343541,6071193,420251581,Deep Tubewell,Ground Water,Krishnapat ICDS,Cretion of drinking water source at Source Less Anganwadi Centers in Govt. Premises within different Blocks in paschim medinipur district,2013-2014,96.59,96.59,02-Jul-13,30-Aug-17,03-06-2024
West Bengal,Paschim Medinipur,Keshpur,Enayetpur,Dosatina,Janapara,1343751,6352980,420036269,Deep Tubewell,Ground Water,Lakhikanta Mondal,Gram Panchayat,2013-2014,0.8,0.8,12-May-13,11-Apr-17,03-06-2024
West Bengal,Paschim Medinipur,Keshpur,Enayetpur,Nurketu,Nurketu Dolaipara,1343754,6354136,420036733,Deep Tubewell,Ground Water,SHAKTI DOLOI,GRAM PANCHAYAT,2013-2014,0.8,0.8,23-Apr-13,12-Feb-14,03-06-2024
West Bengal,Paschim Medinipur,Keshpur,Enayetpur,Kaigerya,Kaigeria Maitipara,1343781,6358632,420039843,Deep Tubewell,Ground Water,C.P.I.(M) Party Office,GRAM PANCHAYAT,2013-2014,0.7,0.7,02-May-13,15-Feb-14,03-06-2024
West Bengal,Paschim Medinipur,Keshpur,Enayetpur,Kaigerya,Kaigeria Maitipara,1343781,6358632,420039846,Deep Tubewell,Ground Water,Mubal Maiti,GRAM PANCHAYAT,2013-2014,0.7,0.7,02-May-13,15-Feb-14,03-06-2024
West Bengal,Paschim Medinipur,Keshpur,Enayetpur,Ghosh Diha,Ghoshdina Janapara,1343760,6388552,420053257,Deep Tubewell,Ground Water,Football Math,Gram Panchayat,2013-2014,0.7,0.7,25-Apr-13,24-Feb-14,03-06-2024
West Bengal,Paschim Medinipur,Keshpur,Enayetpur,Ghosh Diha,Ghoshdina Janapara,1343760,6388552,420053261,Deep Tubewell,Ground Water,Primary School,Gram Panchayat,2013-2014,0.7,0.7,25-Apr-13,24-Feb-14,03-06-2024
West Bengal,Paschim Medinipur,Keshpur,Enayetpur,Ghosh Diha,Ghoshdina Janapara,1343760,6388552,420053262,Deep Tubewell,Ground Water,Birodh Baran Ghorai,Gram Panchayat,2013-2014,0.7,0.7,25-Apr-13,24-Feb-14,03-06-2024
West Bengal,Paschim Medinipur,Keshpur,Enayetpur,Bara Pasha,Barapansa Samantapara,1343752,6389957,420054066,Deep Tubewell,Ground Water,Botu Samanta,Gram Panchayat,2013-2014,0.7,0.7,12-Apr-13,25-Feb-14,03-06-2024
West Bengal,Paschim Medinipur,Keshpur,Enayetpur,Bara Pasha,Barapansa Samantapara,1343752,6389957,420054067,Deep Tubewell,Ground Water,Bimal Samanta,Gram Panchayat,2013-2014,0.7,0.7,12-Apr-13,25-Feb-14,03-06-2024
West Bengal,Paschim Medinipur,Keshpur,Enayetpur,Bhimbar,Shimbarh,1343771,6402018,420064203,Deep Tubewell,Ground Water,SHIMBARH,Gram Panchayat,2013-2014,0.75,0.75,21-Apr-13,15-Dec-14,03-06-2024
West Bengal,Paschim Medinipur,Keshpur,Enayetpur,Dosatina,Gayenpara,1343750,6402018,420064182,Deep Tubewell,Ground Water,GAYEN PARA,Gram Panchayat,2013-2014,0.75,0.75,21-Apr-13,15-Dec-14,03-06-2024
West Bengal,Paschim Medinipur,Keshpur,Jhentla,Manta,Mondalpara,1343663,6403117,420065428,Deep Tubewell,Ground Water,MONDALPARA,GRAM PANCHAYAT,2013-2014,0.75,0.75,12-Apr-13,25-Jan-14,03-06-2024
West Bengal,Paschim Medinipur,Keshpur,Jhentla,Sirsa,Daloipara,1342696,6403207,420065594,Deep Tubewell,Ground Water,DALOI PARA,Gram Panchayat,2013-2014,0.75,0.75,25-May-13,12-Dec-13,03-06-2024
West Bengal,Paschim Medinipur,Keshpur,Jhentla,Randa,Choto Randa,1343680,6403329,420065658,Deep Tubewell,Ground Water,CHOTO RANDA,Gram Panchayat,2013-2014,0.8,0.8,12-Apr-13,24-Dec-13,03-06-2024
West Bengal,Paschim Medinipur,Keshpur,Jorakeudi Solidiha,Shyam Chandpur,Dalaipara,1342608,6403969,420066489,Deep Tubewell,Ground Water,DALAIPARA,Gram Panchayet,2013-2014,0.72,0.72,15-Apr-13,21-Sep-14,03-06-2024
West Bengal,Paschim Medinipur,Keshpur,Jorakeudi Solidiha,Sankrui,Sankrai,1342591,6403969,420066500,Deep Tubewell,Ground Water,SANKRAI,Gram Panchayet,2013-2014,0.72,0.72,15-Apr-13,21-Sep-14,03-06-2024
West Bengal,Paschim Medinipur,Keshpur,Jorakeudi Solidiha,Panite Ghari,Panite Ghari,1766845,6403969,420066513,Deep Tubewell,Ground Water,PANITE GHARI,Gram Panchayet,2013-2014,0.72,0.72,15-Apr-13,21-Sep-14,03-06-2024
West Bengal,Paschim Medinipur,Keshpur,Kalagram,Akhra Pota,Sk. Para,1343390,6404131,420066855,Deep Tubewell,Ground Water,SK PARA,Gram Panchayat,2013-2014,0.84,0.84,23-May-13,12-Dec-13,03-06-2024
West Bengal,Paschim Medinipur,Keshpur,Kalagram,Akandi,Adibasipara - 1,1343397,6404131,420066862,Deep Tubewell,Ground Water,ADIBASIPARA-1,Gram Panchayat,2013-2014,0.84,0.84,23-May-13,12-Dec-13,03-06-2024
West Bengal,Paschim Medinipur,Keshpur,Kalagram,Chand Chak,Singh Para,1343407,6404143,420066910,Deep Tubewell,Ground Water,SINGHPARA,Gram Panchayat,2013-2014,0.8,0.8,12-Apr-13,25-Feb-14,03-06-2024
West Bengal,Paschim Medinipur,Keshpur,Kalagram,Chak Raghab,Dakshinpara,1343378,6404143,420066914,Deep Tubewell,Ground Water,DAKSHINPARA,Gram Panchayat,2013-2014,0.8,0.8,12-Apr-13,25-Feb-14,03-06-2024
West Bengal,Paschim Medinipur,Keshpur,Kalagram,Birbira,Sk. Para,1343338,6404143,420066916,Deep Tubewell,Ground Water,SK PARA,Gram Panchayat,2013-2014,0.8,0.8,12-Apr-13,25-Feb-14,03-06-2024
West Bengal,Paschim Medinipur,Keshpur,Kalagram,Gopinath Bati,Paschimpara,1343376,6404155,420066981,Deep Tubewell,Ground Water,PASCHIMPARA,Gram Panchayat,2013-2014,0.75,0.75,14-Jun-13,12-Dec-13,03-06-2024
West Bengal,Paschim Medinipur,Keshpur,Kalagram,Kanpur,Senapati Para,1343334,6404155,420066965,Deep Tubewell,Ground Water,SENAPATIPARA,Gram Panchayat,2013-2014,0.75,0.75,14-Jun-13,12-Dec-13,03-06-2024
West Bengal,Paschim Medinipur,Keshpur,Kalagram,Kana Khali,Mandirpara,1343348,6404155,420066969,Deep Tubewell,Ground Water,MANDIPARA,Gram Panchayat,2013-2014,0.75,0.75,14-Jun-13,12-Dec-13,03-06-2024
West Bengal,Paschim Medinipur,Keshpur,Kalagram,Dhamsai,Mani Para - 2,1343403,6404155,420066988,Deep Tubewell,Ground Water,MANI PARA-2,Gram Panchayat,2013-2014,0.75,0.75,14-Jun-13,12-Dec-13,03-06-2024
West Bengal,Paschim Medinipur,Keshpur,Keshpur,Barmahishda,Bhunia Para,1343314,6404165,420067031,Deep Tubewell,Ground Water,BHUNIAPARA,Gram Panchayat,2013-2014,0.75,0.75,25-May-13,12-Mar-14,03-06-2024
West Bengal,Paschim Medinipur,Keshpur,Keshpur,Diuti,Deuti,1343317,6404165,420067020,Deep Tubewell,Ground Water,DEUTI,Gram Panchayat,2013-2014,0.75,0.75,25-May-13,12-Mar-14,03-06-2024
West Bengal,Paschim Medinipur,Keshpur,Keshpur,Beldoba,School Tala,1343292,6404165,420067028,Deep Tubewell,Ground Water,SCHOOLPARA,Gram Panchayat,2013-2014,0.75,0.75,25-May-13,12-Mar-14,03-06-2024
West Bengal,Paschim Medinipur,Keshpur,Keshpur,Dhan Dangra,Paschim Para,1343283,6404165,420067022,Deep Tubewell,Ground Water,PASCHIMPARA,Gram Panchayat,2013-2014,0.75,0.75,25-May-13,12-Mar-14,03-06-2024
West Bengal,Paschim Medinipur,Keshpur,Keshpur,Pua Gerya,Pua Gerya,1766857,6404173,420067053,Deep Tubewell,Ground Water,PUA GERYA,Gram Panchayat,2013-2014,0.75,0.75,12-Apr-13,25-Feb-14,03-06-2024
West Bengal,Paschim Medinipur,Keshpur,Mugbasan,Amritpur,Amritpur - Daldar Para,1342916,6404173,420067044,Deep Tubewell,Ground Water,DALDAR PARA,Gram Panchayat,2013-2014,0.75,0.75,12-Apr-13,25-Feb-14,03-06-2024
West Bengal,Paschim Medinipur,Keshpur,Mugbasan,Nanna,Sk.danjra,1342890,6404439,420067268,Deep Tubewell,Ground Water,SK.DANJRA,Gram Panchayet,2013-2014,0.8,0.8,12-May-13,25-Mar-14,03-06-2024
West Bengal,Paschim Medinipur,Keshpur,Mugbasan,Gar Senapatya,Bijlipukurpar,1342870,6404439,420067301,Deep Tubewell,Ground Water,BIJLIPUKURPAR,Gram Panchayet,2013-2014,0.8,0.8,12-May-13,25-Mar-14,03-06-2024
West Bengal,Paschim Medinipur,Keshpur,Mugbasan,Shasa Bani,Mirpara,1342877,6404439,420067265,Deep Tubewell,Ground Water,MIRPARA,Gram Panchayet,2013-2014,0.8,0.8,12-May-13,25-Mar-14,03-06-2024
West Bengal,Paschim Medinipur,Keshpur,Mugbasan,Jheta Jambani,Mirpara,1342882,6404439,420067295,Deep Tubewell,Ground Water,MIRPARA,Gram Panchayet,2013-2014,0.8,0.8,12-May-13,25-Mar-14,03-06-2024
West Bengal,Paschim Medinipur,Keshpur,Mugbasan,Mundalika,Mundalika - Dalbara Para,1342921,6404439,420067271,Deep Tubewell,Ground Water,DALBARA PARA,Gram Panchayet,2013-2014,0.8,0.8,12-May-13,25-Mar-14,03-06-2024
West Bengal,Paschim Medinipur,Keshpur,Mugbasan,Mundalika,Koyla Para,1342924,6404439,420067272,Deep Tubewell,Ground Water,KOYLAPARA,Gram Panchayet,2013-2014,0.8,0.8,12-May-13,25-Mar-14,03-06-2024
West Bengal,Paschim Medinipur,Keshpur,Mugbasan,Khordda Radha Ballabhpur,Kharda,1342942,6404439,420067291,Deep Tubewell,Ground Water,KHARDA,Gram Panchayet,2013-2014,0.8,0.8,12-May-13,25-Mar-14,03-06-2024
West Bengal,Paschim Medinipur,Keshpur,Mugbasan,Khordda Radha Ballabhpur,Dakshinpara,1342945,6404439,420067290,Deep Tubewell,Ground Water,DAKSHINPARA,Gram Panchayet,2013-2014,0.8,0.8,12-May-13,25-Mar-14,03-06-2024
West Bengal,Paschim Medinipur,Keshpur,Mugbasan,Puran Berya,Bhuniapara,1342940,6404439,420067267,Deep Tubewell,Ground Water,BHUNIAPARA,Gram Panchayet,2013-2014,0.8,0.8,12-May-13,25-Mar-14,03-06-2024
West Bengal,Paschim Medinipur,Keshpur,Mugbasan,Kuchiara,Dompara,1342931,6404439,420067281,Deep Tubewell,Ground Water,DOMPARA,Gram Panchayet,2013-2014,0.8,0.8,12-May-13,25-Mar-14,03-06-2024
West Bengal,Paschim Medinipur,Keshpur,Mugbasan,Chak Puran Berya,Chak Puran Berya,1766930,6404439,420067302,Deep Tubewell,Ground Water,CHAK PURAN BERYA,Gram Panchayet,2013-2014,0.8,0.8,12-May-13,25-Mar-14,03-06-2024
West Bengal,Paschim Medinipur,Keshpur,Mugbasan,Belerya,Chowdhury Para,1343303,6404439,420067306,Deep Tubewell,Ground Water,CHOUDHURY PARA,Gram Panchayet,2013-2014,0.8,0.8,12-May-13,25-Mar-14,03-06-2024
West Bengal,Paschim Medinipur,Keshpur,Mugbasan,Tal Nanna,Sk.para,1342893,6404510,420067413,Deep Tubewell,Ground Water,SK.PARA,Gram Panchayet,2013-2014,0.75,0.75,12-Apr-13,25-Feb-14,03-06-2024
West Bengal,Paschim Medinipur,Keshpur,Mugbasan,Tal Nanna,Kajipara,1342895,6404510,420067415,Deep Tubewell,Ground Water,KAJIPARA,Gram Panchayet,2013-2014,0.75,0.75,12-Apr-13,25-Feb-14,03-06-2024
West Bengal,Paschim Medinipur,Keshpur,Sarishakhola,Amar Chak,Ruhamanpara,1343516,6404670,420067561,Deep Tubewell,Ground Water,RUHAMANPARA,Gram Panchayet,2013-2014,0.75,0.75,24-Apr-13,12-Jan-14,03-06-2024
West Bengal,Paschim Medinipur,Keshpur,Sarishakhola,Chand Khali,Jupalpara,1343425,6404789,420067780,Deep Tubewell,Ground Water,JUPALPARA,Gram Panchayet,2013-2014,0.8,0.8,12-Apr-13,08-May-17,03-06-2024
West Bengal,Paschim Medinipur,Keshpur,Sarishakhola,Pitambar Chak,Kilabpara,1343495,6404789,420067761,Deep Tubewell,Ground Water,KILABPARA,Gram Panchayet,2013-2014,0.8,0.8,12-Apr-13,08-May-17,03-06-2024
West Bengal,Paschim Medinipur,Keshpur,Sarishakhola,Golagerya,Maitypara,1343511,6404789,420067772,Deep Tubewell,Ground Water,MAITYPARA,Gram Panchayet,2013-2014,0.8,0.8,12-Apr-13,08-May-17,03-06-2024
West Bengal,Paschim Medinipur,Keshpur,Sarishakhola,Sarisha Khola,Haidu Para,1343476,6404789,420067754,Deep Tubewell,Ground Water,HAIDUPARA,Gram Panchayet,2013-2014,0.8,0.8,12-Apr-13,08-May-17,03-06-2024
West Bengal,Paschim Medinipur,Keshpur,Sarishakhola,Kanchan Tala,Santra Para,1343492,6404789,420067768,Deep Tubewell,Ground Water,SANTRAPARA,Gram Panchayet,2013-2014,0.8,0.8,12-Apr-13,08-May-17,03-06-2024
West Bengal,Paschim Medinipur,Keshpur,Sarishakhola,Paikan Ghoshpur,Paikan Ghoshpur,1766838,6404789,420067763,Deep Tubewell,Ground Water,PAIKAN GHOSHPUR,Gram Panchayet,2013-2014,0.8,0.8,12-Apr-13,08-May-17,03-06-2024
West Bengal,Paschim Medinipur,Keshpur,Sarishakhola,Sinnibar,Tallipur,1343501,6404860,420067902,Deep Tubewell,Ground Water,TALLIPUR,Gram Panchayet,2013-2014,0.75,0.75,01-Apr-13,12-Jan-14,03-06-2024
West Bengal,Paschim Medinipur,Keshpur,Sarishakhola,Sinnibar,Nayekpara,1343504,6404860,420067905,Deep Tubewell,Ground Water,NAYEKPARA,Gram Panchayet,2013-2014,0.75,0.75,01-Apr-13,12-Jan-14,03-06-2024
West Bengal,Paschim Medinipur,Keshpur,Sarishakhola,Sinnibar,Ranapara,1343508,6404860,420067904,Deep Tubewell,Ground Water,RANAPARA,Gram Panchayet,2013-2014,0.75,0.75,01-Apr-13,12-Jan-14,03-06-2024
West Bengal,Paschim Medinipur,Keshpur,Sirsa,Gopinathpur,Majipara,1342643,6404926,420068028,Deep Tubewell,Ground Water,MAJIPARA,Gram Panchayet,2013-2014,0.75,0.75,01-Apr-13,14-Jan-14,03-06-2024
West Bengal,Paschim Medinipur,Keshpur,Sirsa,Gopinathpur,Karanpara,1342644,6404926,420068030,Deep Tubewell,Ground Water,KARANPARA,Gram Panchayet,2013-2014,0.75,0.75,01-Apr-13,14-Jan-14,03-06-2024
West Bengal,Paschim Medinipur,Keshpur,Sirsa,Bara Rajgram,Bararajagram,1342680,6404926,420068041,Deep Tubewell,Ground Water,BARARAJGRAM,Gram Panchayet,2013-2014,0.75,0.75,01-Apr-13,14-Jan-14,03-06-2024
West Bengal,Paschim Medinipur,Keshpur,Sirsa,Kharsu,Kharsu Roypara,1342675,6404926,420068016,Deep Tubewell,Ground Water,KHARSU ROY PARA,Gram Panchayet,2013-2014,0.75,0.75,01-Apr-13,14-Jan-14,03-06-2024
West Bengal,Paschim Medinipur,Keshpur,Sirsa,Khetua,Puilapara,1342686,6404926,420068006,Deep Tubewell,Ground Water,PUILAPARA,Gram Panchayet,2013-2014,0.75,0.75,01-Apr-13,14-Jan-14,03-06-2024
West Bengal,Paschim Medinipur,Keshpur,Sirsa,Basudeb Pur,Adibasi Para,1343555,6404926,420068040,Deep Tubewell,Ground Water,ADIBASIPARA,Gram Panchayet,2013-2014,0.75,0.75,01-Apr-13,14-Jan-14,03-06-2024
West Bengal,Paschim Medinipur,Keshpur,Teghori,Amla Bani,Tilachari,1343032,6405060,420068315,Deep Tubewell,Ground Water,TILACHARI,Gram Panchayet,2013-2014,0.8,0.8,12-Apr-13,21-Feb-14,03-06-2024
West Bengal,Paschim Medinipur,Keshpur,Teghori,Deulbar,Bapajhetachati,1343039,6405060,420068303,Deep Tubewell,Ground Water,BAPAJHETACHATI,Gram Panchayet,2013-2014,0.8,0.8,12-Apr-13,21-Feb-14,03-06-2024
West Bengal,Paschim Medinipur,Keshpur,Teghori,Bara Duary,Bara Duary,1766952,6405060,420068310,Deep Tubewell,Ground Water,BARA DUARY,Gram Panchayet,2013-2014,0.8,0.8,12-Apr-13,21-Feb-14,03-06-2024
West Bengal,Paschim Medinipur,Keshpur,Teghori,Kontai,Janapara,1343054,6405119,420068396,Deep Tubewell,Ground Water,JANAPARA,Gram Panchayet,2013-2014,0.8,0.8,12-May-13,25-Jan-14,03-06-2024
West Bengal,Paschim Medinipur,Keshpur,Teghori,Renuar,Maji Para,1343083,6405144,420068467,Deep Tubewell,Ground Water,MAJIPARA,Gram Panchayet,2013-2014,0.8,0.8,12-May-13,24-Jan-14,03-06-2024
West Bengal,Paschim Medinipur,Keshpur,Amanpur,Kedar Pur,Kedarpur,1342729,6405144,420068453,Deep Tubewell,Ground Water,KEDARPUR,Gram Panchayet,2013-2014,0.8,0.8,12-May-13,24-Jan-14,03-06-2024
West Bengal,Paschim Medinipur,Keshpur,Teghori,Raghunath Chak,Raghunathchak,1343524,6405144,420068470,Deep Tubewell,Ground Water,RAGHUNATHCHAK,Gram Panchayet,2013-2014,0.8,0.8,12-May-13,24-Jan-14,03-06-2024
West Bengal,Paschim Medinipur,Keshpur,Anandapur,Anandapur,Sk. Para,1343214,6405922,420069572,Deep Tubewell,Ground Water,SK.PARA,Gram Panchayet,2013-2014,0.84,0.84,12-Apr-13,15-Jan-14,03-06-2024
West Bengal,Paschim Medinipur,Keshpur,Sirsa,Maharajpur,Nayekpara,1342639,6405937,420069579,Deep Tubewell,Ground Water,NAYEKPARA,Gram Panchayet,2013-2014,0.75,0.75,21-Apr-13,15-Jan-14,03-06-2024
West Bengal,Paschim Medinipur,Keshpur,Mugbasan,Shasa Bani,Ranipukur,1342878,6405937,420069585,Deep Tubewell,Ground Water,RANIPUKUR,Gram Panchayet,2013-2014,0.75,0.75,21-Apr-13,15-Jan-14,03-06-2024
West Bengal,Paschim Medinipur,Keshpur,Sarishakhola,Haratala,Haratola,1343453,6434985,420074979,Deep Tubewell,Ground Water,HARATOLA,HARATOLA,2013-2014,0.82,0.82,01-Jun-13,03-Aug-13,03-06-2024
West Bengal,Paschim Medinipur,Keshpur,Sarishakhola,Pitambar Chak,Pitambarchak Pirpukurpara,1343493,6435024,420074983,Deep Tubewell,Ground Water,PITAMBARCHAK PIRPUKURPARA,PITAMBARCHAK PIRPUKURPARA,2013-2014,0.85,0.85,11-Aug-13,03-Nov-13,03-06-2024
West Bengal,Paschim Medinipur,Keshpur,Sarishakhola,Tukunia Kundu,Tukuriakundu,1343417,6435102,420074990,Deep Tubewell,Ground Water,TUKURIAKUNDU,TUKURIAKUNDU,2013-2014,0.85,0.85,01-Jul-13,30-Sep-13,03-06-2024
West Bengal,Paschim Medinipur,Keshpur,Sarishakhola,Sarisha Khola,Haidu Para,1343476,6437345,420248797,Deep Tubewell,Ground Water,Sarishkhola High School,Construction of Rig Bored tube well Spot Sources fitted with India Mark II hand pump in different Blocks of Paschim Medinipur District 490 No TWs,2013-2014,392,450.81,01-Mar-13,03-May-23,03-06-2024
West Bengal,Paschim Medinipur,Keshpur,Dhalhara,Kaji Chak,Kaji Chak,1766763,6437345,420248799,Deep Tubewell,Ground Water,Kajichak,Construction of Rig Bored tube well Spot Sources fitted with India Mark II hand pump in different Blocks of Paschim Medinipur District 490 No TWs,2013-2014,392,450.81,01-Mar-13,03-May-23,03-06-2024
West Bengal,Paschim Medinipur,Keshpur,Teghori,Mohanpur,Dharapara,1343016,6437345,420248819,Deep Tubewell,Ground Water,Mohanpur Pry. School,Construction of Rig Bored tube well Spot Sources fitted with India Mark II hand pump in different Blocks of Paschim Medinipur District 490 No TWs,2013-2014,392,450.81,01-Mar-13,03-May-23,03-06-2024
West Bengal,Paschim Medinipur,Keshpur,Anandapur,Anandapur,Chatterjee Para,1343189,6437345,420248825,Deep Tubewell,Ground Water,Anandapur High School,Construction of Rig Bored tube well Spot Sources fitted with India Mark II hand pump in different Blocks of Paschim Medinipur District 490 No TWs,2013-2014,392,450.81,01-Mar-13,03-May-23,03-06-2024
West Bengal,Paschim Medinipur,Keshpur,Amrakuchi,Amrakuchi,Amrakuchi Baipara,1343150,6437345,420248790,Deep Tubewell,Ground Water,Kundar Gram,Construction of Rig Bored tube well Spot Sources fitted with India Mark II hand pump in different Blocks of Paschim Medinipur District 490 No TWs,2013-2014,392,450.81,01-Mar-13,03-May-23,03-06-2024
West Bengal,Paschim Medinipur,Keshpur,Amrakuchi,Mukti Chak,Amulia,1343161,6437345,420248791,Deep Tubewell,Ground Water,Muktichak SSK,Construction of Rig Bored tube well Spot Sources fitted with India Mark II hand pump in different Blocks of Paschim Medinipur District 490 No TWs,2013-2014,392,450.81,01-Mar-13,03-May-23,03-06-2024
West Bengal,Paschim Medinipur,Keshpur,Jhentla,Jamira,Jana Para,1343677,6437615,420081371,Deep Tubewell,Ground Water,Jana Para,Spot Sources for the mouzas colonized by Lodha Tribe [350 Nos. T/W],2013-2014,274.93,60,01-Mar-13,12-Sep-16,03-06-2024
West Bengal,Paschim Medinipur,Keshpur,Teghori,Kali Nagar,Kalinagar,1343025,6437776,420233307,Deep Tubewell,Ground Water,Kalinagar,Construction of Rig Bored tube well Spot Sources fitted with India Mark  II hand pump in different Blocks of Paschim Medinipur District 600 No TWs,2013-2014,480,436.36,01-Apr-13,03-May-23,03-06-2024
West Bengal,Paschim Medinipur,Keshpur,Teghori,Kharpuri,Khapari Madhapara,1343029,6437776,420233309,Deep Tubewell,Ground Water,Baburdihi Panchupara,Construction of Rig Bored tube well Spot Sources fitted with India Mark  II hand pump in different Blocks of Paschim Medinipur District 600 No TWs,2013-2014,480,436.36,01-Apr-13,03-May-23,03-06-2024
West Bengal,Paschim Medinipur,Keshpur,Anandapur,Singpur,Singpur -jana Para,1343227,6437776,420233305,Deep Tubewell,Ground Water,Singhpur,Construction of Rig Bored tube well Spot Sources fitted with India Mark  II hand pump in different Blocks of Paschim Medinipur District 600 No TWs,2013-2014,480,436.36,01-Apr-13,03-May-23,03-06-2024
West Bengal,Paschim Medinipur,Keshpur,Amanpur,Tukura Pat,Turiapat,1342727,6579073,420085971,Deep Tubewell,Ground Water,Nokul Kolya,Gram Panchayat Office,2014-2015,0.82,0,12-Mar-14,28-Mar-14,03-06-2024
West Bengal,Paschim Medinipur,Keshpur,Sirsa,Garur Bag,Gatibarh,1342827,6579276,420085978,Deep Tubewell,Ground Water,Dilip Samanta,Gram Panchayat Office,2014-2015,0.8,0,02-Mar-14,02-Apr-14,03-06-2024
West Bengal,Paschim Medinipur,Keshpur,Sirsa,Kalgerya,Mayrapara,1342654,6579276,420085984,Deep Tubewell,Ground Water,"S,S,K,",Gram Panchayat Office,2014-2015,0.8,0,02-Mar-14,02-Apr-14,03-06-2024
West Bengal,Paschim Medinipur,Keshpur,Sirsa,Kalgerya,Kalgeria,1342653,6579276,420085983,Deep Tubewell,Ground Water,Mantu Pakhor,Gram Panchayat Office,2014-2015,0.8,0,02-Mar-14,02-Apr-14,03-06-2024
West Bengal,Paschim Medinipur,Keshpur,Sirsa,Maharajpur,Maharajpur,1342636,6579276,420085986,Deep Tubewell,Ground Water,Primary School,Gram Panchayat Office,2014-2015,0.8,0,02-Mar-14,02-Apr-14,03-06-2024
West Bengal,Paschim Medinipur,Keshpur,Enayetpur,Kapash Tikri,Kapastikri Daspara,1343772,6579276,420085992,Deep Tubewell,Ground Water,Swapan Hemrom,Gram Panchayat Office,2014-2015,0.8,0,02-Mar-14,02-Apr-14,03-06-2024
West Bengal,Paschim Medinipur,Keshpur,Enayetpur,Kapash Tikri,Letarpara,1343774,6579276,420085987,Deep Tubewell,Ground Water,Nouka Ghat,Gram Panchayat Office,2014-2015,0.8,0,02-Mar-14,02-Apr-14,03-06-2024
West Bengal,Paschim Medinipur,Keshpur,Enayetpur,Kapash Tikri,Letarpara,1343774,6579276,420085989,Deep Tubewell,Ground Water,Rabi Layek,Gram Panchayat Office,2014-2015,0.8,0,02-Mar-14,02-Apr-14,03-06-2024
West Bengal,Paschim Medinipur,Keshpur,Amanpur,Jadubar,Jadubarh Malderpara,1342724,6579436,420086015,Deep Tubewell,Ground Water,Primary School,Gram Panchayat Office,2014-2015,0.78,0,10-Mar-14,18-Mar-14,03-06-2024
West Bengal,Paschim Medinipur,Keshpur,Amanpur,Jadubar,Jadubarh Malderpara,1342724,6579436,420086016,Deep Tubewell,Ground Water,Lakhi Haldar,Gram Panchayat Office,2014-2015,0.78,0,10-Mar-14,18-Mar-14,03-06-2024
West Bengal,Paschim Medinipur,Keshpur,Amanpur,Kota,Patrapara,1342781,6579436,420086025,Deep Tubewell,Ground Water,Rabindra Patra,Gram Panchayat Office,2014-2015,0.78,0,10-Mar-14,18-Mar-14,03-06-2024
West Bengal,Paschim Medinipur,Keshpur,Amanpur,Lakhapat,Lakhapat,1342733,6588845,420086563,Deep Tubewell,Ground Water,S.S.K.,Gram Panchayet,2014-2015,0.8,0,02-Mar-14,18-Mar-14,03-06-2024
West Bengal,Paschim Medinipur,Keshpur,Amanpur,Lakhapat,Lakhapat,1342733,6588845,420086564,Deep Tubewell,Ground Water,Namita Babu,Gram Panchayet,2014-2015,0.8,0,02-Mar-14,18-Mar-14,03-06-2024
West Bengal,Paschim Medinipur,Keshpur,Amanpur,Nata Gerya,Patageria Bagpara,1342785,6588845,420086549,Deep Tubewell,Ground Water,Primary School,Gram Panchayet,2014-2015,0.8,0,02-Mar-14,18-Mar-14,03-06-2024
West Bengal,Paschim Medinipur,Keshpur,Amanpur,Nata Gerya,Patageria Bagpara,1342785,6588845,420086552,Deep Tubewell,Ground Water,Sahadeb Ghosh,Gram Panchayet,2014-2015,0.8,0,02-Mar-14,18-Mar-14,03-06-2024
West Bengal,Paschim Medinipur,Keshpur,Amanpur,Teghara,Teghara Mandalpara,1342720,6588845,420086555,Deep Tubewell,Ground Water,Teghara S.S.K.,Gram Panchayet,2014-2015,0.8,0,02-Mar-14,18-Mar-14,03-06-2024
West Bengal,Paschim Medinipur,Keshpur,Jhentla,Shata Chak,Das Para,1343683,6673136,420090917,Deep Tubewell,Ground Water,Narayan Das,Gram Panchayat,2014-2015,0.8,0,12-Mar-14,28-Mar-14,03-06-2024
West Bengal,Paschim Medinipur,Keshpur,Jhentla,Taruk Gerya,Turnkgeria,1343726,6673136,420090905,Deep Tubewell,Ground Water,Thakur Bari,Gram Panchayat,2014-2015,0.8,0,12-Mar-14,28-Mar-14,03-06-2024
West Bengal,Paschim Medinipur,Keshpur,Jhentla,Taruk Gerya,Turnkgeria,1343726,6673136,420090906,Deep Tubewell,Ground Water,Primary School,Gram Panchayat,2014-2015,0.8,0,12-Mar-14,28-Mar-14,03-06-2024
West Bengal,Paschim Medinipur,Keshpur,Amrakuchi,Gangashini,Gangasine - Chilmara,1343112,6673373,420090949,Deep Tubewell,Ground Water,Dhananjai Jal,Gram Panchayat,2014-2015,0.8,0,15-Mar-14,05-Apr-14,03-06-2024
West Bengal,Paschim Medinipur,Keshpur,Amrakuchi,Amrakuchi,Puila Para,1343157,6673433,420091034,Deep Tubewell,Ground Water,Panchanan Puila,Gram Panchayat,2014-2015,0.8,0,15-Mar-14,05-Apr-14,03-06-2024
West Bengal,Paschim Medinipur,Keshpur,Amrakuchi,Kharika,Panchamichak,1343149,6677000,420091216,Deep Tubewell,Ground Water,Panchami Bazar,GRAM PANCHAYAT,2014-2015,0.82,0.82,02-Apr-14,28-Apr-14,03-06-2024
West Bengal,Paschim Medinipur,Keshpur,Enayetpur,Enayat Pur,Mirjapara,1343769,6677000,420091206,Deep Tubewell,Ground Water,Garighat Nandibandh,GRAM PANCHAYAT,2014-2015,0.82,0.82,02-Apr-14,28-Apr-14,03-06-2024
West Bengal,Paschim Medinipur,Keshpur,Anandapur,Singpur,Bamuli Para,1343228,6401296,420063220,Deep Tubewell,Ground Water,BAMULIPARA,Gram Panchayet,2013-2014,0.8,0.8,25-Apr-13,12-Dec-14,03-06-2024
West Bengal,Paschim Medinipur,Keshpur,Dhalhara,Birambar Paikan,Paschimpara,1343614,6401296,420063211,Deep Tubewell,Ground Water,PASCHIMPARA,Gram Panchayet,2013-2014,0.8,0.8,25-Apr-13,12-Dec-14,03-06-2024
West Bengal,Paschim Medinipur,Keshpur,Dhalhara,Doge Chhya,Dakshin Para,1343531,6401959,420063996,Deep Tubewell,Ground Water,DAKSHINPARA,GRAM PANCHAYAT,2013-2014,0.8,0.8,12-Apr-13,25-Dec-14,03-06-2024
West Bengal,Paschim Medinipur,Keshpur,Dhalhara,Gun Hara,Purbapara,1343605,6401959,420063993,Deep Tubewell,Ground Water,PURBA PARA,GRAM PANCHAYAT,2013-2014,0.8,0.8,12-Apr-13,25-Dec-14,03-06-2024
West Bengal,Paschim Medinipur,Keshpur,Dhalhara,Dhalhara,Pabnja Karanpara,1342969,6401959,420063963,Deep Tubewell,Ground Water,PABNJA KARANPARA,GRAM PANCHAYAT,2013-2014,0.8,0.8,12-Apr-13,25-Dec-14,03-06-2024
West Bengal,Paschim Medinipur,Keshpur,Dhalhara,Purbba Chakla,Purbachakla,1343552,6401959,420063962,Deep Tubewell,Ground Water,PURBACHAKLA,GRAM PANCHAYAT,2013-2014,0.8,0.8,12-Apr-13,25-Dec-14,03-06-2024
West Bengal,Paschim Medinipur,Keshpur,Dhalhara,Salanga,Kaji Para,1343580,6401959,420063957,Deep Tubewell,Ground Water,MONDAL PARA,GRAM PANCHAYAT,2013-2014,0.8,0.8,12-Apr-13,25-Dec-14,03-06-2024
West Bengal,Paschim Medinipur,Keshpur,Dhalhara,Kashta Khamar,Mana Para,1343568,6401959,420063984,Deep Tubewell,Ground Water,MANA PARA,GRAM PANCHAYAT,2013-2014,0.8,0.8,12-Apr-13,25-Dec-14,03-06-2024
West Bengal,Paschim Medinipur,Keshpur,Dhalhara,Uttar Parshura,Roy Para,1343571,6401959,420063952,Deep Tubewell,Ground Water,ROY PARA,GRAM PANCHAYAT,2013-2014,0.8,0.8,12-Apr-13,25-Dec-14,03-06-2024
West Bengal,Paschim Medinipur,Keshpur,Dhalhara,Krishnapat,Krishnapat Karak Para,1343541,6401959,420063975,Deep Tubewell,Ground Water,KARAKPARA,GRAM PANCHAYAT,2013-2014,0.8,0.8,12-Apr-13,25-Dec-14,03-06-2024
West Bengal,Paschim Medinipur,Keshpur,Enayetpur,Bishwanath Pur,Tudupara,1343824,6402018,420064198,Deep Tubewell,Ground Water,TUDUPARA,Gram Panchayat,2013-2014,0.75,0.75,21-Apr-13,15-Dec-14,03-06-2024
West Bengal,Paschim Medinipur,Keshpur,Enayetpur,Biripota,Maitypara,1343809,6402018,420064201,Deep Tubewell,Ground Water,MAITYPARA,Gram Panchayat,2013-2014,0.75,0.75,21-Apr-13,15-Dec-14,03-06-2024
West Bengal,Paschim Medinipur,Keshpur,Enayetpur,Biripota,Majipara,1343811,6402018,420064200,Deep Tubewell,Ground Water,MAJIPARA,Gram Panchayat,2013-2014,0.75,0.75,21-Apr-13,15-Dec-14,03-06-2024
West Bengal,Paschim Medinipur,Keshpur,Enayetpur,Brahman Gerya,Berapara,1343794,6402018,420064195,Deep Tubewell,Ground Water,BERA PARA,Gram Panchayat,2013-2014,0.75,0.75,21-Apr-13,15-Dec-14,03-06-2024
West Bengal,Paschim Medinipur,Keshpur,Enayetpur,Maisha,Patarpara,1343806,6402018,420064161,Deep Tubewell,Ground Water,PATARPARA,Gram Panchayat,2013-2014,0.75,0.75,21-Apr-13,15-Dec-14,03-06-2024
West Bengal,Paschim Medinipur,Keshpur,Enayetpur,Pindra Gerya,Pindrajera,1766853,6402061,420064293,Deep Tubewell,Ground Water,PINDRAJERA,Gram Panchayat,2013-2014,0.8,0.8,12-Apr-13,25-Dec-14,03-06-2024
West Bengal,Paschim Medinipur,Keshpur,Enayetpur,Rasunchak,Janapara,1343449,6402061,420064289,Deep Tubewell,Ground Water,JANA PARA,Gram Panchayat,2013-2014,0.8,0.8,12-Apr-13,25-Dec-14,03-06-2024
West Bengal,Paschim Medinipur,Keshpur,Golarh,Kush Tikri,Sitalamandirpara,1342790,6402061,420064254,Deep Tubewell,Ground Water,ADIBASIPARA,Gram Panchayat,2013-2014,0.8,0.8,12-Apr-13,25-Dec-14,03-06-2024
West Bengal,Paschim Medinipur,Keshpur,Golarh,Chenchura,Uttarpara,1342814,6402061,420064274,Deep Tubewell,Ground Water,UTTARPARA,Gram Panchayat,2013-2014,0.8,0.8,12-Apr-13,25-Dec-14,03-06-2024
West Bengal,Paschim Medinipur,Keshpur,Golarh,Markha,Dakshinpara,1342811,6402061,420064244,Deep Tubewell,Ground Water,DAKSHINPARA,Gram Panchayat,2013-2014,0.8,0.8,12-Apr-13,25-Dec-14,03-06-2024
West Bengal,Paschim Medinipur,Keshpur,Golarh,Amurya,Amurya,1766771,6402061,420064284,Deep Tubewell,Ground Water,AMURYA,Gram Panchayat,2013-2014,0.8,0.8,12-Apr-13,25-Dec-14,03-06-2024
West Bengal,Paschim Medinipur,Keshpur,Enayetpur,Raipukuria Gholai,Raipakuria Samantapara,1343812,6402061,420064290,Deep Tubewell,Ground Water,RAIPUKURIA SAMANTA PARA,Gram Panchayat,2013-2014,0.8,0.8,12-Apr-13,25-Dec-14,03-06-2024
West Bengal,Paschim Medinipur,Keshpur,Golarh,Uttar Khamar,Uttar Khamar,1766777,6402324,420064495,Deep Tubewell,Ground Water,UTTAR KHAMAR,GRAM PANCHAYAT,2013-2014,0.75,0.75,12-Apr-13,25-Dec-13,03-06-2024
West Bengal,Paschim Medinipur,Keshpur,Golarh,Sirajpur,Sirajpur - Choudhuri Para,1342799,6402324,420064502,Deep Tubewell,Ground Water,CHOUDHURIPARA,GRAM PANCHAYAT,2013-2014,0.75,0.75,12-Apr-13,25-Dec-13,03-06-2024
West Bengal,Paschim Medinipur,Keshpur,Golarh,Tal Kunai,Dalbera Para,1342795,6402324,420064500,Deep Tubewell,Ground Water,DALBERA PARA,GRAM PANCHAYAT,2013-2014,0.75,0.75,12-Apr-13,25-Dec-13,03-06-2024
West Bengal,Paschim Medinipur,Keshpur,Golarh,Nara Gerya,Narageria - Uttarpara,1342808,6402324,420064512,Deep Tubewell,Ground Water,UTTARPARA,GRAM PANCHAYAT,2013-2014,0.75,0.75,12-Apr-13,25-Dec-13,03-06-2024
West Bengal,Paschim Medinipur,Keshpur,Golarh,Ranbaj,Ranraj - Dolai Pukurpara,1342802,6402324,420064508,Deep Tubewell,Ground Water,DOLAIPARA,GRAM PANCHAYAT,2013-2014,0.75,0.75,12-Apr-13,25-Dec-13,03-06-2024
West Bengal,Paschim Medinipur,Keshpur,Jagannathpur,Agar,Mandirpara,1342964,6402324,420064493,Deep Tubewell,Ground Water,MANDIRPARA,GRAM PANCHAYAT,2013-2014,0.75,0.75,12-Apr-13,25-Dec-13,03-06-2024
West Bengal,Paschim Medinipur,Keshpur,Jagannathpur,Durya Radhaballabhpur,Khunpara,1343000,6402373,420064564,Deep Tubewell,Ground Water,KHUNPARA,GRAM PANCHAYAT,2013-2014,0.75,0.75,12-Apr-13,26-Feb-14,03-06-2024
West Bengal,Paschim Medinipur,Keshpur,Jagannathpur,Kamar Bandi,Kamarbandi,1343010,6402373,420064553,Deep Tubewell,Ground Water,KAMARBANDI,GRAM PANCHAYAT,2013-2014,0.75,0.75,12-Apr-13,26-Feb-14,03-06-2024
West Bengal,Paschim Medinipur,Keshpur,Jagannathpur,Dhamsai,Haripara,1342977,6402373,420064568,Deep Tubewell,Ground Water,HARIPARA,GRAM PANCHAYAT,2013-2014,0.75,0.75,12-Apr-13,26-Feb-14,03-06-2024
West Bengal,Paschim Medinipur,Keshpur,Jagannathpur,Nimkol,Nimkol,1766780,6402410,420064648,Deep Tubewell,Ground Water,NIMKOL,GRAM PANCHAYAT,2013-2014,0.75,0.75,10-Apr-13,13-Feb-14,03-06-2024
West Bengal,Paschim Medinipur,Keshpur,Jagannathpur,Pidra Sol,Pindrasole,1342998,6402410,420064645,Deep Tubewell,Ground Water,PINDRASOLE,GRAM PANCHAYAT,2013-2014,0.75,0.75,10-Apr-13,13-Feb-14,03-06-2024
West Bengal,Paschim Medinipur,Keshpur,Jagannathpur,Tatarpur,Takurpukur,1342993,6402410,420064635,Deep Tubewell,Ground Water,TAKURPUKUR,GRAM PANCHAYAT,2013-2014,0.75,0.75,10-Apr-13,13-Feb-14,03-06-2024
West Bengal,Paschim Medinipur,Keshpur,Jhentla,Akurya,Ankura - Mallickpara,1343633,6402410,420064632,Deep Tubewell,Ground Water,MALLICKPARA,GRAM PANCHAYAT,2013-2014,0.75,0.75,10-Apr-13,13-Feb-14,03-06-2024
West Bengal,Paschim Medinipur,Keshpur,Jhentla,Alsa Gerya,Alsageria,1343642,6402410,420064630,Deep Tubewell,Ground Water,ALSAGERIA,GRAM PANCHAYAT,2013-2014,0.75,0.75,10-Apr-13,13-Feb-14,03-06-2024
West Bengal,Paschim Medinipur,Keshpur,Jhentla,Banshi Bani,Purba Para,1343713,6402500,420064723,Deep Tubewell,Ground Water,PURBA PARA,GRAM PANCHAYAT,2013-2014,0.75,0.75,12-Apr-13,25-Feb-14,03-06-2024
West Bengal,Paschim Medinipur,Keshpur,Jhentla,Chand Bar,Dolai Para,1343596,6402500,420064715,Deep Tubewell,Ground Water,DOLAIPARA,GRAM PANCHAYAT,2013-2014,0.75,0.75,12-Apr-13,25-Feb-14,03-06-2024
West Bengal,Paschim Medinipur,Keshpur,Jhentla,Daulat Chak,Daulat Chak,1343704,6402806,420065016,Deep Tubewell,Ground Water,DAULATH CHAK,Gram Panchayat,2013-2014,0.75,0.75,12-Apr-13,25-Feb-14,03-06-2024
West Bengal,Paschim Medinipur,Keshpur,Jhentla,Gamar Gerya,Gamar Gerya,1766819,6402806,420065013,Deep Tubewell,Ground Water,GAMARGERYA,Gram Panchayat,2013-2014,0.75,0.75,12-Apr-13,25-Feb-14,03-06-2024
West Bengal,Paschim Medinipur,Keshpur,Jhentla,Gotgerya,Baprapara,1343419,6402806,420065011,Deep Tubewell,Ground Water,BAPRAPARA,Gram Panchayat,2013-2014,0.75,0.75,12-Apr-13,25-Feb-14,03-06-2024
West Bengal,Paschim Medinipur,Keshpur,Jhentla,Gotgerya,Prafullabaprapara,1343421,6402806,420065007,Deep Tubewell,Ground Water,PRAFULLABAPRAPARA,Gram Panchayat,2013-2014,0.75,0.75,12-Apr-13,25-Feb-14,03-06-2024
West Bengal,Paschim Medinipur,Keshpur,Jhentla,Jokha Gerya,Jhakageria,1343632,6402914,420065085,Deep Tubewell,Ground Water,JHAKAGERIA,Gram Panchayat,2013-2014,0.75,0.75,06-Apr-13,12-Feb-14,03-06-2024
West Bengal,Paschim Medinipur,Keshpur,Jhentla,Kia Gerya,Kaigeria,1343700,6403031,420065226,Deep Tubewell,Ground Water,KAIGERIA,GRAM PANCHAYAT,2013-2014,0.75,0.75,12-Apr-13,25-Jan-14,03-06-2024
West Bengal,Paschim Medinipur,Keshpur,Jhentla,Maisha,Palmal Para,1343649,6403031,420065231,Deep Tubewell,Ground Water,PALMALPARA,GRAM PANCHAYAT,2013-2014,0.75,0.75,12-Apr-13,25-Jan-14,03-06-2024
West Bengal,Paschim Medinipur,Keshpur,Jhentla,Nijmanta,Mondalpara,1343661,6403117,420065424,Deep Tubewell,Ground Water,MONDALPARA,GRAM PANCHAYAT,2013-2014,0.75,0.75,12-Apr-13,25-Jan-14,03-06-2024
West Bengal,Paschim Medinipur,Keshpur,Jhentla,Naldiha,Naldihi - Baram Para,1343719,6403117,420065426,Deep Tubewell,Ground Water,BARAMPARA,GRAM PANCHAYAT,2013-2014,0.75,0.75,12-Apr-13,25-Jan-14,03-06-2024
West Bengal,Paschim Medinipur,Keshpur,Jhentla,Padima,Mondalpara,1343685,6403117,420065421,Deep Tubewell,Ground Water,MONDAL PARA,GRAM PANCHAYAT,2013-2014,0.75,0.75,12-Apr-13,25-Jan-14,03-06-2024
West Bengal,Paschim Medinipur,Keshpur,Jorakeudi Solidiha,Chandmura,Chandmura,1342568,6403207,420065603,Deep Tubewell,Ground Water,CHANDMURA,Gram Panchayat,2013-2014,0.75,0.75,25-May-13,12-Dec-13,03-06-2024
West Bengal,Paschim Medinipur,Keshpur,Jorakeudi Solidiha,Kusumdahari,Kusumdahari,1342574,6403430,420065826,Deep Tubewell,Ground Water,KUSUMDHARI,GRAM PANCHAYAT,2013-2014,0.82,0.82,12-May-13,14-Dec-13,03-06-2024
West Bengal,Paschim Medinipur,Keshpur,Jorakeudi Solidiha,Sakhisol,Ghoshpara,1342570,6403969,420066502,Deep Tubewell,Ground Water,GHOSHPARA,Gram Panchayet,2013-2014,0.72,0.72,15-Apr-13,21-Sep-14,03-06-2024
West Bengal,Paschim Medinipur,Keshpur,Jorakeudi Solidiha,Urami,Urami Road,1342573,6404131,420066864,Deep Tubewell,Ground Water,URAMI ROAD,Gram Panchayat,2013-2014,0.84,0.84,23-May-13,12-Dec-13,03-06-2024
West Bengal,Paschim Medinipur,Keshpur,Jorakeudi Solidiha,Chanda Bila,Chandabila Ghoshpara,1342631,6437775,420251872,Deep Tubewell,Ground Water,Dantalai Chandabila Pry. School,Construction of Rig Bored T/W (Spot Sources) fitted with India Mark - II hand pump at different Sourceless Primary & Upper Primary Schools. [265 Nos. RBTW],2013-2014,212,212.01198,01-Mar-13,04-May-17,03-06-2024
West Bengal,Paschim Medinipur,Keshpur,Jorakeudi Solidiha,Jorakeundi,Mahatapara,1342582,7295064,420210221,Deep Tubewell,Ground Water,KUSUMDAHARI JR. HIGH UPRY.,Sinking of 85 eighty five Nos India  Mark II tubewell at Sourceless Schools  under Paschim Medinipur District,2015-2016,184.99,80,26-Aug-15,28-Jul-17,03-06-2024
West Bengal,Paschim Medinipur,Keshpur,Jorakeudi Solidiha,Jorakeundi,Jarakudi Upajatipara,1342581,7721508,420252308,Deep Tubewell,Ground Water,Primary School,Construction of 150 nos  Rig Bored  Tube Well fitted with India Mark II  hand pump in different blocks of  Paschim Medinipur District(TSM/003379   SM/05513),2017-2018,156.75,137.5,19-Jan-17,03-May-23,03-06-2024
West Bengal,Paschim Medinipur,Keshpur,Golarh,Sekati,Sekati,1342791,6677187,420091247,Deep Tubewell,Ground Water,Sekati Primary School,Gram Panchayat,2014-2015,0.82,0.82,12-Apr-14,28-Apr-14,03-06-2024
West Bengal,Paschim Medinipur,Keshpur,Golarh,Sirajpur,Sirajpur - Choudhuri Para,1342799,6677187,420091245,Deep Tubewell,Ground Water,Sanatan Choudhury,Gram Panchayat,2014-2015,0.82,0.82,12-Apr-14,28-Apr-14,03-06-2024
West Bengal,Paschim Medinipur,Keshpur,Amanpur,Eluni,Eloni Mondalpara,1342776,6677196,420091255,Deep Tubewell,Ground Water,Arun Mandal,Gram Panchayat,2014-2015,0.82,0.82,12-Apr-14,30-Apr-14,03-06-2024
West Bengal,Paschim Medinipur,Keshpur,Sarishakhola,Sinnibar,Sinnibarh Bandhpara,1343498,6677199,420091269,Deep Tubewell,Ground Water,Jefertea Shop,Gram Panchayat,2014-2015,0.82,0.82,12-Apr-14,28-Apr-14,03-06-2024
West Bengal,Paschim Medinipur,Keshpur,Sarishakhola,Pitambar Chak,Pitambarchak Pirpukurpara,1343493,6677199,420091261,Deep Tubewell,Ground Water,Sk Abubakkar,Gram Panchayat,2014-2015,0.82,0.82,12-Apr-14,28-Apr-14,03-06-2024
West Bengal,Paschim Medinipur,Keshpur,Sarishakhola,Akna,Mahinpara,1343455,6677199,420091266,Deep Tubewell,Ground Water,Asit Mahis,Gram Panchayat,2014-2015,0.82,0.82,12-Apr-14,28-Apr-14,03-06-2024
West Bengal,Paschim Medinipur,Keshpur,Sarishakhola,Ghoshpur,Bharat Baj Para,1343463,6677199,420091263,Deep Tubewell,Ground Water,Tabageria,Gram Panchayat,2014-2015,0.82,0.82,12-Apr-14,28-Apr-14,03-06-2024
West Bengal,Paschim Medinipur,Keshpur,Sirsa,Memua,Memua,1342673,6677424,420091430,Deep Tubewell,Ground Water,Anand Foujdar,GRAM PANCHAYAT,2014-2015,0.84,0.84,01-Apr-14,28-Apr-14,03-06-2024
West Bengal,Paschim Medinipur,Keshpur,Enayetpur,Paharchak,Paharchak Adibasipara,1343739,6687083,420093701,Deep Tubewell,Ground Water,Bankim Hemrom,Gram Panchayat,2014-2015,0.82,0.82,02-Apr-14,30-Apr-14,03-06-2024
West Bengal,Paschim Medinipur,Keshpur,Enayetpur,Nurketu,Nurketu Dolaipara,1343754,6687083,420093705,Deep Tubewell,Ground Water,Shakti Doloi,Gram Panchayat,2014-2015,0.82,0.82,02-Apr-14,30-Apr-14,03-06-2024
West Bengal,Paschim Medinipur,Keshpur,Enayetpur,Kaigerya,Kaigeria Maitipara,1343781,6687083,420093700,Deep Tubewell,Ground Water,Primary School,Gram Panchayat,2014-2015,0.82,0.82,02-Apr-14,30-Apr-14,03-06-2024
West Bengal,Paschim Medinipur,Keshpur,Enayetpur,Pakurya,Mannapara,1343821,6687083,420093699,Deep Tubewell,Ground Water,BAsanti Mandir,Gram Panchayat,2014-2015,0.82,0.82,02-Apr-14,30-Apr-14,03-06-2024
West Bengal,Paschim Medinipur,Keshpur,Amrakuchi,Chauki Ghata,Sorenpara,1343116,6687166,420093758,Deep Tubewell,Ground Water,Road Side I.C.D.S.,GRAM PANCHAYAT,2014-2015,0.8,0.8,12-Apr-14,12-Apr-17,03-06-2024
West Bengal,Paschim Medinipur,Keshpur,Amrakuchi,Amrakuchi,Dangapara,1343154,6687166,420093755,Deep Tubewell,Ground Water,Saidul Mallick,GRAM PANCHAYAT,2014-2015,0.8,0.8,12-Apr-14,12-Apr-17,03-06-2024
West Bengal,Paschim Medinipur,Keshpur,Anandapur,Anandapur,Purba Pali Samantapara,1343211,6687629,420093853,Deep Tubewell,Ground Water,Purbapally Primary School,Gram Panchayat,2014-2015,0.78,0.78,15-Apr-14,30-Apr-14,03-06-2024
West Bengal,Paschim Medinipur,Keshpur,Anandapur,Anandapur,Kundu Para,1343206,6687629,420093855,Deep Tubewell,Ground Water,Sandip Baddhan,Gram Panchayat,2014-2015,0.78,0.78,15-Apr-14,30-Apr-14,03-06-2024
West Bengal,Paschim Medinipur,Keshpur,Anandapur,Anandapur,Kundu Para,1343206,6687629,420093856,Deep Tubewell,Ground Water,Raman Kundu,Gram Panchayat,2014-2015,0.78,0.78,15-Apr-14,30-Apr-14,03-06-2024
West Bengal,Paschim Medinipur,Keshpur,Anandapur,Pachra,Ghosh Para,1343222,6687629,420093847,Deep Tubewell,Ground Water,Pachra Primary School,Gram Panchayat,2014-2015,0.78,0.78,15-Apr-14,30-Apr-14,03-06-2024
West Bengal,Paschim Medinipur,Keshpur,Keshpur,Keshpur,Paschimpara,1343270,6687663,420093888,Deep Tubewell,Ground Water,Primary School,Gram Panchayat,2014-2015,0.82,0.82,04-Apr-14,20-Apr-14,03-06-2024
West Bengal,Paschim Medinipur,Keshpur,Jorakeudi Solidiha,Sholdiha,Darapara,1342615,6690866,420094410,Deep Tubewell,Ground Water,Badal Doloi,Gram Panchayat,2014-2015,0.8,0.8,02-May-14,20-May-14,03-06-2024
West Bengal,Paschim Medinipur,Keshpur,Kalagram,Uchahar,Dolaipara,1343371,6692627,420094619,Deep Tubewell,Ground Water,I.C.D.S.,Gram Panchayat,2014-2015,0.8,0.8,10-May-14,25-May-14,03-06-2024
West Bengal,Paschim Medinipur,Keshpur,Kalagram,Basan Chak,Bag Para,1343404,6692627,420094614,Deep Tubewell,Ground Water,Kol Ghor,Gram Panchayat,2014-2015,0.8,0.8,10-May-14,25-May-14,03-06-2024
West Bengal,Paschim Medinipur,Keshpur,Kalagram,Gopinath Bati,Paschimpara,1343376,6692627,420094618,Deep Tubewell,Ground Water,Sk Aktar Ali,Gram Panchayat,2014-2015,0.8,0.8,10-May-14,25-May-14,03-06-2024
West Bengal,Paschim Medinipur,Keshpur,Jhentla,Kawa Gerya,Kawageria,1343690,6692627,420094607,Deep Tubewell,Ground Water,Primary School,Gram Panchayat,2014-2015,0.8,0.8,10-May-14,25-May-14,03-06-2024
West Bengal,Paschim Medinipur,Keshpur,Jhentla,Jhinuka,Jhinuka,1343624,6692627,420094605,Deep Tubewell,Ground Water,Goutam Dey,Gram Panchayat,2014-2015,0.8,0.8,10-May-14,25-May-14,03-06-2024
West Bengal,Paschim Medinipur,Keshpur,Jhentla,Manta,Manda,1343662,6692627,420094612,Deep Tubewell,Ground Water,R.I. Office,Gram Panchayat,2014-2015,0.8,0.8,10-May-14,25-May-14,03-06-2024
West Bengal,Paschim Medinipur,Keshpur,Jhentla,Manjuria,"Majuria - ,mallickpara",1343636,6692627,420094611,Deep Tubewell,Ground Water,Primary School,Gram Panchayat,2014-2015,0.8,0.8,10-May-14,25-May-14,03-06-2024
West Bengal,Paschim Medinipur,Keshpur,Kalagram,Thaur,Thaur,1766913,6692627,420094621,Deep Tubewell,Ground Water,Primary School,Gram Panchayat,2014-2015,0.8,0.8,10-May-14,25-May-14,03-06-2024
West Bengal,Paschim Medinipur,Keshpur,Dhalhara,Keottala,Keatola,1343607,6692853,420094707,Deep Tubewell,Ground Water,S.S.K.,Gram Panchayat,2014-2015,0.82,0.82,04-Apr-14,30-Apr-14,03-06-2024
West Bengal,Paschim Medinipur,Keshpur,Dhalhara,Madhyam Parshura,Beltular Chak,1343559,6692853,420094701,Deep Tubewell,Ground Water,Atabul  Babu,Gram Panchayat,2014-2015,0.82,0.82,04-Apr-14,30-Apr-14,03-06-2024
West Bengal,Paschim Medinipur,Keshpur,Dhalhara,Damodar Chak,Damodarchak Uttarpara,1343525,6692853,420094700,Deep Tubewell,Ground Water,Atabul Babu,Gram Panchayat,2014-2015,0.82,0.82,04-Apr-14,30-Apr-14,03-06-2024
West Bengal,Paschim Medinipur,Keshpur,Jagannathpur,Agar,Agar Aripara,1342963,6696808,420094878,Deep Tubewell,Ground Water,Shankar Chakroborty,Gram Panchayat,2014-2015,0.78,0.78,12-May-14,24-May-14,03-06-2024
West Bengal,Paschim Medinipur,Keshpur,Amanpur,Amanpur,Roypara,1342713,6721270,420095886,Deep Tubewell,Ground Water,Inside Roypara,Ground Water Supply Based Piped Water Supply Scheme for Dhamsai (SM/04812),2014-2015,263.03,206.03,14-Aug-14,31-Oct-17,03-06-2024
West Bengal,Paschim Medinipur,Keshpur,Enayetpur,Pindra Gerya,Pindrageria Talpukurpara,1343764,6819161,420104161,Deep Tubewell,Ground Water,Saidul Ali,Gram Panchayat,2014-2015,0.78,0.78,14-May-14,26-May-14,03-06-2024
West Bengal,Paschim Medinipur,Keshpur,Sarishakhola,Akna,Aknakaranpara,1343454,6823272,420106646,Deep Tubewell,Ground Water,Manas Mandal,Gram Panchayat,2014-2015,0.8,0.8,12-May-14,04-Apr-17,03-06-2024
West Bengal,Paschim Medinipur,Keshpur,Sarishakhola,Akna,Aknakaranpara,1343454,6823272,420106647,Deep Tubewell,Ground Water,Modon Para,Gram Panchayat,2014-2015,0.8,0.8,12-May-14,04-Apr-17,03-06-2024
West Bengal,Paschim Medinipur,Keshpur,Dhalhara,Gun Hara,Gunhara Madhyapara,1343604,6823295,420106675,Deep Tubewell,Ground Water,Martaj  Babu,Gram Panchayat,2014-2015,0.8,0.8,14-May-14,02-Jun-14,03-06-2024
West Bengal,Paschim Medinipur,Keshpur,Dhalhara,Beucha,Beucha,1343606,6823295,420106676,Deep Tubewell,Ground Water,Jitan Doloi,Gram Panchayat,2014-2015,0.8,0.8,14-May-14,02-Jun-14,03-06-2024
West Bengal,Paschim Medinipur,Keshpur,Anandapur,Ranpara,Kaji Para,1343249,6823295,420106669,Deep Tubewell,Ground Water,Mosjid,Gram Panchayat,2014-2015,0.8,0.8,14-May-14,02-Jun-14,03-06-2024
West Bengal,Paschim Medinipur,Keshpur,Anandapur,Nutan Bajar,Natunbazar - Kotalpara,1343254,6823347,420106711,Deep Tubewell,Ground Water,Kousik Das,Gram Panchayat,2014-2015,0.78,0.78,14-May-14,12-Apr-17,03-06-2024
West Bengal,Paschim Medinipur,Keshpur,Anandapur,Nutan Bajar,Torrapara,1343255,6823347,420106713,Deep Tubewell,Ground Water,Naba Das,Gram Panchayat,2014-2015,0.78,0.78,14-May-14,12-Apr-17,03-06-2024
West Bengal,Paschim Medinipur,Keshpur,Kalagram,Uchahar,Sekher Pukur,1343368,6823388,420106725,Deep Tubewell,Ground Water,High School,Gram Panchayat,2014-2015,0.78,0.78,07-May-14,25-May-14,03-06-2024
West Bengal,Paschim Medinipur,Keshpur,Kalagram,Uchahar,Sekher Pukur,1343368,6823388,420106726,Deep Tubewell,Ground Water,Primary School,Gram Panchayat,2014-2015,0.78,0.78,07-May-14,25-May-14,03-06-2024
West Bengal,Paschim Medinipur,Keshpur,Dhalhara,Gun Hara,Gunhara Madhyapara,1343604,6823410,420106759,Deep Tubewell,Ground Water,Iasin Ali,Gram Panchayat,2014-2015,0.8,0.8,20-Jun-14,10-Jul-14,03-06-2024
West Bengal,Paschim Medinipur,Keshpur,Amrakuchi,Charka,Khan Para,1343174,6823410,420106753,Deep Tubewell,Ground Water,Hamid Mandal,Gram Panchayat,2014-2015,0.8,0.8,20-Jun-14,10-Jul-14,03-06-2024
West Bengal,Paschim Medinipur,Keshpur,Anandapur,Bhagirath Bar,Ghoshpara,1343233,6845174,420118680,Deep Tubewell,Ground Water,Primary School,Gram Panchayat,2014-2015,0.84,0.84,14-May-14,12-Jun-14,03-06-2024
West Bengal,Paschim Medinipur,Keshpur,Anandapur,Bhagirath Bar,Irra Masjid Para,1343235,6845174,420118684,Deep Tubewell,Ground Water,Primary School,Gram Panchayat,2014-2015,0.84,0.84,14-May-14,12-Jun-14,03-06-2024
West Bengal,Paschim Medinipur,Keshpur,Jorakeudi Solidiha,Kakta Bahadur Nagar,Samantapara,1342605,6845174,420118666,Deep Tubewell,Ground Water,Gopal Samanta,Gram Panchayat,2014-2015,0.84,0.84,14-May-14,12-Jun-14,03-06-2024
West Bengal,Paschim Medinipur,Keshpur,Mugbasan,Khordda Radha Ballabhpur,Dolaipara,1342946,6845184,420118686,Deep Tubewell,Ground Water,Anil Doloi,Gram Panchayat,2014-2015,0.84,0.84,14-May-14,12-Jun-14,03-06-2024
West Bengal,Paschim Medinipur,Keshpur,Kalagram,Amlada,Mallickpara,1343393,6845184,420118711,Deep Tubewell,Ground Water,Sahakat Ali,Gram Panchayat,2014-2015,0.84,0.84,14-May-14,12-Jun-14,03-06-2024
West Bengal,Paschim Medinipur,Keshpur,Kalagram,Chhutar Gerya,Chhutar Gerya,1766912,6845184,420118706,Deep Tubewell,Ground Water,Aslem Mallick,Gram Panchayat,2014-2015,0.84,0.84,14-May-14,12-Jun-14,03-06-2024
West Bengal,Paschim Medinipur,Keshpur,Mugbasan,Harina,Harina,1766933,6845190,420118732,Deep Tubewell,Ground Water,Simanta Doloi,Gram Panchayat,2014-2015,0.82,0.82,15-Jun-14,12-Jul-14,03-06-2024
West Bengal,Paschim Medinipur,Keshpur,Teghori,Ganta,Ganta,1343033,6853701,420123539,Deep Tubewell,Ground Water,Anil Mudi,Gram Panchayat,2014-2015,0.8,0.8,02-Jun-14,28-Jun-14,03-06-2024
West Bengal,Paschim Medinipur,Keshpur,Amrakuchi,Kharika,Singpara,1343146,6857619,420125850,Deep Tubewell,Ground Water,Mohon Sing,Gram Panchayat,2014-2015,0.84,0.84,12-Jun-14,30-Jun-14,03-06-2024
West Bengal,Paschim Medinipur,Keshpur,Amrakuchi,Kharika,Panchamichak,1343149,6857619,420125846,Deep Tubewell,Ground Water,Panchami Chak,Gram Panchayat,2014-2015,0.84,0.84,12-Jun-14,30-Jun-14,03-06-2024
West Bengal,Paschim Medinipur,Keshpur,Amrakuchi,Amrakuchi,Amrakuchi Bazar,1343159,6857620,420125867,Deep Tubewell,Ground Water,Bazar,Gram Panchayat,2014-2015,0.84,0.84,12-Jun-14,11-Apr-17,03-06-2024
West Bengal,Paschim Medinipur,Keshpur,Amrakuchi,Amrakuchi,Amrakuchi Bazar,1343159,6857620,420125861,Deep Tubewell,Ground Water,Turka Mandal,Gram Panchayat,2014-2015,0.84,0.84,12-Jun-14,11-Apr-17,03-06-2024
West Bengal,Paschim Medinipur,Keshpur,Amrakuchi,Amrakuchi,Amrakuchi Bazar,1343159,6857620,420125864,Deep Tubewell,Ground Water,Laxmikanta Mal,Gram Panchayat,2014-2015,0.84,0.84,12-Jun-14,11-Apr-17,03-06-2024
West Bengal,Paschim Medinipur,Keshpur,Enayetpur,Mirpur,Mirpur Mallickpara,1343788,6858416,420126630,Deep Tubewell,Ground Water,Mirpur Shitala Mandir,Gram Panchayat,2014-2015,0.84,0.84,10-Jun-14,11-Apr-17,03-06-2024
West Bengal,Paschim Medinipur,Keshpur,Sirsa,Gopinathpur,Majipara,1342643,6858943,420127018,Deep Tubewell,Ground Water,Primary School,Gram Panchayat,2014-2015,0.84,0.84,06-Jul-14,25-Jul-14,03-06-2024
West Bengal,Paschim Medinipur,Keshpur,Jagannathpur,Kheruabali,Kheruabali Uttarpara,1342951,6858953,420127052,Deep Tubewell,Ground Water,Shibu Doloi,Gram Panchayat,2014-2015,0.8,0.8,06-Jul-14,28-Jul-14,03-06-2024
West Bengal,Paschim Medinipur,Keshpur,Jagannathpur,Birhimbar,Birhimbar Adakpara,1342956,6858953,420127050,Deep Tubewell,Ground Water,Kshudiram Doloi,Gram Panchayat,2014-2015,0.8,0.8,06-Jul-14,28-Jul-14,03-06-2024
West Bengal,Paschim Medinipur,Keshpur,Enayetpur,Ferura,Murmupara,1343855,6858962,420127064,Deep Tubewell,Ground Water,Hopon Hansda,Gram Panchayat,2014-2015,0.8,0.8,12-Jun-14,28-Jun-14,03-06-2024
West Bengal,Paschim Medinipur,Keshpur,Sirsa,Lalte Hari,Laltehari Singhpara,1342677,6859051,420127079,Deep Tubewell,Ground Water,Binaber I.C.D.S.,Gram Panchayat,2014-2015,0.8,0.8,02-Jul-14,30-Jul-14,03-06-2024
West Bengal,Paschim Medinipur,Keshpur,Sirsa,Lalte Hari,Laltehari Singhpara,1342677,6859051,420127083,Deep Tubewell,Ground Water,Ranjit Singha,Gram Panchayat,2014-2015,0.8,0.8,02-Jul-14,30-Jul-14,03-06-2024
West Bengal,Paschim Medinipur,Keshpur,Sirsa,Maharajpur,Maharajpur,1342636,6859051,420127090,Deep Tubewell,Ground Water,Junior High School East Side,Gram Panchayat,2014-2015,0.8,0.8,02-Jul-14,30-Jul-14,03-06-2024
West Bengal,Paschim Medinipur,Keshpur,Teghori,Kontai,Ghoshpara Paschim,1343046,6405119,420068398,Deep Tubewell,Ground Water,PASCHIMPARA,Gram Panchayet,2013-2014,0.8,0.8,12-May-13,25-Jan-14,03-06-2024
West Bengal,Paschim Medinipur,Keshpur,Dhalhara,Mukunda Pur,Uttarpara,1343602,6902682,420144478,Deep Tubewell,Ground Water,Kajal Ali,Gram Panchayat,2014-2015,0.84,0.84,12-Aug-14,28-Aug-14,03-06-2024
West Bengal,Paschim Medinipur,Keshpur,Sirsa,Golaugrasanda,Galaugrasanda,1342665,6903322,420145154,Deep Tubewell,Ground Water,Akul Sara,Gram Panchayat,2014-2015,0.8,0.8,12-Aug-14,30-Aug-14,03-06-2024
West Bengal,Paschim Medinipur,Keshpur,Amanpur,Eluni,Purba Para,1343307,6903356,420145204,Deep Tubewell,Ground Water,Eluni Primary School,Gram Panchayat,2014-2015,0.8,0.8,12-Aug-14,30-Aug-14,03-06-2024
West Bengal,Paschim Medinipur,Keshpur,Golarh,Gopi Bar,Gopi Bar,1766774,6929575,420173645,Deep Tubewell,Ground Water,Sk Rathjan Ali,Gram Panchayat,2014-2015,0.86,0.86,06-Oct-14,25-Dec-14,03-06-2024
West Bengal,Paschim Medinipur,Keshpur,Golarh,Golar,Hazra Para,1342844,6929575,420173650,Deep Tubewell,Ground Water,Sk Islam Ali,Gram Panchayat,2014-2015,0.86,0.86,06-Oct-14,25-Dec-14,03-06-2024
West Bengal,Paschim Medinipur,Keshpur,Golarh,Kanunya,Kanunya,1342830,6929575,420173635,Deep Tubewell,Ground Water,Primary School,Gram Panchayat,2014-2015,0.86,0.86,06-Oct-14,25-Dec-14,03-06-2024
West Bengal,Paschim Medinipur,Keshpur,Golarh,Rauta,Routa,1342835,6929575,420173634,Deep Tubewell,Ground Water,Ratan Doloi,Gram Panchayat,2014-2015,0.86,0.86,06-Oct-14,25-Dec-14,03-06-2024
West Bengal,Paschim Medinipur,Keshpur,Mugbasan,Mundalika,Roypara,1342923,6929645,420173688,Deep Tubewell,Ground Water,Monoranjan Roy,Gram Panchayat,2014-2015,0.86,0.86,12-Oct-14,25-Dec-14,03-06-2024
West Bengal,Paschim Medinipur,Keshpur,Enayetpur,Bishwanath Pur,Biswanathpur Hemrompara,1343823,6929645,420173701,Deep Tubewell,Ground Water,Jhoru Rana,Gram Panchayat,2014-2015,0.86,0.86,12-Oct-14,25-Dec-14,03-06-2024
West Bengal,Paschim Medinipur,Keshpur,Enayetpur,Bishwanath Pur,Mannapara,1343825,6929645,420173696,Deep Tubewell,Ground Water,Rampada Manna,Gram Panchayat,2014-2015,0.86,0.86,12-Oct-14,25-Dec-14,03-06-2024
West Bengal,Paschim Medinipur,Keshpur,Golarh,Konan,Madhyapara,1342804,6931185,420175167,Deep Tubewell,Ground Water,Badal Rana,Gram Panchayat,2014-2015,0.82,0.82,02-Nov-14,25-Dec-14,03-06-2024
West Bengal,Paschim Medinipur,Keshpur,Dhalhara,Salanga,Kaji Para,1343580,6935939,420199840,Deep Tubewell,Ground Water,242 No. Lakhmanchak AWC,Construction of 262 Nos Rig Bored Tubewell Spot Sources fitted with India Mark II hand pump at different sourceless Anganwari Centres located at Govt. Premises SM04899,2014-2015,247.13,364.60493,14-Nov-14,31-Mar-19,03-06-2024
West Bengal,Paschim Medinipur,Keshpur,Jhentla,Jhinuka,Jhinuka,1343624,6935939,420234944,Deep Tubewell,Ground Water,Jhinuka ICDS,Construction of 262 Nos Rig Bored Tubewell Spot Sources fitted with India Mark II hand pump at different sourceless Anganwari Centres located at Govt. Premises SM04899,2014-2015,247.13,364.60493,14-Nov-14,31-Mar-19,03-06-2024
West Bengal,Paschim Medinipur,Keshpur,Jagannathpur,Pebua,Pebua,1766781,6935939,420234905,Deep Tubewell,Ground Water,Pausa,Construction of 262 Nos Rig Bored Tubewell Spot Sources fitted with India Mark II hand pump at different sourceless Anganwari Centres located at Govt. Premises SM04899,2014-2015,247.13,364.60493,14-Nov-14,31-Mar-19,03-06-2024
West Bengal,Paschim Medinipur,Keshpur,Teghori,Chhoto Baruj,Patirpara,1343096,6937928,420177919,Deep Tubewell,Ground Water,Anil Bag,Gram Panchayat,2014-2015,0.83,0.83,02-Nov-14,12-Dec-14,03-06-2024
West Bengal,Paschim Medinipur,Keshpur,Teghori,Khanra Sai,Kharasai,1343015,6937928,420177914,Deep Tubewell,Ground Water,Shitala Mandir,Gram Panchayat,2014-2015,0.83,0.83,02-Nov-14,12-Dec-14,03-06-2024
West Bengal,Paschim Medinipur,Keshpur,Sirsa,Akmura,Baloipara,1342658,6938969,420178304,Deep Tubewell,Ground Water,Primary School(Outside),Gram Panchayat,2014-2015,0.82,0.82,12-Oct-14,09-May-17,03-06-2024
West Bengal,Paschim Medinipur,Keshpur,Sirsa,Golaugrasanda,Muslimpara,1342668,6938969,420178295,Deep Tubewell,Ground Water,Sentu Piri,Gram Panchayat,2014-2015,0.82,0.82,12-Oct-14,09-May-17,03-06-2024
West Bengal,Paschim Medinipur,Keshpur,Keshpur,Ichhai Pur,Purb Para,1343263,6946201,420180394,Deep Tubewell,Ground Water,Primary School,Gram Panchayat,2014-2015,0.82,0.82,02-Nov-14,25-Dec-14,03-06-2024
West Bengal,Paschim Medinipur,Keshpur,Teghori,Betbani Radha Khauki,Betbani Radha Khauki,1766956,6956896,420183084,Deep Tubewell,Ground Water,Baidyanath Hemrom,Gram Panchayat,2014-2015,0.82,0.82,15-Dec-14,12-Jan-15,03-06-2024
West Bengal,Paschim Medinipur,Keshpur,Teghori,Deulbar,Bapajhetachati,1343039,6956896,420183085,Deep Tubewell,Ground Water,Nirmal Das,Gram Panchayat,2014-2015,0.82,0.82,15-Dec-14,12-Jan-15,03-06-2024
West Bengal,Paschim Medinipur,Keshpur,Amanpur,Madhya Piashala,Dangapara,1342773,6961440,420184460,Deep Tubewell,Ground Water,Mantu Roy,Gram Panchayat,2014-2015,0.82,0.82,01-Jan-15,05-Apr-17,03-06-2024
West Bengal,Paschim Medinipur,Keshpur,Teghori,Renuar,Ranapara,1343081,6963002,420184844,Deep Tubewell,Ground Water,Ashok Rana,Gram Panchayat,2014-2015,0.8,0.8,15-Dec-14,05-Apr-17,03-06-2024
West Bengal,Paschim Medinipur,Keshpur,Amrakuchi,Charka,Nutan Basti,1343180,6963124,420184880,Deep Tubewell,Ground Water,Nur Mahammad,Gram Panchayat,2014-2015,0.82,0.82,15-Dec-14,12-Jan-15,03-06-2024
West Bengal,Paschim Medinipur,Keshpur,Amrakuchi,Charka,Kalam Para,1343173,6963124,420184881,Deep Tubewell,Ground Water,Sk Rahaman Ali,Gram Panchayat,2014-2015,0.82,0.82,15-Dec-14,12-Jan-15,03-06-2024
West Bengal,Paschim Medinipur,Keshpur,Amrakuchi,Panchami,Mollapara,1343137,6964696,420185185,Deep Tubewell,Ground Water,Mir Nur Mahammad,Gram Panchayat,2014-2015,0.82,0.82,15-Dec-14,14-Jan-15,03-06-2024
West Bengal,Paschim Medinipur,Keshpur,Anandapur,Ranpara,Kaji Para,1343249,6968525,420185692,Deep Tubewell,Ground Water,Masom Mallick,Gram Panchayat,2014-2015,0.82,0.82,15-Dec-14,12-Jan-15,03-06-2024
West Bengal,Paschim Medinipur,Keshpur,Amanpur,Burya Pat,Patrapara,1342750,6968525,420185683,Deep Tubewell,Ground Water,Madhusudan Doloi,Gram Panchayat,2014-2015,0.82,0.82,15-Dec-14,12-Jan-15,03-06-2024
West Bengal,Paschim Medinipur,Keshpur,Amanpur,Burya Pat,Patrapara,1342750,6968525,420185685,Deep Tubewell,Ground Water,Bibhuti Patra,Gram Panchayat,2014-2015,0.82,0.82,15-Dec-14,12-Jan-15,03-06-2024
West Bengal,Paschim Medinipur,Keshpur,Amanpur,Panch Khuiri,Chakpara,1342747,6970342,420186362,Deep Tubewell,Ground Water,Shankar Ghosh,Gram Panchayet,2014-2015,0.82,0.82,02-Jan-15,30-Jan-15,03-06-2024
West Bengal,Paschim Medinipur,Keshpur,Amanpur,Uttar Piashala,Uttarpiasala (near 4.1 Office)(,1342768,6970693,420186488,Deep Tubewell,Ground Water,I.C.D.S,Gram Panchayet,2014-2015,0.82,0.82,15-Dec-14,17-May-17,03-06-2024
West Bengal,Paschim Medinipur,Keshpur,Amanpur,Jadupur,Barhmanpara,1342732,6970693,420186484,Deep Tubewell,Ground Water,Shitala Mandir,Gram Panchayet,2014-2015,0.82,0.82,15-Dec-14,17-May-17,03-06-2024
West Bengal,Paschim Medinipur,Keshpur,Keshpur,Ichhai Pur,Purb Para,1343263,7012047,420192811,Deep Tubewell,Ground Water,Moslem Molla,Gram Panchayet,2014-2015,0.8,0.8,12-Jan-15,02-Feb-15,03-06-2024
West Bengal,Paschim Medinipur,Keshpur,Keshpur,Ichhai Pur,Purb Para,1343263,7012047,420192817,Deep Tubewell,Ground Water,Mona Pora,Gram Panchayet,2014-2015,0.8,0.8,12-Jan-15,02-Feb-15,03-06-2024
West Bengal,Paschim Medinipur,Keshpur,Amanpur,Jadupur,Jadupur Shivmandir,1342730,7019970,420193555,Deep Tubewell,Ground Water,Kamal Ghosh,Gram Panchayet,2014-2015,0.8,0.8,02-Jan-15,12-Feb-15,03-06-2024
West Bengal,Paschim Medinipur,Keshpur,Amanpur,Bahadur Patna,Bahadurpatna Patnadalepara,1342764,7019970,420193552,Deep Tubewell,Ground Water,Mukul Roy,Gram Panchayet,2014-2015,0.8,0.8,02-Jan-15,12-Feb-15,03-06-2024
West Bengal,Paschim Medinipur,Keshpur,Anandapur,Bhagirath Bar,Irra Gharai Para,1343236,7023694,420194056,Deep Tubewell,Ground Water,Hori Mondir,Gram Panchayet,2014-2015,0.82,0.82,02-Jan-15,12-Feb-15,03-06-2024
West Bengal,Paschim Medinipur,Keshpur,Anandapur,Lauria,Lawria - Midyapara,1343238,7023694,420194059,Deep Tubewell,Ground Water,Hori Mondir,Gram Panchayet,2014-2015,0.82,0.82,02-Jan-15,12-Feb-15,03-06-2024
West Bengal,Paschim Medinipur,Keshpur,Kalagram,Bhimpur,Bera Para,1343329,7027263,420194730,Deep Tubewell,Ground Water,Getor Kotal,Gram Panchayet,2014-2015,0.8,0.8,02-Jan-15,12-Feb-15,03-06-2024
West Bengal,Paschim Medinipur,Keshpur,Kalagram,Raghunathpur,Raghunathchak,1343023,7027263,420194735,Deep Tubewell,Ground Water,Kartik Mandal,Gram Panchayet,2014-2015,0.8,0.8,02-Jan-15,12-Feb-15,03-06-2024
West Bengal,Paschim Medinipur,Keshpur,Kalagram,Chhutar Gerya,Chhutar Gerya,1766912,7014932,420193023,Deep Tubewell,Ground Water,G.P. Office,Gram Panchayet,2014-2015,0.8,0.8,02-Jan-15,12-Feb-15,03-06-2024
West Bengal,Paschim Medinipur,Keshpur,Enayetpur,Bagha Gerya,Madhya Paschim Para,1343705,7007614,420192441,Deep Tubewell,Ground Water,Santosh Doloi,Gram Panchayet,2014-2015,0.8,0.8,02-Jan-15,12-Feb-15,03-06-2024
West Bengal,Paschim Medinipur,Keshpur,Kalagram,Kalagram,Brahman Para,1343340,7081050,420203898,Deep Tubewell,Ground Water,Mandir,Gram Panchayet,2015-2016,0.82,0.82,02-Mar-15,03-May-17,03-06-2024
West Bengal,Paschim Medinipur,Keshpur,Anandapur,Anandapur,Hari Para,1343197,7082481,420204443,Deep Tubewell,Ground Water,Boro Shitala Mandir,Gram Panchayet,2015-2016,0.82,0.82,02-Mar-15,12-Apr-17,03-06-2024
West Bengal,Paschim Medinipur,Keshpur,Anandapur,Anandapur,Chak Bazar,1343201,7082481,420204441,Deep Tubewell,Ground Water,Sadek Babu,Gram Panchayet,2015-2016,0.82,0.82,02-Mar-15,12-Apr-17,03-06-2024
West Bengal,Paschim Medinipur,Keshpur,Anandapur,Anandapur,Bankata Jakharbari,1343182,7082481,420204444,Deep Tubewell,Ground Water,Sadhan Shit,Gram Panchayet,2015-2016,0.82,0.82,02-Mar-15,12-Apr-17,03-06-2024
West Bengal,Paschim Medinipur,Keshpur,Sirsa,Gopinathpur,Majipara,1342643,7082481,420204446,Deep Tubewell,Ground Water,Brindaban Gayen,Gram Panchayet,2015-2016,0.82,0.82,02-Mar-15,12-Apr-17,03-06-2024
West Bengal,Paschim Medinipur,Keshpur,Jagannathpur,Sahaspur,Kamarpara,1342961,7083276,420204564,Deep Tubewell,Ground Water,Sahaspur Road Side,Gram Panchayet,2015-2016,0.84,0.84,02-Mar-15,25-Mar-15,03-06-2024
West Bengal,Paschim Medinipur,Keshpur,Teghori,Kharga Diha,Kharadiha,1343024,7103519,420205683,Deep Tubewell,Ground Water,Biswajit Sing,Gram Panchayet,2015-2016,0.84,0.84,02-Apr-15,20-Apr-15,03-06-2024
West Bengal,Paschim Medinipur,Keshpur,Teghori,Kharpuri,Khapari Madhapara,1343029,7103519,420205680,Deep Tubewell,Ground Water,Primary School,Gram Panchayet,2015-2016,0.84,0.84,02-Apr-15,20-Apr-15,03-06-2024
West Bengal,Paschim Medinipur,Keshpur,Teghori,Kontai,Ghoshpara Paschim,1343046,7103519,420205685,Deep Tubewell,Ground Water,I.C.D.S.,Gram Panchayet,2015-2016,0.84,0.84,02-Apr-15,20-Apr-15,03-06-2024
West Bengal,Paschim Medinipur,Keshpur,Kalagram,Gachh Geria,Patra Para,1343381,7132385,420206322,Deep Tubewell,Ground Water,Shakti Pator,Gram Panchayet,2015-2016,0.84,0.84,02-Mar-15,25-Mar-15,03-06-2024
West Bengal,Paschim Medinipur,Keshpur,Amrakuchi,Nagda,Mura Para,1343108,7140830,420207074,Deep Tubewell,Ground Water,Tufan Mura,Gram Panchayet,2015-2016,0.84,0.84,02-Mar-15,28-Mar-15,03-06-2024
West Bengal,Paschim Medinipur,Keshpur,Amrakuchi,Kumira,Sant Para,1343113,7140830,420207078,Deep Tubewell,Ground Water,Mantu Ghosh,Gram Panchayet,2015-2016,0.84,0.84,02-Mar-15,28-Mar-15,03-06-2024
West Bengal,Paschim Medinipur,Keshpur,Amanpur,Jadupur,Jadupur Shivmandir,1342730,7140830,420207071,Deep Tubewell,Ground Water,Pabitra Khamrui,Gram Panchayet,2015-2016,0.84,0.84,02-Mar-15,28-Mar-15,03-06-2024
West Bengal,Paschim Medinipur,Keshpur,Amanpur,Tukura Pat,Turiapat,1342727,7140830,420207070,Deep Tubewell,Ground Water,Bansi Mallick,Gram Panchayet,2015-2016,0.84,0.84,02-Mar-15,28-Mar-15,03-06-2024
West Bengal,Paschim Medinipur,Keshpur,Kalagram,Kanpur,Dalbera Para,1811575,7214185,420208588,Deep Tubewell,Ground Water,Biswanath Dalbera,Gram Panchayet,2015-2016,0.86,0.86,02-Apr-15,10-May-15,03-06-2024
West Bengal,Paschim Medinipur,Keshpur,Sirsa,Shirsha,Shirsha,1766945,7214185,420208597,Deep Tubewell,Ground Water,Kali Mandir,Gram Panchayet,2015-2016,0.86,0.86,02-Apr-15,10-May-15,03-06-2024
West Bengal,Paschim Medinipur,Keshpur,Sirsa,Shirsha,Shirsha,1766945,7214185,420208598,Deep Tubewell,Ground Water,Sanat Ghosh,Gram Panchayet,2015-2016,0.86,0.86,02-Apr-15,10-May-15,03-06-2024
West Bengal,Paschim Medinipur,Keshpur,Amrakuchi,Amrakuchi,Dangapara,1343154,7219163,420208838,Deep Tubewell,Ground Water,Pabgagan Puila,Gram Panchayet,2015-2016,0.86,0.86,02-Apr-15,10-Apr-15,03-06-2024
West Bengal,Paschim Medinipur,Keshpur,Teghori,Chanda Bila,Chandabila Madhya,1343073,7294636,420210112,Deep Tubewell,Ground Water,I.C.D.S.(Out Side),Gram Panchayet,2015-2016,0.8,0.8,02-Apr-15,26-Apr-15,03-06-2024
West Bengal,Paschim Medinipur,Keshpur,Teghori,Dudiabandi,Dudiabandhi Uporpara,1343027,7294636,420210108,Deep Tubewell,Ground Water,I.C.D.S.,Gram Panchayet,2015-2016,0.8,0.8,02-Apr-15,26-Apr-15,03-06-2024
West Bengal,Paschim Medinipur,Keshpur,Anandapur,Anandapur,Bankata Office Para,1343181,7295064,420212414,Deep Tubewell,Ground Water,LEPSA JR. HIGH UPRY.,Sinking of 85 eighty five Nos India  Mark II tubewell at Sourceless Schools  under Paschim Medinipur District,2015-2016,184.99,80,26-Aug-15,28-Jul-17,03-06-2024
West Bengal,Paschim Medinipur,Keshpur,Amanpur,Jadubar,Jadubarh Malderpara,1342724,7295851,420210263,Deep Tubewell,Ground Water,Naba Kumar Ghosh,Garam Panchayet,2015-2016,0.8,0.8,05-May-15,28-May-15,03-06-2024
West Bengal,Paschim Medinipur,Keshpur,Amanpur,Dakshin Piashala,Dakhinpiasala Dharapara,1342775,7295851,420210262,Deep Tubewell,Ground Water,Anil Ghosh,Garam Panchayet,2015-2016,0.8,0.8,05-May-15,28-May-15,03-06-2024
West Bengal,Paschim Medinipur,Keshpur,Kalagram,Kana Khali,Mallick Para,1343346,7299163,420210429,Deep Tubewell,Ground Water,Haren Mallick,Gram Panchayet,2015-2016,0.8,0.8,05-May-15,30-May-15,03-06-2024
West Bengal,Paschim Medinipur,Keshpur,Kalagram,Bhol Sarapota,Maji Para,1343330,7299163,420210420,Deep Tubewell,Ground Water,Modon Doloi,Gram Panchayet,2015-2016,0.8,0.8,05-May-15,30-May-15,03-06-2024
West Bengal,Paschim Medinipur,Keshpur,Anandapur,Jhatiar,Purbapara,1343246,7304466,420210907,Deep Tubewell,Ground Water,Banka Bulla,Gram Panchayet,2015-2016,0.8,0.8,02-May-15,22-May-15,03-06-2024
West Bengal,Paschim Medinipur,Keshpur,Anandapur,Anandapur,Jela Para,1343207,7304674,420210953,Deep Tubewell,Ground Water,Selim Jamadar,Gram Panchayet,2015-2016,0.8,0.8,02-May-15,22-May-15,03-06-2024
West Bengal,Paschim Medinipur,Keshpur,Amanpur,Panch Khuiri,Chakpara,1342747,7305133,420211088,Deep Tubewell,Ground Water,Sub Health Centre,Gram Panchayet,2015-2016,0.8,0.8,02-May-15,22-May-15,03-06-2024
West Bengal,Paschim Medinipur,Keshpur,Amrakuchi,Kapta Bankati,Kaptabankati,1343162,7306051,420211154,Deep Tubewell,Ground Water,Gangasini Primary School,Gram Panchayet,2015-2016,0.8,0.8,02-May-15,22-May-15,03-06-2024
West Bengal,Paschim Medinipur,Keshpur,Enayetpur,Pindra Gerya,Pindrageria Talpukurpara,1343764,7328709,420214732,Deep Tubewell,Ground Water,Ajit Soren,Gram Panchayet,2015-2016,0.8,0.8,04-Jun-15,30-Jul-15,03-06-2024
West Bengal,Paschim Medinipur,Keshpur,Enayetpur,Bara Chand Bar,Barachandbarh Kashinathbhuniapara,1343777,7328709,420214729,Deep Tubewell,Ground Water,Shitala Mandir,Gram Panchayet,2015-2016,0.8,0.8,04-Jun-15,30-Jul-15,03-06-2024
West Bengal,Paschim Medinipur,Keshpur,Enayetpur,Bara Chand Bar,Barachandbarh Kashinathbhuniapara,1343777,7328709,420214730,Deep Tubewell,Ground Water,I.C.D.S.,Gram Panchayet,2015-2016,0.8,0.8,04-Jun-15,30-Jul-15,03-06-2024
West Bengal,Paschim Medinipur,Keshpur,Amrakuchi,Santarya,Santaria,1343111,7337146,420232961,Deep Tubewell,Ground Water,Satera ICDS,Installation of 225 Nos  India Mark II Tubewell with Solar Power Dual Pumping System to provide drinking water facility in the,2015-2016,854.23,0,23-Sep-15,03-May-23,03-06-2024
West Bengal,Paschim Medinipur,Keshpur,Amrakuchi,Santarya,Santaria,1343111,7337146,420232979,Deep Tubewell,Ground Water,Satera 1 ICDS,Installation of 225 Nos  India Mark II Tubewell with Solar Power Dual Pumping System to provide drinking water facility in the,2015-2016,854.23,0,23-Sep-15,03-May-23,03-06-2024
West Bengal,Paschim Medinipur,Keshpur,Sirsa,Akmura,Akmura Doloipara,1342655,7351339,420219812,Deep Tubewell,Ground Water,Akmura Health Centre,Gram Panchayet,2015-2016,0.8,0.8,15-Jul-15,10-May-17,03-06-2024
West Bengal,Paschim Medinipur,Keshpur,Sirsa,Begun Bari,Begumbari,1342674,7351339,420219815,Deep Tubewell,Ground Water,Budhon Doloi,Gram Panchayet,2015-2016,0.8,0.8,15-Jul-15,10-May-17,03-06-2024
West Bengal,Paschim Medinipur,Keshpur,Teghori,Bara Baruj,Danla Para,1343093,7352602,420219944,Deep Tubewell,Ground Water,Shitala Mandir,Gram Panchayet,2015-2016,0.8,0.8,04-Jun-15,09-May-17,03-06-2024
West Bengal,Paschim Medinipur,Keshpur,Teghori,Bara Baruj,Mana Para,1343092,7352602,420219942,Deep Tubewell,Ground Water,Ajit Samanta,Gram Panchayet,2015-2016,0.8,0.8,04-Jun-15,09-May-17,03-06-2024
West Bengal,Paschim Medinipur,Keshpur,Sarishakhola,Sarisha Khola,Layek Para,1343479,7352701,420219995,Deep Tubewell,Ground Water,Bablu Pora,Gram Panchayet,2015-2016,0.8,0.8,12-Jun-15,10-Jul-15,03-06-2024
West Bengal,Paschim Medinipur,Keshpur,Jhentla,Manta,Churijeria,1343668,7353758,420220259,Deep Tubewell,Ground Water,Sk Oaris Ali,Gram Panchayet,2015-2016,0.8,0.8,04-Jun-15,12-Apr-17,03-06-2024
West Bengal,Paschim Medinipur,Keshpur,Sarishakhola,Ghoshpur,Paschim Ghoshkur,1343464,7358350,420223334,Deep Tubewell,Ground Water,Gobinda Roy,Gram Panchayet,2015-2016,0.8,0.8,04-Jun-15,30-Jul-15,03-06-2024
West Bengal,Paschim Medinipur,Keshpur,Anandapur,Anandapur,Dakshin Palli Pal Para,1343191,7358350,420223327,Deep Tubewell,Ground Water,P.H.E.,Gram Panchayet,2015-2016,0.8,0.8,04-Jun-15,30-Jul-15,03-06-2024
West Bengal,Paschim Medinipur,Keshpur,Amanpur,Madhya Piashala,Madhyapiasala Duleypara,1342772,7359834,420223871,Deep Tubewell,Ground Water,Khoroshkopat,Gram Panchayet,2015-2016,0.8,0.8,04-Jun-15,30-Jul-15,03-06-2024
West Bengal,Paschim Medinipur,Keshpur,Anandapur,Anandapur,Dakshin Palli Pal Para,1343191,7365681,420225675,Deep Tubewell,Ground Water,Primary School,Gram Panchayat,2015-2016,0.8,0.8,25-Jul-15,15-Aug-15,03-06-2024
West Bengal,Paschim Medinipur,Keshpur,Anandapur,Anandapur,Madhya Paschim Pal Para,1343193,7365681,420225676,Deep Tubewell,Ground Water,Bidyabithi Primary School,Gram Panchayat,2015-2016,0.8,0.8,25-Jul-15,15-Aug-15,03-06-2024
West Bengal,Paschim Medinipur,Keshpur,Anandapur,Anandapur,Bankata Office Para,1343181,7365681,420225674,Deep Tubewell,Ground Water,Primary School,Gram Panchayat,2015-2016,0.8,0.8,25-Jul-15,15-Aug-15,03-06-2024
West Bengal,Paschim Medinipur,Keshpur,Anandapur,Anandapur,Sat Para,1343212,7365681,420225671,Deep Tubewell,Ground Water,S.S.K.,Gram Panchayat,2015-2016,0.8,0.8,25-Jul-15,15-Aug-15,03-06-2024
West Bengal,Paschim Medinipur,Keshpur,Enayetpur,Bishwanath Pur,Doloipara,1343826,7367806,420226511,Deep Tubewell,Ground Water,Avoi Bera,Gram Panchayat,2015-2016,0.82,0.82,15-Jul-15,04-Aug-15,03-06-2024
West Bengal,Paschim Medinipur,Keshpur,Sarishakhola,Paniat,Mallick Para,1343468,7367806,420226506,Deep Tubewell,Ground Water,Primary School,Gram Panchayat,2015-2016,0.82,0.82,15-Jul-15,04-Aug-15,03-06-2024
West Bengal,Paschim Medinipur,Keshpur,Sarishakhola,Paniat,Mallick Para,1343468,7367806,420226508,Deep Tubewell,Ground Water,Jaber Mallick,Gram Panchayat,2015-2016,0.82,0.82,15-Jul-15,04-Aug-15,03-06-2024
West Bengal,Paschim Medinipur,Keshpur,Sarishakhola,Paniat,Majh Para,1343469,7367806,420226504,Deep Tubewell,Ground Water,Sk Rejabul,Gram Panchayat,2015-2016,0.82,0.82,15-Jul-15,04-Aug-15,03-06-2024
West Bengal,Paschim Medinipur,Keshpur,Sarishakhola,Paniat,"M,asjid Para",1343470,7367806,420226505,Deep Tubewell,Ground Water,Pakhi Kaji,Gram Panchayat,2015-2016,0.82,0.82,15-Jul-15,04-Aug-15,03-06-2024
West Bengal,Paschim Medinipur,Keshpur,Anandapur,Bhagirath Bar,Ghoshpara,1343233,7721508,420252309,Deep Tubewell,Ground Water,Bhagirathbar Primay School,Construction of 150 nos  Rig Bored  Tube Well fitted with India Mark II  hand pump in different blocks of  Paschim Medinipur District(TSM/003379   SM/05513),2017-2018,156.75,137.5,19-Jan-17,03-May-23,03-06-2024
West Bengal,Paschim Medinipur,Keshpur,Anandapur,Anandapur,Hari Para,1343197,7304674,420210956,Deep Tubewell,Ground Water,Sadharan Pathagar,Gram Panchayet,2015-2016,0.8,0.8,02-May-15,22-May-15,03-06-2024
West Bengal,Paschim Medinipur,Keshpur,Amanpur,Panch Khuiri,Chakpara,1342747,7305132,420211083,Deep Tubewell,Ground Water,Sub Health Centre,Gram Panchayet,2015-2016,0.8,0.8,02-May-15,22-May-15,03-06-2024
West Bengal,Paschim Medinipur,Keshpur,Amrakuchi,Kapta Bankati,Kaptabankati,1343162,7306052,420211164,Deep Tubewell,Ground Water,Gangasini Primary School,Gram Panchayet,2015-2016,0.8,0.8,02-May-15,22-May-15,03-06-2024
West Bengal,Paschim Medinipur,Keshpur,Enayetpur,Pindra Gerya,Pindrageria Talpukurpara,1343764,7328709,420214731,Deep Tubewell,Ground Water,Pithu Kisku,Gram Panchayet,2015-2016,0.8,0.8,04-Jun-15,30-Jul-15,03-06-2024
West Bengal,Paschim Medinipur,Keshpur,Enayetpur,Ghosh Diha,Ghoshdina Janapara,1343760,7328709,420214727,Deep Tubewell,Ground Water,Buthodhan Kour,Gram Panchayet,2015-2016,0.8,0.8,04-Jun-15,30-Jul-15,03-06-2024
West Bengal,Paschim Medinipur,Keshpur,Jhentla,Jhinuka,Jhinuka,1343624,7337146,420232985,Deep Tubewell,Ground Water,Jhinuka ICDS,Installation of 225 Nos  India Mark II Tubewell with Solar Power Dual Pumping System to provide drinking water facility in the,2015-2016,854.23,0,23-Sep-15,03-May-23,03-06-2024
West Bengal,Paschim Medinipur,Keshpur,Jorakeudi Solidiha,Sankrui,Sankrai,1342591,7337146,420232992,Deep Tubewell,Ground Water,Sankrui ICDS,Installation of 225 Nos  India Mark II Tubewell with Solar Power Dual Pumping System to provide drinking water facility in the,2015-2016,854.23,0,23-Sep-15,03-May-23,03-06-2024
West Bengal,Paschim Medinipur,Keshpur,Anandapur,Gamaria,Gamaria -chalakpara,1343242,7337146,420232989,Deep Tubewell,Ground Water,Rajar danga ICDS,Installation of 225 Nos  India Mark II Tubewell with Solar Power Dual Pumping System to provide drinking water facility in the,2015-2016,854.23,0,23-Sep-15,03-May-23,03-06-2024
West Bengal,Paschim Medinipur,Keshpur,Teghori,Kontai,Ghoshpara Paschim,1343046,7337146,420232983,Deep Tubewell,Ground Water,Kontal ICDS,Installation of 225 Nos  India Mark II Tubewell with Solar Power Dual Pumping System to provide drinking water facility in the,2015-2016,854.23,0,23-Sep-15,03-May-23,03-06-2024
West Bengal,Paschim Medinipur,Keshpur,Teghori,Teghari,Madhya Palli,1343062,7352602,420219947,Deep Tubewell,Ground Water,Teghori Primary School,Gram Panchayet,2015-2016,0.8,0.8,04-Jun-15,09-May-17,03-06-2024
West Bengal,Paschim Medinipur,Keshpur,Teghori,Bara Baruj,Samanta Para,1343091,7352602,420219940,Deep Tubewell,Ground Water,Primary School,Gram Panchayet,2015-2016,0.8,0.8,04-Jun-15,09-May-17,03-06-2024
West Bengal,Paschim Medinipur,Keshpur,Sarishakhola,Sarisha Khola,Salnahal,1343478,7352701,420219994,Deep Tubewell,Ground Water,Susanta Da,Gram Panchayet,2015-2016,0.8,0.8,12-Jun-15,10-Jul-15,03-06-2024
West Bengal,Paschim Medinipur,Keshpur,Sarishakhola,Sarisha Khola,Pastafful Para,1343474,7352701,420219988,Deep Tubewell,Ground Water,High School(Out Side),Gram Panchayet,2015-2016,0.8,0.8,12-Jun-15,10-Jul-15,03-06-2024
West Bengal,Paschim Medinipur,Keshpur,Anandapur,Bhagirath Bar,Ghoshpara,1343233,7353758,420220255,Deep Tubewell,Ground Water,Pramanik Babu,Gram Panchayet,2015-2016,0.8,0.8,04-Jun-15,12-Apr-17,03-06-2024
West Bengal,Paschim Medinipur,Keshpur,Sarishakhola,Akna,Aknakaranpara,1343454,7353921,420220350,Deep Tubewell,Ground Water,Dilip Karan,Gram Panchayet,2015-2016,0.8,0.8,04-Jun-15,30-Jul-15,03-06-2024
West Bengal,Paschim Medinipur,Keshpur,Sarishakhola,Kutbi Chak,Kutbi Chak,1766700,7353921,420220349,Deep Tubewell,Ground Water,Israil Mallick,Gram Panchayet,2015-2016,0.8,0.8,04-Jun-15,30-Jul-15,03-06-2024
West Bengal,Paschim Medinipur,Keshpur,Anandapur,Anandapur,Chak Bazar,1343201,7358350,420223326,Deep Tubewell,Ground Water,Prasanta Ghosh,Gram Panchayet,2015-2016,0.8,0.8,04-Jun-15,30-Jul-15,03-06-2024
West Bengal,Paschim Medinipur,Keshpur,Anandapur,Anandapur,Bankata Chata Shitala Mandir,1343186,7358350,420223328,Deep Tubewell,Ground Water,Choto Shitala Mondir,Gram Panchayet,2015-2016,0.8,0.8,04-Jun-15,30-Jul-15,03-06-2024
West Bengal,Paschim Medinipur,Keshpur,Amanpur,Uttar Piashala,Ghoshpara,1342770,7358350,420223332,Deep Tubewell,Ground Water,Amio Ghosh,Gram Panchayet,2015-2016,0.8,0.8,04-Jun-15,30-Jul-15,03-06-2024
West Bengal,Paschim Medinipur,Keshpur,Amanpur,Jadupur,Jadupur Shivmandir,1342730,7358350,420223331,Deep Tubewell,Ground Water,Ranjit Ghoswami,Gram Panchayet,2015-2016,0.8,0.8,04-Jun-15,30-Jul-15,03-06-2024
West Bengal,Paschim Medinipur,Keshpur,Kalagram,Dhamsai,Midyapara,1343401,7359601,420223697,Deep Tubewell,Ground Water,Bishwanath Jana,Gram Panchayet,2015-2016,0.8,0.8,04-Jun-15,12-Aug-15,03-06-2024
West Bengal,Paschim Medinipur,Keshpur,Anandapur,Anandapur,Gayan Para,1343216,7365681,420225677,Deep Tubewell,Ground Water,Primary School,Gram Panchayat,2015-2016,0.8,0.8,25-Jul-15,15-Aug-15,03-06-2024
West Bengal,Paschim Medinipur,Keshpur,Teghori,Ganta,Ganta,1343033,7365738,420225709,Deep Tubewell,Ground Water,Mathurabani Primary School,Gram Panchayat,2015-2016,0.8,0.8,25-Jul-15,16-Aug-15,03-06-2024
West Bengal,Paschim Medinipur,Keshpur,Enayetpur,Bishwanath Pur,Biswanathpur Hemrompara,1343823,7367806,420226513,Deep Tubewell,Ground Water,Ananda Sau,Gram Panchayat,2015-2016,0.82,0.82,15-Jul-15,04-Aug-15,03-06-2024
West Bengal,Paschim Medinipur,Keshpur,Sirsa,Bara Rajgram,Bararajagram,1342680,7721508,420252311,Deep Tubewell,Ground Water,Bara Rajgram SSK,Construction of 150 nos  Rig Bored  Tube Well fitted with India Mark II  hand pump in different blocks of  Paschim Medinipur District(TSM/003379   SM/05513),2017-2018,156.75,137.5,19-Jan-17,03-May-23,03-06-2024
West Bengal,Paschim Medinipur,Keshpur,Mugbasan,Mugbasan,Bargeria,1342925,7757008,420258560,Deep Tubewell,Ground Water,Inside habitation,Mugbasan Piped Water Supply Scheme SM/06057,2017-2018,341.16,195.62402,18-Dec-17,06-May-23,03-06-2024
West Bengal,Paschim Medinipur,Keshpur,Jagannathpur,Dhamsai,Dhamsai Purbapara,1342976,8389175,420237158,Deep Tubewell,Ground Water,Inside Dhamsai Purbapara,SM/04812 Augmentation of Ground Water Based Pipe Water Supply Scheme for Dhamsai to Accommodate FHTC. Block Keshpur under Midnapore Division PHE Dte.,2021-2022,37.56314,2.02356,29-Sep-21,06-May-23,03-06-2024
West Bengal,Paschim Medinipur,Keshpur,Amanpur,Amanpur,Roypara,1342713,8389175,420095886,Deep Tubewell,Ground Water,Inside Roypara,SM/04812 Augmentation of Ground Water Based Pipe Water Supply Scheme for Dhamsai to Accommodate FHTC. Block Keshpur under Midnapore Division PHE Dte.,2021-2022,37.56314,2.02356,29-Sep-21,06-May-23,03-06-2024
West Bengal,Paschim Medinipur,Keshpur,Golarh,Golar,Uttarpara,1342842,6929575,420173651,Deep Tubewell,Ground Water,Sk Mithu Ali,Gram Panchayat,2014-2015,0.86,0.86,06-Oct-14,25-Dec-14,03-06-2024
West Bengal,Paschim Medinipur,Keshpur,Golarh,Palangpur,Palangpur,1342834,6929575,420173636,Deep Tubewell,Ground Water,Mondir,Gram Panchayat,2014-2015,0.86,0.86,06-Oct-14,25-Dec-14,03-06-2024
West Bengal,Paschim Medinipur,Keshpur,Golarh,Palangpur,Palangpur,1342834,6929575,420173639,Deep Tubewell,Ground Water,Mohanta Santra,Gram Panchayat,2014-2015,0.86,0.86,06-Oct-14,25-Dec-14,03-06-2024
West Bengal,Paschim Medinipur,Keshpur,Golarh,Palangpur,Palangpur,1342834,6929575,420173640,Deep Tubewell,Ground Water,Santosh Bhunia,Gram Panchayat,2014-2015,0.86,0.86,06-Oct-14,25-Dec-14,03-06-2024
West Bengal,Paschim Medinipur,Keshpur,Golarh,Ranjita,Ranjita,1342828,6929575,420173647,Deep Tubewell,Ground Water,Sk Saiful Islam,Gram Panchayat,2014-2015,0.86,0.86,06-Oct-14,25-Dec-14,03-06-2024
West Bengal,Paschim Medinipur,Keshpur,Mugbasan,Amritpur,Amritpur - Daldar Para,1342916,6929645,420173689,Deep Tubewell,Ground Water,Ananta Dalbera,Gram Panchayat,2014-2015,0.86,0.86,12-Oct-14,25-Dec-14,03-06-2024
West Bengal,Paschim Medinipur,Keshpur,Enayetpur,Bishwanath Pur,Doloipara,1343826,6929645,420173705,Deep Tubewell,Ground Water,Sudhir Doloi,Gram Panchayat,2014-2015,0.86,0.86,12-Oct-14,25-Dec-14,03-06-2024
West Bengal,Paschim Medinipur,Keshpur,Golarh,Langal Dihi,Langaldihi,1342861,6931185,420175151,Deep Tubewell,Ground Water,Areful Mallick,Gram Panchayat,2014-2015,0.82,0.82,02-Nov-14,25-Dec-14,03-06-2024
West Bengal,Paschim Medinipur,Keshpur,Golarh,Langal Dihi,Sk. Para,1342862,6931185,420175153,Deep Tubewell,Ground Water,Mosjid,Gram Panchayat,2014-2015,0.82,0.82,02-Nov-14,25-Dec-14,03-06-2024
West Bengal,Paschim Medinipur,Keshpur,Golarh,Konan,Dakshinpara,1342805,6931185,420175168,Deep Tubewell,Ground Water,Shital Pandit,Gram Panchayat,2014-2015,0.82,0.82,02-Nov-14,25-Dec-14,03-06-2024
West Bengal,Paschim Medinipur,Keshpur,Golarh,Konan,Dakshinpara,1342805,6931185,420175170,Deep Tubewell,Ground Water,Anukul Bag,Gram Panchayat,2014-2015,0.82,0.82,02-Nov-14,25-Dec-14,03-06-2024
West Bengal,Paschim Medinipur,Keshpur,Golarh,Dapur,Dadpur - Dolaipara,1342839,6931185,420175161,Deep Tubewell,Ground Water,S.S.K.,Gram Panchayat,2014-2015,0.82,0.82,02-Nov-14,25-Dec-14,03-06-2024
West Bengal,Paschim Medinipur,Keshpur,Golarh,Dapur,Dadpur - Dolaipara,1342839,6935939,420199968,Deep Tubewell,Ground Water,dadpur,Construction of 262 Nos Rig Bored Tubewell Spot Sources fitted with India Mark II hand pump at different sourceless Anganwari Centres located at Govt. Premises SM04899,2014-2015,247.13,364.60493,14-Nov-14,31-Mar-19,03-06-2024
West Bengal,Paschim Medinipur,Keshpur,Jorakeudi Solidiha,Gopal Bandh,Murapata,1342586,6935939,420199565,Deep Tubewell,Ground Water,292 No. Murakanta,Construction of 262 Nos Rig Bored Tubewell Spot Sources fitted with India Mark II hand pump at different sourceless Anganwari Centres located at Govt. Premises SM04899,2014-2015,247.13,364.60493,14-Nov-14,31-Mar-19,03-06-2024
West Bengal,Paschim Medinipur,Keshpur,Amrakuchi,Nagda,Roy Para,1343105,6935939,420234901,Deep Tubewell,Ground Water,Nagda ICDS,Construction of 262 Nos Rig Bored Tubewell Spot Sources fitted with India Mark II hand pump at different sourceless Anganwari Centres located at Govt. Premises SM04899,2014-2015,247.13,364.60493,14-Nov-14,31-Mar-19,03-06-2024
West Bengal,Paschim Medinipur,Keshpur,Enayetpur,Mirpur,Mirpur Mallickpara,1343788,6935939,420199837,Deep Tubewell,Ground Water,349 No. Mirpur AWC,Construction of 262 Nos Rig Bored Tubewell Spot Sources fitted with India Mark II hand pump at different sourceless Anganwari Centres located at Govt. Premises SM04899,2014-2015,247.13,364.60493,14-Nov-14,31-Mar-19,03-06-2024
West Bengal,Paschim Medinipur,Keshpur,Keshpur,Goraipur,School Para,1343311,6946201,420180393,Deep Tubewell,Ground Water,Primary School,Gram Panchayat,2014-2015,0.82,0.82,02-Nov-14,25-Dec-14,03-06-2024
West Bengal,Paschim Medinipur,Keshpur,Teghori,Dhakkata,Madhya Para,1343078,6956896,420183089,Deep Tubewell,Ground Water,Class,Gram Panchayat,2014-2015,0.82,0.82,15-Dec-14,12-Jan-15,03-06-2024
West Bengal,Paschim Medinipur,Keshpur,Amanpur,Uttar Piashala,Ghoshpara,1342770,6961440,420184461,Deep Tubewell,Ground Water,Basudev Ghosh,Gram Panchayat,2014-2015,0.82,0.82,01-Jan-15,05-Apr-17,03-06-2024
West Bengal,Paschim Medinipur,Keshpur,Teghori,Renuar,Nandipara,1343080,6963002,420184846,Deep Tubewell,Ground Water,I.C.D.S,Gram Panchayat,2014-2015,0.8,0.8,15-Dec-14,05-Apr-17,03-06-2024
West Bengal,Paschim Medinipur,Keshpur,Teghori,Kanch Gerya,Birsinghapara,1343087,6963002,420184848,Deep Tubewell,Ground Water,Kartik Hati,Gram Panchayat,2014-2015,0.8,0.8,15-Dec-14,05-Apr-17,03-06-2024
West Bengal,Paschim Medinipur,Keshpur,Amrakuchi,Uttar Tasarara,Tasarara,1343123,6964696,420185186,Deep Tubewell,Ground Water,Shuksen Mandi,Gram Panchayat,2014-2015,0.82,0.82,15-Dec-14,14-Jan-15,03-06-2024
West Bengal,Paschim Medinipur,Keshpur,Amanpur,Burya Pat,Patrapara,1342750,6968525,420185684,Deep Tubewell,Ground Water,Shitala Mandir,Gram Panchayat,2014-2015,0.82,0.82,15-Dec-14,12-Jan-15,03-06-2024
West Bengal,Paschim Medinipur,Keshpur,Anandapur,Ranpara,Ranipara - Madhyapara,1343248,6968525,420185691,Deep Tubewell,Ground Water,Sk Dilbar Hosen,Gram Panchayat,2014-2015,0.82,0.82,15-Dec-14,12-Jan-15,03-06-2024
West Bengal,Paschim Medinipur,Keshpur,Amanpur,Panch Khuiri,Parapara,1342744,6970342,420186359,Deep Tubewell,Ground Water,Jhantu Pan,Gram Panchayet,2014-2015,0.82,0.82,02-Jan-15,30-Jan-15,03-06-2024
West Bengal,Paschim Medinipur,Keshpur,Amanpur,Bahadur Patna,Bahadurpatna Patnadalepara,1342764,6970342,420186358,Deep Tubewell,Ground Water,M.S.K.,Gram Panchayet,2014-2015,0.82,0.82,02-Jan-15,30-Jan-15,03-06-2024
West Bengal,Paschim Medinipur,Keshpur,Amanpur,Uttar Piashala,Haripara,1342771,6970693,420186487,Deep Tubewell,Ground Water,Primary School,Gram Panchayet,2014-2015,0.82,0.82,15-Dec-14,17-May-17,03-06-2024
West Bengal,Paschim Medinipur,Keshpur,Amanpur,Uttar Piashala,Ghoshpara,1342770,6970693,420186489,Deep Tubewell,Ground Water,Amit Ghosh,Gram Panchayet,2014-2015,0.82,0.82,15-Dec-14,17-May-17,03-06-2024
West Bengal,Paschim Medinipur,Keshpur,Keshpur,Ichhai Pur,Purb Para,1343263,7012047,420192810,Deep Tubewell,Ground Water,M.S.K. School,Gram Panchayet,2014-2015,0.8,0.8,12-Jan-15,02-Feb-15,03-06-2024
West Bengal,Paschim Medinipur,Keshpur,Keshpur,Ichhai Pur,Purb Para,1343263,7012047,420192816,Deep Tubewell,Ground Water,Sk Ansar,Gram Panchayet,2014-2015,0.8,0.8,12-Jan-15,02-Feb-15,03-06-2024
West Bengal,Paschim Medinipur,Keshpur,Anandapur,Gamaria,Gamaria -chalakpara,1343242,7023694,420194053,Deep Tubewell,Ground Water,Panchu Chalak,Gram Panchayet,2014-2015,0.82,0.82,02-Jan-15,12-Feb-15,03-06-2024
West Bengal,Paschim Medinipur,Keshpur,Anandapur,Bhagirath Bar,Ghoshpara,1343233,7023694,420194057,Deep Tubewell,Ground Water,Tarun Ghosh,Gram Panchayet,2014-2015,0.82,0.82,02-Jan-15,12-Feb-15,03-06-2024
West Bengal,Paschim Medinipur,Keshpur,Kalagram,Bhimpur,Bera Para,1343329,7027263,420194731,Deep Tubewell,Ground Water,Sadhan Patra,Gram Panchayet,2014-2015,0.8,0.8,02-Jan-15,12-Feb-15,03-06-2024
West Bengal,Paschim Medinipur,Keshpur,Mugbasan,Jambani,Jambani,1766554,7027325,420194774,Deep Tubewell,Ground Water,Mir Sabaraf Ali,Gram Panchayet,2014-2015,0.82,0.82,15-Feb-15,10-Mar-15,03-06-2024
West Bengal,Paschim Medinipur,Keshpur,Enayetpur,Chotta Pasha,Dolaipara,1343757,7007614,420192437,Deep Tubewell,Ground Water,Swapna Doloi,Gram Panchayet,2014-2015,0.8,0.8,02-Jan-15,12-Feb-15,03-06-2024
West Bengal,Paschim Medinipur,Keshpur,Enayetpur,Badar,Ramanda Dolai Para,1343853,7050308,420197296,Deep Tubewell,Ground Water,Kasiruddin Babu,Gram Panchayet,2014-2015,0.82,0.82,15-Feb-15,10-Mar-15,03-06-2024
West Bengal,Paschim Medinipur,Keshpur,Enayetpur,Badar,Singh Para,1343848,7050308,420197293,Deep Tubewell,Ground Water,Khairat Ali,Gram Panchayet,2014-2015,0.82,0.82,15-Feb-15,10-Mar-15,03-06-2024
West Bengal,Paschim Medinipur,Keshpur,Enayetpur,Badar,Singh Para,1343848,7050308,420197294,Deep Tubewell,Ground Water,Football Ground,Gram Panchayet,2014-2015,0.82,0.82,15-Feb-15,10-Mar-15,03-06-2024
West Bengal,Paschim Medinipur,Keshpur,Enayetpur,Badar,Singh Para,1343848,7050308,420197295,Deep Tubewell,Ground Water,School,Gram Panchayet,2014-2015,0.82,0.82,15-Feb-15,10-Mar-15,03-06-2024
West Bengal,Paschim Medinipur,Keshpur,Kalagram,Uchahar,Chak,1343367,7081050,420203892,Deep Tubewell,Ground Water,Surai Besra,Gram Panchayet,2015-2016,0.82,0.82,02-Mar-15,03-May-17,03-06-2024
West Bengal,Paschim Medinipur,Keshpur,Kalagram,Gamar Hati,Madhyapara,1343345,7081050,420203900,Deep Tubewell,Ground Water,Gopal Chakrobarty,Gram Panchayet,2015-2016,0.82,0.82,02-Mar-15,03-May-17,03-06-2024
West Bengal,Paschim Medinipur,Keshpur,Sirsa,Maharajpur,Maharajpur,1342636,7082481,420204450,Deep Tubewell,Ground Water,Pradip Kumar Ghosh,Gram Panchayet,2015-2016,0.82,0.82,02-Mar-15,12-Apr-17,03-06-2024
West Bengal,Paschim Medinipur,Keshpur,Jagannathpur,Tatarpur,Tatarpur Kubidan,1342991,7083276,420204568,Deep Tubewell,Ground Water,Junior High School,Gram Panchayet,2015-2016,0.84,0.84,02-Mar-15,25-Mar-15,03-06-2024
West Bengal,Paschim Medinipur,Keshpur,Teghori,Kharga Diha,Kharadiha,1343024,7103519,420205681,Deep Tubewell,Ground Water,Primary School,Gram Panchayet,2015-2016,0.84,0.84,02-Apr-15,20-Apr-15,03-06-2024
West Bengal,Paschim Medinipur,Keshpur,Teghori,Kharga Diha,Kharadiha,1343024,7103519,420205682,Deep Tubewell,Ground Water,Pan Babu,Gram Panchayet,2015-2016,0.84,0.84,02-Apr-15,20-Apr-15,03-06-2024
West Bengal,Paschim Medinipur,Keshpur,Teghori,Kontai,Ghoshpara Madhya,1343048,7103519,420205686,Deep Tubewell,Ground Water,M.S.K. School,Gram Panchayet,2015-2016,0.84,0.84,02-Apr-15,20-Apr-15,03-06-2024
West Bengal,Paschim Medinipur,Keshpur,Teghori,Kontai,Ghoshpara Madhya,1343048,7103519,420205688,Deep Tubewell,Ground Water,Kamal Ghosh,Gram Panchayet,2015-2016,0.84,0.84,02-Apr-15,20-Apr-15,03-06-2024
West Bengal,Paschim Medinipur,Keshpur,Amrakuchi,Amrakuchi,Dolaipara,1343152,7132385,420206306,Deep Tubewell,Ground Water,Niren Mandal,Gram Panchayet,2015-2016,0.84,0.84,02-Mar-15,25-Mar-15,03-06-2024
West Bengal,Paschim Medinipur,Keshpur,Amrakuchi,Amrakuchi,Dolaipara,1343152,7132385,420206307,Deep Tubewell,Ground Water,Shib Mandir,Gram Panchayet,2015-2016,0.84,0.84,02-Mar-15,25-Mar-15,03-06-2024
West Bengal,Paschim Medinipur,Keshpur,Amrakuchi,Amrakuchi,Dolaipara,1343152,7132385,420206308,Deep Tubewell,Ground Water,Nimai Doloi,Gram Panchayet,2015-2016,0.84,0.84,02-Mar-15,25-Mar-15,03-06-2024
West Bengal,Paschim Medinipur,Keshpur,Amrakuchi,Amsol,Amsole,1343124,7132385,420206311,Deep Tubewell,Ground Water,Niranjan Pator,Gram Panchayet,2015-2016,0.84,0.84,02-Mar-15,25-Mar-15,03-06-2024
West Bengal,Paschim Medinipur,Keshpur,Kalagram,Birbira,Sk. Para,1343338,7132385,420206318,Deep Tubewell,Ground Water,Rahim Mallick,Gram Panchayet,2015-2016,0.84,0.84,02-Mar-15,25-Mar-15,03-06-2024
West Bengal,Paschim Medinipur,Keshpur,Amrakuchi,Bagasol,Baglasole - Dangapur,1343125,7140830,420207073,Deep Tubewell,Ground Water,Dayal Babu,Gram Panchayet,2015-2016,0.84,0.84,02-Mar-15,28-Mar-15,03-06-2024
West Bengal,Paschim Medinipur,Keshpur,Amanpur,Eluni,Eloni Mondalpara,1342776,7140830,420207076,Deep Tubewell,Ground Water,Krista Mandal,Gram Panchayet,2015-2016,0.84,0.84,02-Mar-15,28-Mar-15,03-06-2024
West Bengal,Paschim Medinipur,Keshpur,Amanpur,Eluni,Eloni Mondalpara,1342776,7140831,420207087,Deep Tubewell,Ground Water,Khokon Koyla,Gram Panchayet,2015-2016,0.84,0.84,02-Mar-15,28-Mar-15,03-06-2024
West Bengal,Paschim Medinipur,Keshpur,Sirsa,Shirsha,Shirsha,1766945,7214185,420208592,Deep Tubewell,Ground Water,Nirmal Pramanik,Gram Panchayet,2015-2016,0.86,0.86,02-Apr-15,10-May-15,03-06-2024
West Bengal,Paschim Medinipur,Keshpur,Sirsa,Shirsha,Shirsha,1766945,7214185,420208595,Deep Tubewell,Ground Water,Nimai Doloi,Gram Panchayet,2015-2016,0.86,0.86,02-Apr-15,10-May-15,03-06-2024
West Bengal,Paschim Medinipur,Keshpur,Sirsa,Shirsha,Shirsha,1766945,7214185,420208596,Deep Tubewell,Ground Water,S.S.K.,Gram Panchayet,2015-2016,0.86,0.86,02-Apr-15,10-May-15,03-06-2024
West Bengal,Paschim Medinipur,Keshpur,Sirsa,Shirsha,Shirsha,1766945,7214185,420208601,Deep Tubewell,Ground Water,Pudhor Pan,Gram Panchayet,2015-2016,0.86,0.86,02-Apr-15,10-May-15,03-06-2024
West Bengal,Paschim Medinipur,Keshpur,Amanpur,Chena Pat,Chiapat Chitrapat,1342784,7219141,420208825,Deep Tubewell,Ground Water,Nityaranjan Ghosh,Gram Panchayet,2015-2016,0.86,0.86,05-Apr-15,01-May-15,03-06-2024
West Bengal,Paschim Medinipur,Keshpur,Enayetpur,Kapash Tikri,Kapastikri Daspara,1343772,7219163,420208834,Deep Tubewell,Ground Water,Swapan Soren,Gram Panchayet,2015-2016,0.86,0.86,02-Apr-15,10-Apr-15,03-06-2024
West Bengal,Paschim Medinipur,Keshpur,Teghori,Chanda Bila,Chandabila Madhya,1343073,7294636,420210113,Deep Tubewell,Ground Water,I.C.D.S.,Gram Panchayet,2015-2016,0.8,0.8,02-Apr-15,26-Apr-15,03-06-2024
West Bengal,Paschim Medinipur,Keshpur,Kalagram,Bhol Sarapota,Dolaipara,1343331,7299163,420210423,Deep Tubewell,Ground Water,Shankar Doloi,Gram Panchayet,2015-2016,0.8,0.8,05-May-15,30-May-15,03-06-2024
West Bengal,Paschim Medinipur,Keshpur,Anandapur,Jhatiar,Purbapara,1343246,7304466,420210908,Deep Tubewell,Ground Water,Sk Kubad Ali,Gram Panchayet,2015-2016,0.8,0.8,02-May-15,22-May-15,03-06-2024
West Bengal,Paschim Medinipur,Keshpur,Anandapur,Jhatiar,Purbapara,1343246,7304466,420210909,Deep Tubewell,Ground Water,College,Gram Panchayet,2015-2016,0.8,0.8,02-May-15,22-May-15,03-06-2024
West Bengal,Paschim Medinipur,Keshpur,Sirsa,Toria,Taria,1342647,6859052,420127095,Deep Tubewell,Ground Water,Kshudiram Mondal,Gram Panchayat,2014-2015,0.8,0.8,02-Jul-14,28-Jul-14,03-06-2024
West Bengal,Paschim Medinipur,Keshpur,Sirsa,Khari Gerya,Dakshinpara,1342854,6859052,420127100,Deep Tubewell,Ground Water,Durga Charan Koyla,Gram Panchayat,2014-2015,0.8,0.8,02-Jul-14,28-Jul-14,03-06-2024
West Bengal,Paschim Medinipur,Keshpur,Sirsa,Akmura,Akmura Doloipara,1342655,6859960,420127473,Deep Tubewell,Ground Water,Nitai Bayen,Gram Panchayat,2014-2015,0.84,0.84,06-Jun-14,25-Jun-14,03-06-2024
West Bengal,Paschim Medinipur,Keshpur,Amanpur,Askanda,Sarkarpara,1342738,6859963,420127492,Deep Tubewell,Ground Water,Bela Pora,Gram Panchayat,2014-2015,0.84,0.84,12-Jun-14,29-Jun-14,03-06-2024
West Bengal,Paschim Medinipur,Keshpur,Teghori,Kali Nagar,Kalinagar,1343025,6861674,420128660,Deep Tubewell,Ground Water,Hari Mandir,Gram Panchayat,2014-2015,0.84,0.84,06-Jul-14,20-Jul-14,03-06-2024
West Bengal,Paschim Medinipur,Keshpur,Kalagram,Chand Chak,Dolaipara,1343408,6867188,420132418,Deep Tubewell,Ground Water,Nanda Doloi,Gram Panchayat,2014-2015,0.82,0.82,02-Jul-14,28-Jul-14,03-06-2024
West Bengal,Paschim Medinipur,Keshpur,Amrakuchi,Panchami,Mollapara,1343137,6869420,420134675,Deep Tubewell,Ground Water,Jakir Khan,Gram Panchayat,2014-2015,0.82,0.82,12-Aug-14,12-Apr-17,03-06-2024
West Bengal,Paschim Medinipur,Keshpur,Amrakuchi,Panchami,Mollapara,1343137,6869420,420134677,Deep Tubewell,Ground Water,Sadir Mahammad,Gram Panchayat,2014-2015,0.82,0.82,12-Aug-14,12-Apr-17,03-06-2024
West Bengal,Paschim Medinipur,Keshpur,Amrakuchi,Amsol,Amsole,1343124,6869420,420134679,Deep Tubewell,Ground Water,Niranjan Pator,Gram Panchayat,2014-2015,0.82,0.82,12-Aug-14,12-Apr-17,03-06-2024
West Bengal,Paschim Medinipur,Keshpur,Teghori,Kontai,Bauti Madhya,1343051,6869421,420134684,Deep Tubewell,Ground Water,Shambhu Bauti,Gram Panchayat,2014-2015,0.82,0.82,12-Aug-14,28-Aug-14,03-06-2024
West Bengal,Paschim Medinipur,Keshpur,Teghori,Kontai,Ghoshpara Paschim,1343046,6869421,420134685,Deep Tubewell,Ground Water,I.C.D.S.,Gram Panchayat,2014-2015,0.82,0.82,12-Aug-14,28-Aug-14,03-06-2024
West Bengal,Paschim Medinipur,Keshpur,Teghori,Kontai,Malpara Madhya,1343055,6869421,420134683,Deep Tubewell,Ground Water,Madhyamik Shiksha Kendra,Gram Panchayat,2014-2015,0.82,0.82,12-Aug-14,28-Aug-14,03-06-2024
West Bengal,Paschim Medinipur,Keshpur,Anandapur,Anandapur,Gayan Para,1343216,6884351,420139568,Deep Tubewell,Ground Water,Chanlikala I.C.D.S.,Gram Panchayat,2014-2015,0.84,0.84,08-Aug-14,28-Aug-14,03-06-2024
West Bengal,Paschim Medinipur,Keshpur,Anandapur,Anandapur,Gayan Para,1343216,6884351,420139570,Deep Tubewell,Ground Water,Jamal Gayen,Gram Panchayat,2014-2015,0.84,0.84,08-Aug-14,28-Aug-14,03-06-2024
West Bengal,Paschim Medinipur,Keshpur,Amrakuchi,Sona Diha,Sonadiha,1343134,6884442,420139611,Deep Tubewell,Ground Water,Sonadiha I.C.D.S.,Gram Panchayat,2014-2015,0.84,0.84,12-Aug-14,10-Sep-14,03-06-2024
West Bengal,Paschim Medinipur,Keshpur,Amrakuchi,Mukti Chak,Amulia,1343161,6884442,420139617,Deep Tubewell,Ground Water,Ratan Das,Gram Panchayat,2014-2015,0.84,0.84,12-Aug-14,10-Sep-14,03-06-2024
West Bengal,Paschim Medinipur,Keshpur,Amrakuchi,Pipurda,Hari Mandir Tala,1343103,6884442,420139614,Deep Tubewell,Ground Water,Hari Mandir,Gram Panchayat,2014-2015,0.84,0.84,12-Aug-14,10-Sep-14,03-06-2024
West Bengal,Paschim Medinipur,Keshpur,Amrakuchi,Pipurda,Hari Mandir Tala,1343103,6884442,420139615,Deep Tubewell,Ground Water,Purnima Ghosh,Gram Panchayat,2014-2015,0.84,0.84,12-Aug-14,10-Sep-14,03-06-2024
West Bengal,Paschim Medinipur,Keshpur,Amrakuchi,Pipurda,Mallickpara,1343102,6884442,420139613,Deep Tubewell,Ground Water,Bhattacharya,Gram Panchayat,2014-2015,0.84,0.84,12-Aug-14,10-Sep-14,03-06-2024
West Bengal,Paschim Medinipur,Keshpur,Enayetpur,Kanja Gerya,Kanja Gerya,1766666,6885126,420139840,Deep Tubewell,Ground Water,Lakshikanta Adgari,Gram Panchayat,2014-2015,0.8,0.8,12-Aug-14,28-Aug-14,03-06-2024
West Bengal,Paschim Medinipur,Keshpur,Enayetpur,Mahesh Pur,Harijanpara,1343847,6885126,420139843,Deep Tubewell,Ground Water,Shitala Mandir,Gram Panchayat,2014-2015,0.8,0.8,12-Aug-14,28-Aug-14,03-06-2024
West Bengal,Paschim Medinipur,Keshpur,Enayetpur,Bagrui,Bagrai Bagdipara,1343839,6885178,420139885,Deep Tubewell,Ground Water,Ghanatan Soren,Gram Panchayat,2014-2015,0.8,0.8,12-Aug-14,28-Aug-14,03-06-2024
West Bengal,Paschim Medinipur,Keshpur,Enayetpur,Bagrui,Doloipara,1343840,6885178,420139887,Deep Tubewell,Ground Water,Biswajit Singha,Gram Panchayat,2014-2015,0.8,0.8,12-Aug-14,28-Aug-14,03-06-2024
West Bengal,Paschim Medinipur,Keshpur,Enayetpur,Mohadi Chak,Mohadi Chak,1766766,6885178,420139879,Deep Tubewell,Ground Water,Shankar Babu,Gram Panchayat,2014-2015,0.8,0.8,12-Aug-14,28-Aug-14,03-06-2024
West Bengal,Paschim Medinipur,Keshpur,Kalagram,Thaur,Thaur,1766913,6885373,420139905,Deep Tubewell,Ground Water,Mondir,Gram Panchayat,2014-2015,0.8,0.8,12-Aug-14,28-Aug-14,03-06-2024
West Bengal,Paschim Medinipur,Keshpur,Kalagram,Thaur,Thaur,1766913,6885373,420139908,Deep Tubewell,Ground Water,Primary School,Gram Panchayat,2014-2015,0.8,0.8,12-Aug-14,28-Aug-14,03-06-2024
West Bengal,Paschim Medinipur,Keshpur,Kalagram,Thaur,Thaur,1766913,6885373,420139913,Deep Tubewell,Ground Water,Ajit Midya,Gram Panchayat,2014-2015,0.8,0.8,12-Aug-14,28-Aug-14,03-06-2024
West Bengal,Paschim Medinipur,Keshpur,Kalagram,Thaur,Thaur,1766913,6901994,420143820,Deep Tubewell,Ground Water,Ramkrisna Das,Gram Panchayat,2014-2015,0.84,0.84,12-Aug-14,30-Aug-14,03-06-2024
West Bengal,Paschim Medinipur,Keshpur,Kalagram,Thaur,Thaur,1766913,6901994,420143822,Deep Tubewell,Ground Water,Gobinda Sannasi,Gram Panchayat,2014-2015,0.84,0.84,12-Aug-14,30-Aug-14,03-06-2024
West Bengal,Paschim Medinipur,Keshpur,Kalagram,Thaur,Thaur,1766913,6901994,420143827,Deep Tubewell,Ground Water,Laxmikanta Guni,Gram Panchayat,2014-2015,0.84,0.84,12-Aug-14,30-Aug-14,03-06-2024
West Bengal,Paschim Medinipur,Keshpur,Kalagram,Chand Chak,Dolaipara,1343408,6901994,420143819,Deep Tubewell,Ground Water,Manik Doloi,Gram Panchayat,2014-2015,0.84,0.84,12-Aug-14,30-Aug-14,03-06-2024
West Bengal,Paschim Medinipur,Keshpur,Sirsa,Maharajpur,Muslimpara,1342640,6902664,420144402,Deep Tubewell,Ground Water,Sk Amrin,Gram Panchayat,2014-2015,0.84,0.84,08-Aug-14,28-Aug-14,03-06-2024
West Bengal,Paschim Medinipur,Keshpur,Dhalhara,Narayan Chak,Chowdhury Para,1343590,6902682,420144470,Deep Tubewell,Ground Water,Road Side,Gram Panchayat,2014-2015,0.84,0.84,12-Aug-14,28-Aug-14,03-06-2024
West Bengal,Paschim Medinipur,Keshpur,Dhalhara,Keottala,Keatola,1343607,6902682,420144471,Deep Tubewell,Ground Water,Mantu Jana,Gram Panchayat,2014-2015,0.84,0.84,12-Aug-14,28-Aug-14,03-06-2024
West Bengal,Paschim Medinipur,Keshpur,Anandapur,Lepsa,Chinchindanga,1343252,6903322,420145169,Deep Tubewell,Ground Water,Ajit Majhi,Gram Panchayat,2014-2015,0.8,0.8,12-Aug-14,30-Aug-14,03-06-2024
West Bengal,Paschim Medinipur,Keshpur,Sirsa,Golaugrasanda,Muslimpara,1342668,6903322,420145155,Deep Tubewell,Ground Water,Sk Samser Ali,Gram Panchayat,2014-2015,0.8,0.8,12-Aug-14,30-Aug-14,03-06-2024
West Bengal,Paschim Medinipur,Keshpur,Anandapur,Pachra,Bhunia Para,1343223,6903322,420145162,Deep Tubewell,Ground Water,C.P.I.(M) Party Office,Gram Panchayat,2014-2015,0.8,0.8,12-Aug-14,30-Aug-14,03-06-2024
West Bengal,Paschim Medinipur,Keshpur,Amanpur,Eluni,Eloni Mondalpara,1342776,6903356,420145212,Deep Tubewell,Ground Water,Badal  Mondal,Gram Panchayat,2014-2015,0.8,0.8,12-Aug-14,30-Aug-14,03-06-2024
West Bengal,Paschim Medinipur,Keshpur,Amanpur,Eluni,Mahajarpara,1342777,6903356,420145208,Deep Tubewell,Ground Water,Prabir Ghosh,Gram Panchayat,2014-2015,0.8,0.8,12-Aug-14,30-Aug-14,03-06-2024
West Bengal,Paschim Medinipur,Keshpur,Enayetpur,Dosatina,Dasarina Samantapara,1343749,6903356,420145219,Deep Tubewell,Ground Water,Pashupati Kha,Gram Panchayat,2014-2015,0.8,0.8,12-Aug-14,30-Aug-14,03-06-2024
West Bengal,Paschim Medinipur,Keshpur,Enayetpur,Dosatina,Janapara,1343751,6903356,420145220,Deep Tubewell,Ground Water,Bisnupada Jana,Gram Panchayat,2014-2015,0.8,0.8,12-Aug-14,30-Aug-14,03-06-2024
West Bengal,Paschim Medinipur,Keshpur,Enayetpur,Paharchak,Bhuniapara,1343740,6903467,420145443,Deep Tubewell,Ground Water,M.S.K.,Gram Panchayat,2014-2015,0.8,0.8,02-Sep-14,25-Sep-14,03-06-2024
West Bengal,Paschim Medinipur,Keshpur,Enayetpur,Paharchak,Paharchak Adibasipara,1343739,6903467,420145445,Deep Tubewell,Ground Water,Hori Mondir,Gram Panchayat,2014-2015,0.8,0.8,02-Sep-14,25-Sep-14,03-06-2024
West Bengal,Paschim Medinipur,Keshpur,Amanpur,Satdubi,Satdubi,1342755,6905177,420147108,Deep Tubewell,Ground Water,Laxmi Midya,Gram Panchayat,2014-2015,0.86,0.86,12-Aug-14,06-Sep-14,03-06-2024
West Bengal,Paschim Medinipur,Keshpur,Jhentla,Manta,Alipara,1343667,6908582,420150752,Deep Tubewell,Ground Water,R.I.Office,Gram Panchayat,2014-2015,0.8,0.8,10-Oct-14,25-Oct-14,03-06-2024
West Bengal,Paschim Medinipur,Keshpur,Jhentla,Manta,Masjidpara,1343665,6908582,420150749,Deep Tubewell,Ground Water,Sk Besarot Ali,Gram Panchayat,2014-2015,0.8,0.8,10-Oct-14,25-Oct-14,03-06-2024
West Bengal,Paschim Medinipur,Keshpur,Enayetpur,Pakurya,Shitalamandirpara,1343818,6916258,420159903,Deep Tubewell,Ground Water,Basanti Mandir,Gram Panchayat,2014-2015,0.84,0.84,10-Oct-14,15-Nov-14,03-06-2024
West Bengal,Paschim Medinipur,Keshpur,Sirsa,Rajgram,Rajagram Puilapara,1342681,6918967,420162895,Deep Tubewell,Ground Water,Haradhan Ghosh,Gram Panchayat,2014-2015,0.84,0.84,12-Oct-14,10-Nov-14,03-06-2024
West Bengal,Paschim Medinipur,Keshpur,Sirsa,Gopinathpur,Gopinathpur Maitypara,1342642,6918967,420162892,Deep Tubewell,Ground Water,Shib Mandir,Gram Panchayat,2014-2015,0.84,0.84,12-Oct-14,10-Nov-14,03-06-2024
West Bengal,Paschim Medinipur,Keshpur,Jhentla,Manta,Churijeria,1343668,6920898,420165434,Deep Tubewell,Ground Water,Sk Siraj Ali,Gram Panchayat,2014-2015,0.86,0.86,12-Oct-14,02-Nov-14,03-06-2024
West Bengal,Paschim Medinipur,Keshpur,Teghori,Betbani Radha Khauki,Betbani Radha Khauki,1766956,6910522,420152401,Deep Tubewell,Ground Water,Primary School,Gram Panchayat,2014-2015,0.83,0.83,08-Oct-14,30-Oct-14,03-06-2024
West Bengal,Paschim Medinipur,Keshpur,Teghori,Betbani Radha Khauki,Betbani Radha Khauki,1766956,6910522,420152400,Deep Tubewell,Ground Water,Shital Bhunia,Gram Panchayat,2014-2015,0.83,0.83,08-Oct-14,30-Oct-14,03-06-2024
West Bengal,Paschim Medinipur,Keshpur,Teghori,Talchhara,Talchara Adibasipara,1343018,6910522,420152405,Deep Tubewell,Ground Water,Junior High School,Gram Panchayat,2014-2015,0.83,0.83,08-Oct-14,30-Oct-14,03-06-2024
West Bengal,Paschim Medinipur,Keshpur,Kalagram,Gopinath Bati,Gopinathbati - Mallickpara,1343374,6920898,420165425,Deep Tubewell,Ground Water,Sk Atabul Mallick,Gram Panchayat,2014-2015,0.86,0.86,12-Oct-14,02-Nov-14,03-06-2024
West Bengal,Paschim Medinipur,Keshpur,Enayetpur,Pakurya,Berapara,1343822,6921595,420165995,Deep Tubewell,Ground Water,Anath Bera,Gram Panchayat,2014-2015,0.82,0.82,12-Nov-14,10-May-17,03-06-2024
West Bengal,Paschim Medinipur,Keshpur,Enayetpur,Raipukuria Gholai,Mondalpara,1343814,6921595,420165991,Deep Tubewell,Ground Water,Sumanta Gayen,Gram Panchayat,2014-2015,0.82,0.82,12-Nov-14,10-May-17,03-06-2024
West Bengal,Paschim Medinipur,Keshpur,Amrakuchi,Khasla,Khasla,1343167,6921595,420165979,Deep Tubewell,Ground Water,I.C.D.S.,Gram Panchayat,2014-2015,0.82,0.82,12-Nov-14,10-May-17,03-06-2024
West Bengal,Paschim Medinipur,Keshpur,Jagannathpur,Jagannathpur,Bayaarchak,1343008,6921595,420165976,Deep Tubewell,Ground Water,Road Side,Gram Panchayat,2014-2015,0.82,0.82,12-Nov-14,10-May-17,03-06-2024
West Bengal,Paschim Medinipur,Keshpur,Jagannathpur,Kheruabali,Kheruabali Uttarpara,1342951,6921595,420165977,Deep Tubewell,Ground Water,Primary School,Gram Panchayat,2014-2015,0.82,0.82,12-Nov-14,10-May-17,03-06-2024
West Bengal,Paschim Medinipur,Keshpur,Enayetpur,Brahman Gerya,Ghoshpara,1343795,6921616,420165999,Deep Tubewell,Ground Water,Bankim Ghosh,Gram Panchayat,2014-2015,0.84,0.84,12-Nov-14,05-Dec-14,03-06-2024
West Bengal,Paschim Medinipur,Keshpur,Anandapur,Nutan Bajar,Torrapara,1343255,6922669,420167654,Deep Tubewell,Ground Water,Ranjit Sing,Gram Panchayat,2014-2015,0.86,0.86,12-Nov-14,10-Dec-14,03-06-2024
West Bengal,Paschim Medinipur,Keshpur,Mugbasan,Bejara,Belara,1342874,6925205,420170439,Deep Tubewell,Ground Water,Sk Motiur Rahaman,Gram Panchayat,2014-2015,0.84,0.84,10-Dec-14,30-Dec-14,03-06-2024
West Bengal,Paschim Medinipur,Keshpur,Mugbasan,Bejara,Belara,1342874,6925205,420170440,Deep Tubewell,Ground Water,I.C.D.S.,Gram Panchayat,2014-2015,0.84,0.84,10-Dec-14,30-Dec-14,03-06-2024
West Bengal,Paschim Medinipur,Keshpur,Mugbasan,Shasa Bani,Sasaboni,1342875,6925205,420170448,Deep Tubewell,Ground Water,Party Office,Gram Panchayat,2014-2015,0.84,0.84,10-Dec-14,30-Dec-14,03-06-2024
West Bengal,Paschim Medinipur,Keshpur,Enayetpur,Chak Mansur,Chakmasur Kartiksamantapara,1343786,6927908,420172698,Deep Tubewell,Ground Water,Jhareswar Patra,Gram Panchayat,2014-2015,0.82,0.82,12-Oct-14,30-Dec-14,03-06-2024
West Bengal,Paschim Medinipur,Keshpur,Enayetpur,Ganadiha,Keshab Diyalipara,1343802,6928652,420173208,Deep Tubewell,Ground Water,Nanda Diyali,Gram Panchayat,2014-2015,0.82,0.82,06-Oct-14,20-Dec-14,03-06-2024
West Bengal,Paschim Medinipur,Keshpur,Enayetpur,Brahman Gerya,Bramhangeria Senguptapara,1343792,6928652,420173209,Deep Tubewell,Ground Water,Pump House,Gram Panchayat,2014-2015,0.82,0.82,06-Oct-14,20-Dec-14,03-06-2024
West Bengal,Paschim Medinipur,Keshpur,Dhalhara,Uttar Parshura,Roy Para,1343571,6928652,420173197,Deep Tubewell,Ground Water,Road Side,Gram Panchayat,2014-2015,0.82,0.82,06-Oct-14,20-Dec-14,03-06-2024
West Bengal,Paschim Medinipur,Keshpur,Dhalhara,Arjuni,Arjuni,1343543,6928652,420173198,Deep Tubewell,Ground Water,Jodu Sing,Gram Panchayat,2014-2015,0.82,0.82,06-Oct-14,20-Dec-14,03-06-2024
West Bengal,Paschim Medinipur,Keshpur,Sarishakhola,Taba Gerya,Kamirbaripara,1343441,6404860,420067899,Deep Tubewell,Ground Water,KAMIRBARIPARA,Gram Panchayet,2013-2014,0.75,0.75,01-Apr-13,12-Jan-14,03-06-2024
West Bengal,Paschim Medinipur,Keshpur,Sarishakhola,Taba Gerya,Panchichak Mubirpara,1343442,6404860,420067897,Deep Tubewell,Ground Water,MUBIRPARA,Gram Panchayet,2013-2014,0.75,0.75,01-Apr-13,12-Jan-14,03-06-2024
West Bengal,Paschim Medinipur,Keshpur,Sirsa,Akmura,Pakhirapara,1342659,6404860,420067893,Deep Tubewell,Ground Water,PAKHIRAPARA,Gram Panchayet,2013-2014,0.75,0.75,01-Apr-13,12-Jan-14,03-06-2024
West Bengal,Paschim Medinipur,Keshpur,Sirsa,Ghoradaura,Ghoshdoura,1342669,6404926,420068035,Deep Tubewell,Ground Water,GHOSHDOURA,Gram Panchayet,2013-2014,0.75,0.75,01-Apr-13,14-Jan-14,03-06-2024
West Bengal,Paschim Medinipur,Keshpur,Sirsa,Begun Bari,Begumbari,1342674,6404926,420068037,Deep Tubewell,Ground Water,BEGUMBARI,Gram Panchayet,2013-2014,0.75,0.75,01-Apr-13,14-Jan-14,03-06-2024
West Bengal,Paschim Medinipur,Keshpur,Sirsa,Emua,Emua,1342693,6404926,420068036,Deep Tubewell,Ground Water,EMUA,Gram Panchayet,2013-2014,0.75,0.75,01-Apr-13,14-Jan-14,03-06-2024
West Bengal,Paschim Medinipur,Keshpur,Sirsa,Khetua,Biswaspara,1342688,6404926,420068014,Deep Tubewell,Ground Water,BISWASPARA,Gram Panchayet,2013-2014,0.75,0.75,01-Apr-13,14-Jan-14,03-06-2024
West Bengal,Paschim Medinipur,Keshpur,Sirsa,Mohabani,Hazipara,1342704,6404981,420068184,Deep Tubewell,Ground Water,HAZIPARA,Gram Panchayet,2013-2014,0.8,0.8,12-May-13,25-Jan-14,03-06-2024
West Bengal,Paschim Medinipur,Keshpur,Sirsa,Rajgram,Paikpara,1342682,6404981,420068181,Deep Tubewell,Ground Water,PAIKPARA,Gram Panchayet,2013-2014,0.8,0.8,12-May-13,25-Jan-14,03-06-2024
West Bengal,Paschim Medinipur,Keshpur,Sirsa,Uttar Shirsha,Uttarsirsa,1342692,6405060,420068317,Deep Tubewell,Ground Water,UTTARSIRSHA,Gram Panchayet,2013-2014,0.8,0.8,12-Apr-13,21-Feb-14,03-06-2024
West Bengal,Paschim Medinipur,Keshpur,Sirsa,Toria,Majirdihi,1342652,6405060,420068321,Deep Tubewell,Ground Water,MAJIRDIHI,Gram Panchayet,2013-2014,0.8,0.8,12-Apr-13,21-Feb-14,03-06-2024
West Bengal,Paschim Medinipur,Keshpur,Sirsa,Toria,Dakshinpara,1342648,6405060,420068322,Deep Tubewell,Ground Water,DAKSHINPARA,Gram Panchayet,2013-2014,0.8,0.8,12-Apr-13,21-Feb-14,03-06-2024
West Bengal,Paschim Medinipur,Keshpur,Teghori,Khanra Sai,Kharasai,1343015,6405060,420068286,Deep Tubewell,Ground Water,KHARSAI,Gram Panchayet,2013-2014,0.8,0.8,12-Apr-13,21-Feb-14,03-06-2024
West Bengal,Paschim Medinipur,Keshpur,Teghori,Gobardda,Sinjh Para,1343059,6405060,420068293,Deep Tubewell,Ground Water,SINJHPARA,Gram Panchayet,2013-2014,0.8,0.8,12-Apr-13,21-Feb-14,03-06-2024
West Bengal,Paschim Medinipur,Keshpur,Teghori,Kanch Gerya,Birsinghapara,1343087,6405060,420068290,Deep Tubewell,Ground Water,BIRSINGHAPARA,Gram Panchayet,2013-2014,0.8,0.8,12-Apr-13,21-Feb-14,03-06-2024
West Bengal,Paschim Medinipur,Keshpur,Teghori,Bara Baruj,Danla Para,1343093,6405060,420068311,Deep Tubewell,Ground Water,DANLAPARA,Gram Panchayet,2013-2014,0.8,0.8,12-Apr-13,21-Feb-14,03-06-2024
West Bengal,Paschim Medinipur,Keshpur,Teghori,Mejura,Dakshin Para,1343069,6405119,420068388,Deep Tubewell,Ground Water,DAKHINPARA,Gram Panchayet,2013-2014,0.8,0.8,12-May-13,25-Jan-14,03-06-2024
West Bengal,Paschim Medinipur,Keshpur,Teghori,Kontai,Dolai Madhya,1343049,6405119,420068400,Deep Tubewell,Ground Water,DOLAIMADHYA,Gram Panchayet,2013-2014,0.8,0.8,12-May-13,25-Jan-14,03-06-2024
West Bengal,Paschim Medinipur,Keshpur,Teghori,Kshirkul,Khirkul Maitipara,1343035,6405119,420068393,Deep Tubewell,Ground Water,MAITIPARA,Gram Panchayet,2013-2014,0.8,0.8,12-May-13,25-Jan-14,03-06-2024
West Bengal,Paschim Medinipur,Keshpur,Teghori,Kharpuri,Khapari Madhapara,1343029,6405119,420068408,Deep Tubewell,Ground Water,KHAPARI MADHAPARA,Gram Panchayet,2013-2014,0.8,0.8,12-May-13,25-Jan-14,03-06-2024
West Bengal,Paschim Medinipur,Keshpur,Teghori,Kharga Diha,Kharadiha,1343024,6405119,420068409,Deep Tubewell,Ground Water,KHARADIHA,Gram Panchayet,2013-2014,0.8,0.8,12-May-13,25-Jan-14,03-06-2024
West Bengal,Paschim Medinipur,Keshpur,Teghori,Ramakata,Ramakata,1343022,6405144,420068469,Deep Tubewell,Ground Water,RAMAKATA,Gram Panchayet,2013-2014,0.8,0.8,12-May-13,24-Jan-14,03-06-2024
West Bengal,Paschim Medinipur,Keshpur,Dhalhara,Madhyam Parshura,Bhui Para,1343563,6405922,420069570,Deep Tubewell,Ground Water,BHUIPARA,Gram Panchayet,2013-2014,0.84,0.84,12-Apr-13,15-Jan-14,03-06-2024
West Bengal,Paschim Medinipur,Keshpur,Golarh,Lakshman Chak,Adibasi Para,1343583,6405922,420069564,Deep Tubewell,Ground Water,ADIBASIPARA,Gram Panchayet,2013-2014,0.84,0.84,12-Apr-13,15-Jan-14,03-06-2024
West Bengal,Paschim Medinipur,Keshpur,Mugbasan,Ashrafpur,Paschimpara,1343265,6405922,420069558,Deep Tubewell,Ground Water,PASCHIMPARA,Gram Panchayet,2013-2014,0.84,0.84,12-Apr-13,15-Jan-14,03-06-2024
West Bengal,Paschim Medinipur,Keshpur,Jorakeudi Solidiha,Kakta Bahadur Nagar,Samantapara,1342605,6405922,420069561,Deep Tubewell,Ground Water,SAMANTAPARA,Gram Panchayet,2013-2014,0.84,0.84,12-Apr-13,15-Jan-14,03-06-2024
West Bengal,Paschim Medinipur,Keshpur,Mugbasan,Shasa Bani,Sasaboni,1342875,6405937,420069584,Deep Tubewell,Ground Water,SASABONI,Gram Panchayet,2013-2014,0.75,0.75,21-Apr-13,15-Jan-14,03-06-2024
West Bengal,Paschim Medinipur,Keshpur,Anandapur,Tengaerya,Sk. Para,1343225,6406483,420070046,Deep Tubewell,Ground Water,SK. PARA,GRAM PANCHAYAT,2013-2014,0.85,0.85,01-Jul-13,30-Aug-13,03-06-2024
West Bengal,Paschim Medinipur,Keshpur,Sarishakhola,Ghoshpur,Paschim Ghoshkur,1343464,6434970,420074977,Deep Tubewell,Ground Water,PASCHIM GHOSHKUR,PASCHIM GHOSHKUR,2013-2014,0.84,0.84,21-Aug-13,30-Sep-13,03-06-2024
West Bengal,Paschim Medinipur,Keshpur,Sarishakhola,Radhakantapur,Radhakantapur,1343435,6435063,420074985,Deep Tubewell,Ground Water,RADHAKANTAPUR,RADHAKANTAPUR,2013-2014,0.81,0.81,21-Apr-13,30-Jun-13,03-06-2024
West Bengal,Paschim Medinipur,Keshpur,Dhalhara,Khejur Bani,Dakshin Para,1343597,6437345,420248793,Deep Tubewell,Ground Water,Khejurboni,Construction of Rig Bored tube well Spot Sources fitted with India Mark II hand pump in different Blocks of Paschim Medinipur District 490 No TWs,2013-2014,392,450.81,01-Mar-13,03-May-23,03-06-2024
West Bengal,Paschim Medinipur,Keshpur,Amrakuchi,Amrakuchi,Dolaipara,1343152,6437345,420248792,Deep Tubewell,Ground Water,Tasarara Pry. School,Construction of Rig Bored tube well Spot Sources fitted with India Mark II hand pump in different Blocks of Paschim Medinipur District 490 No TWs,2013-2014,392,450.81,01-Mar-13,03-May-23,03-06-2024
West Bengal,Paschim Medinipur,Keshpur,Mugbasan,Jheta Jambani,Jheta Jamboni Khanpara,1342881,6437345,420248788,Deep Tubewell,Ground Water,Jhetia Jamboni Pry. School,Construction of Rig Bored tube well Spot Sources fitted with India Mark II hand pump in different Blocks of Paschim Medinipur District 490 No TWs,2013-2014,392,450.81,01-Mar-13,03-May-23,03-06-2024
West Bengal,Paschim Medinipur,Keshpur,Jhentla,Jiagerya,Jiageria,1343728,6437615,420081370,Deep Tubewell,Ground Water,Jiageria,Spot Sources for the mouzas colonized by Lodha Tribe [350 Nos. T/W],2013-2014,274.93,60,01-Mar-13,12-Sep-16,03-06-2024
West Bengal,Paschim Medinipur,Keshpur,Teghori,Renuar,Kalikapara,1343082,6437776,420233310,Deep Tubewell,Ground Water,Kalikapur Gunadhar Samanta,Construction of Rig Bored tube well Spot Sources fitted with India Mark  II hand pump in different Blocks of Paschim Medinipur District 600 No TWs,2013-2014,480,436.36,01-Apr-13,03-May-23,03-06-2024
West Bengal,Paschim Medinipur,Keshpur,Amrakuchi,Khas Jangal,Khasjangal,1343122,6437776,420233298,Deep Tubewell,Ground Water,Khas Jangal Near Laltu Ghosh,Construction of Rig Bored tube well Spot Sources fitted with India Mark  II hand pump in different Blocks of Paschim Medinipur District 600 No TWs,2013-2014,480,436.36,01-Apr-13,03-May-23,03-06-2024
West Bengal,Paschim Medinipur,Keshpur,Jorakeudi Solidiha,Saishol,Satsole,1342592,6437776,420233311,Deep Tubewell,Ground Water,Saisole Adibasipara,Construction of Rig Bored tube well Spot Sources fitted with India Mark  II hand pump in different Blocks of Paschim Medinipur District 600 No TWs,2013-2014,480,436.36,01-Apr-13,03-May-23,03-06-2024
West Bengal,Paschim Medinipur,Keshpur,Jorakeudi Solidiha,Sankrui,Sankrai,1342591,6437776,420233314,Deep Tubewell,Ground Water,Sankrai,Construction of Rig Bored tube well Spot Sources fitted with India Mark  II hand pump in different Blocks of Paschim Medinipur District 600 No TWs,2013-2014,480,436.36,01-Apr-13,03-May-23,03-06-2024
West Bengal,Paschim Medinipur,Keshpur,Sirsa,Akmura,Akmura Doloipara,1342655,6437776,420233316,Deep Tubewell,Ground Water,Mollapara Pukarpar,Construction of Rig Bored tube well Spot Sources fitted with India Mark  II hand pump in different Blocks of Paschim Medinipur District 600 No TWs,2013-2014,480,436.36,01-Apr-13,03-May-23,03-06-2024
West Bengal,Paschim Medinipur,Keshpur,Amanpur,Kota,Kota,1342779,6437776,420233318,Deep Tubewell,Ground Water,Kota,Construction of Rig Bored tube well Spot Sources fitted with India Mark  II hand pump in different Blocks of Paschim Medinipur District 600 No TWs,2013-2014,480,436.36,01-Apr-13,03-May-23,03-06-2024
West Bengal,Paschim Medinipur,Keshpur,Keshpur,Elni,Eluni Chak,1343305,6437776,420233321,Deep Tubewell,Ground Water,Elni Rode Site,Construction of Rig Bored tube well Spot Sources fitted with India Mark  II hand pump in different Blocks of Paschim Medinipur District 600 No TWs,2013-2014,480,436.36,01-Apr-13,03-May-23,03-06-2024
West Bengal,Paschim Medinipur,Keshpur,Amanpur,Brahman Gram,Brahman Gram,1766756,6437776,420233317,Deep Tubewell,Ground Water,Bamun gram,Construction of Rig Bored tube well Spot Sources fitted with India Mark  II hand pump in different Blocks of Paschim Medinipur District 600 No TWs,2013-2014,480,436.36,01-Apr-13,03-May-23,03-06-2024
West Bengal,Paschim Medinipur,Keshpur,Amanpur,Kedar Pur,Kedarpur,1342729,6579073,420085974,Deep Tubewell,Ground Water,Kartik Patra,Gram Panchayat Office,2014-2015,0.82,0,12-Mar-14,28-Mar-14,03-06-2024
West Bengal,Paschim Medinipur,Keshpur,Amanpur,Kedar Pur,Kedarpur,1342729,6579073,420085975,Deep Tubewell,Ground Water,Shital Ghosh,Gram Panchayat Office,2014-2015,0.82,0,12-Mar-14,28-Mar-14,03-06-2024
West Bengal,Paschim Medinipur,Keshpur,Amanpur,Tukura Pat,Turiapat,1342727,6579073,420085973,Deep Tubewell,Ground Water,High School,Gram Panchayat Office,2014-2015,0.82,0,12-Mar-14,28-Mar-14,03-06-2024
West Bengal,Paschim Medinipur,Keshpur,Amrakuchi,Panchami,Mollapara,1343137,6579073,420085961,Deep Tubewell,Ground Water,Latir Khan,Gram Panchayat Office,2014-2015,0.82,0,12-Mar-14,28-Mar-14,03-06-2024
West Bengal,Paschim Medinipur,Keshpur,Amrakuchi,Chaita,Chaita Kacharichak,1343143,6579073,420085956,Deep Tubewell,Ground Water,S.S.K.,Gram Panchayat Office,2014-2015,0.82,0,12-Mar-14,28-Mar-14,03-06-2024
West Bengal,Paschim Medinipur,Keshpur,Sirsa,Kalgerya,Kalgeria,1342653,6579276,420085980,Deep Tubewell,Ground Water,Mosjid,Gram Panchayat Office,2014-2015,0.8,0,02-Mar-14,02-Apr-14,03-06-2024
West Bengal,Paschim Medinipur,Keshpur,Sirsa,Kalgerya,Kalgeria,1342653,6579276,420085981,Deep Tubewell,Ground Water,Arsed Mallick,Gram Panchayat Office,2014-2015,0.8,0,02-Mar-14,02-Apr-14,03-06-2024
West Bengal,Paschim Medinipur,Keshpur,Sirsa,Kalgerya,Kalgeria,1342653,6579276,420085982,Deep Tubewell,Ground Water,Primary School,Gram Panchayat Office,2014-2015,0.8,0,02-Mar-14,02-Apr-14,03-06-2024
West Bengal,Paschim Medinipur,Keshpur,Enayetpur,Kapash Tikri,Maitipara,1343773,6579276,420085993,Deep Tubewell,Ground Water,Rampada Maity,Gram Panchayat Office,2014-2015,0.8,0,02-Mar-14,02-Apr-14,03-06-2024
West Bengal,Paschim Medinipur,Keshpur,Enayetpur,Kapash Tikri,Maitipara,1343773,6579276,420085994,Deep Tubewell,Ground Water,Khokon Bisoi,Gram Panchayat Office,2014-2015,0.8,0,02-Mar-14,02-Apr-14,03-06-2024
West Bengal,Paschim Medinipur,Keshpur,Amanpur,Kota,Kota,1342779,6579436,420086020,Deep Tubewell,Ground Water,Nandan Maiti,Gram Panchayat Office,2014-2015,0.78,0,10-Mar-14,18-Mar-14,03-06-2024
West Bengal,Paschim Medinipur,Keshpur,Amanpur,Nata Gerya,Patageria Bagpara,1342785,6588845,420086550,Deep Tubewell,Ground Water,Durgashankar Haldar,Gram Panchayet,2014-2015,0.8,0,02-Mar-14,18-Mar-14,03-06-2024
West Bengal,Paschim Medinipur,Keshpur,Amanpur,Nata Gerya,Patageria Bagpara,1342785,6588845,420086551,Deep Tubewell,Ground Water,Raju Ghosh,Gram Panchayet,2014-2015,0.8,0,02-Mar-14,18-Mar-14,03-06-2024
West Bengal,Paschim Medinipur,Keshpur,Amanpur,Teghara,Teghara Mandalpara,1342720,6588845,420086556,Deep Tubewell,Ground Water,Kalipada Jal,Gram Panchayet,2014-2015,0.8,0,02-Mar-14,18-Mar-14,03-06-2024
West Bengal,Paschim Medinipur,Keshpur,Amanpur,Palas Larya,Palastora Rajpara,1342705,6588845,420086562,Deep Tubewell,Ground Water,Mukul Roy,Gram Panchayet,2014-2015,0.8,0,02-Mar-14,18-Mar-14,03-06-2024
West Bengal,Paschim Medinipur,Keshpur,Jhentla,Paruliya,Parulea,1342670,6616126,420087416,Deep Tubewell,Ground Water,Chandan Sen,Gram Panchayet,2014-2015,0.84,0.84,12-Mar-14,30-Mar-14,03-06-2024
West Bengal,Paschim Medinipur,Keshpur,Jhentla,Padima,Jana Para,1343684,6616126,420087407,Deep Tubewell,Ground Water,Montu Jana,Gram Panchayet,2014-2015,0.84,0.84,12-Mar-14,30-Mar-14,03-06-2024
West Bengal,Paschim Medinipur,Keshpur,Jhentla,Shata Chak,Satachak - Manna Para,1343682,6616126,420087411,Deep Tubewell,Ground Water,Badal Manna,Gram Panchayet,2014-2015,0.84,0.84,12-Mar-14,30-Mar-14,03-06-2024
West Bengal,Paschim Medinipur,Keshpur,Jhentla,Shata Chak,Das Para,1343683,6673136,420090916,Deep Tubewell,Ground Water,Primary School,Gram Panchayat,2014-2015,0.8,0,12-Mar-14,28-Mar-14,03-06-2024
West Bengal,Paschim Medinipur,Keshpur,Jhentla,Shata Chak,Satachak - Manna Para,1343682,6673136,420090915,Deep Tubewell,Ground Water,Badal Manna,Gram Panchayat,2014-2015,0.8,0,12-Mar-14,28-Mar-14,03-06-2024
West Bengal,Paschim Medinipur,Keshpur,Jhentla,Padima,Jana Para,1343684,6673136,420090918,Deep Tubewell,Ground Water,S.S.K.,Gram Panchayat,2014-2015,0.8,0,12-Mar-14,28-Mar-14,03-06-2024
West Bengal,Paschim Medinipur,Keshpur,Jhentla,Padima,Jana Para,1343684,6673136,420090919,Deep Tubewell,Ground Water,Prafulla Gayen,Gram Panchayat,2014-2015,0.8,0,12-Mar-14,28-Mar-14,03-06-2024
West Bengal,Paschim Medinipur,Keshpur,Jhentla,Taruk Gerya,Turnkgeria,1343726,6673136,420090907,Deep Tubewell,Ground Water,Nepal Santra,Gram Panchayat,2014-2015,0.8,0,12-Mar-14,28-Mar-14,03-06-2024
West Bengal,Paschim Medinipur,Keshpur,Amrakuchi,Charka,Mallick Para,1343175,6673373,420090955,Deep Tubewell,Ground Water,Farhad Ali,Gram Panchayat,2014-2015,0.8,0,15-Mar-14,05-Apr-14,03-06-2024
West Bengal,Paschim Medinipur,Keshpur,Dhalhara,Parulia,Adibasi Para,1343547,6673373,420090941,Deep Tubewell,Ground Water,Sukumar Babu,Gram Panchayat,2014-2015,0.8,0,15-Mar-14,05-Apr-14,03-06-2024
West Bengal,Paschim Medinipur,Keshpur,Amrakuchi,Amrakuchi,Dangapara,1343154,6673433,420091025,Deep Tubewell,Ground Water,Turka Mandal,Gram Panchayat,2014-2015,0.8,0,15-Mar-14,05-Apr-14,03-06-2024
West Bengal,Paschim Medinipur,Keshpur,Amrakuchi,Rasidpur,Rashidpur,1343126,6677000,420091214,Deep Tubewell,Ground Water,Moyna Doloi,GRAM PANCHAYAT,2014-2015,0.82,0.82,02-Apr-14,28-Apr-14,03-06-2024
West Bengal,Paschim Medinipur,Keshpur,Amrakuchi,Amrakuchi,Adibasipara,1343151,8374175,5200343,Deep Tubewell,Ground Water,Adibasipara,SM/08872 RETROFITTING OF AMRAKUCHI W/S SCHEME,2020-2021,82.3,25.54271,10-Sep-21,03-May-23,03-06-2024
West Bengal,Paschim Medinipur,Keshpur,Dhalhara,Lakshman Chak,Panja Para,1343582,6071193,420251584,Deep Tubewell,Ground Water,Lakshman Chak ICDS,Cretion of drinking water source at Source Less Anganwadi Centers in Govt. Premises within different Blocks in paschim medinipur district,2013-2014,96.59,96.59,02-Jul-13,30-Aug-17,03-06-2024
West Bengal,Paschim Medinipur,Keshpur,Enayetpur,Chotta Pasha,Kumaripara,1343756,6297702,420028495,Deep Tubewell,Ground Water,Chotta Pasha,Chotta Pasha,2010-2011,0.79,0.79,29-Sep-10,30-Sep-10,03-06-2024
West Bengal,Paschim Medinipur,Keshpur,Sarishakhola,Got Gerya,Got Gerya,1766942,6377707,420049147,Deep Tubewell,Ground Water,Prafulla Bera,Gram Panchayat,2013-2014,0.8,0.8,25-May-13,24-Feb-14,03-06-2024
West Bengal,Paschim Medinipur,Keshpur,Enayetpur,Ghosh Diha,Ghoshdina Janapara,1343760,6388552,420053260,Deep Tubewell,Ground Water,Club,Gram Panchayat,2013-2014,0.7,0.7,25-Apr-13,24-Feb-14,03-06-2024
West Bengal,Paschim Medinipur,Keshpur,Enayetpur,Ghosh Diha,Ghoshdina Janapara,1343760,6388552,420053265,Deep Tubewell,Ground Water,Arup Kuar,Gram Panchayat,2013-2014,0.7,0.7,25-Apr-13,24-Feb-14,03-06-2024
West Bengal,Paschim Medinipur,Keshpur,Enayetpur,Chotta Pasha,Kumaripara,1343756,6389292,420053741,Deep Tubewell,Ground Water,Chunaram Kisku,GRAM PANCHAYAT,2013-2014,0.7,0.7,12-Apr-13,25-Feb-14,03-06-2024
West Bengal,Paschim Medinipur,Keshpur,Enayetpur,Chotta Pasha,Kumaripara,1343756,6389292,420053743,Deep Tubewell,Ground Water,Haribul Hosen,GRAM PANCHAYAT,2013-2014,0.7,0.7,12-Apr-13,25-Feb-14,03-06-2024
West Bengal,Paschim Medinipur,Keshpur,Enayetpur,Bara Pasha,Barapansa Samantapara,1343752,6389957,420054068,Deep Tubewell,Ground Water,Bharat Diasi,Gram Panchayat,2013-2014,0.7,0.7,12-Apr-13,25-Feb-14,03-06-2024
West Bengal,Paschim Medinipur,Keshpur,Enayetpur,Ghosh Diha,Pukurpara,1343763,6389957,420054065,Deep Tubewell,Ground Water,Mrigen Kuar,Gram Panchayat,2013-2014,0.7,0.7,12-Apr-13,25-Feb-14,03-06-2024
West Bengal,Paschim Medinipur,Keshpur,Enayetpur,Kapash Tikri,Maitipara,1343773,6402018,420064162,Deep Tubewell,Ground Water,MAITIPARA,Gram Panchayat,2013-2014,0.75,0.75,21-Apr-13,15-Dec-14,03-06-2024
West Bengal,Paschim Medinipur,Keshpur,Jhentla,Baishnab Chak,Baishnab Chak,1766783,6402410,420064626,Deep Tubewell,Ground Water,BAISHNAB CHAK,GRAM PANCHAYAT,2013-2014,0.75,0.75,10-Apr-13,13-Feb-14,03-06-2024
West Bengal,Paschim Medinipur,Keshpur,Jhentla,Chatla,Chatla - Mondalpara,1343735,6402806,420065018,Deep Tubewell,Ground Water,MONDALPARA,Gram Panchayat,2013-2014,0.75,0.75,12-Apr-13,25-Feb-14,03-06-2024
West Bengal,Paschim Medinipur,Keshpur,Jhentla,Manta,Masjidpara,1343665,6403117,420065429,Deep Tubewell,Ground Water,MASJID PARA,GRAM PANCHAYAT,2013-2014,0.75,0.75,12-Apr-13,25-Jan-14,03-06-2024
West Bengal,Paschim Medinipur,Keshpur,Jhentla,Manta,Hossenpara,1343666,6403117,420065431,Deep Tubewell,Ground Water,HOSSENPARA,GRAM PANCHAYAT,2013-2014,0.75,0.75,12-Apr-13,25-Jan-14,03-06-2024
West Bengal,Paschim Medinipur,Keshpur,Jhentla,Uttar Gerya,Uhargeria,1343687,6403207,420065599,Deep Tubewell,Ground Water,UCHAGERIA,Gram Panchayat,2013-2014,0.75,0.75,25-May-13,12-Dec-13,03-06-2024
West Bengal,Paschim Medinipur,Keshpur,Jorakeudi Solidiha,Chandipur,Chandipur,1766908,6403207,420065602,Deep Tubewell,Ground Water,CHANDIPUR,Gram Panchayat,2013-2014,0.75,0.75,25-May-13,12-Dec-13,03-06-2024
West Bengal,Paschim Medinipur,Keshpur,Jorakeudi Solidiha,Ekrasol,Akrasole,1342589,6403207,420065607,Deep Tubewell,Ground Water,AKRASOLE,Gram Panchayat,2013-2014,0.75,0.75,25-May-13,12-Dec-13,03-06-2024
West Bengal,Paschim Medinipur,Keshpur,Jorakeudi Solidiha,Murari,Mannapara,1342663,6403207,420065609,Deep Tubewell,Ground Water,MANNAPARA,Gram Panchayat,2013-2014,0.75,0.75,25-May-13,12-Dec-13,03-06-2024
West Bengal,Paschim Medinipur,Keshpur,Jhentla,Shalika,Salika,1343720,6403329,420065667,Deep Tubewell,Ground Water,SALIKA,Gram Panchayat,2013-2014,0.8,0.8,12-Apr-13,24-Dec-13,03-06-2024
West Bengal,Paschim Medinipur,Keshpur,Jhentla,Salanga,Ghoraipara,1343655,6403329,420065664,Deep Tubewell,Ground Water,GHORAIPARA,Gram Panchayat,2013-2014,0.8,0.8,12-Apr-13,24-Dec-13,03-06-2024
West Bengal,Paschim Medinipur,Keshpur,Jorakeudi Solidiha,Indkuri,Indkuri,1766910,6403430,420065835,Deep Tubewell,Ground Water,INDKURI,GRAM PANCHAYAT,2013-2014,0.82,0.82,12-May-13,14-Dec-13,03-06-2024
West Bengal,Paschim Medinipur,Keshpur,Jorakeudi Solidiha,Gopal Bandh,Janapara,1342588,6403430,420065837,Deep Tubewell,Ground Water,JANAPARA,GRAM PANCHAYAT,2013-2014,0.82,0.82,12-May-13,14-Dec-13,03-06-2024
West Bengal,Paschim Medinipur,Keshpur,Jorakeudi Solidiha,Paltagar,Ruidaspara,1342602,6403430,420065817,Deep Tubewell,Ground Water,RUIDASPARA,GRAM PANCHAYAT,2013-2014,0.82,0.82,12-May-13,14-Dec-13,03-06-2024
West Bengal,Paschim Medinipur,Keshpur,Jorakeudi Solidiha,Kakta Bahadur Nagar,Kakalipara,1342604,6403430,420065829,Deep Tubewell,Ground Water,SAMANTAPARA,GRAM PANCHAYAT,2013-2014,0.82,0.82,12-May-13,14-Dec-13,03-06-2024
West Bengal,Paschim Medinipur,Keshpur,Jorakeudi Solidiha,Kakta Bahadur Nagar,Kakalipara,1342604,6403430,420065830,Deep Tubewell,Ground Water,KAKALIPARA,GRAM PANCHAYAT,2013-2014,0.82,0.82,12-May-13,14-Dec-13,03-06-2024
West Bengal,Paschim Medinipur,Keshpur,Jorakeudi Solidiha,Saishol,Satsole,1342592,6403969,420066504,Deep Tubewell,Ground Water,SATSOLE,Gram Panchayet,2013-2014,0.72,0.72,15-Apr-13,21-Sep-14,03-06-2024
West Bengal,Paschim Medinipur,Keshpur,Kalagram,Chak Raghab,Dakshinpara,1343378,6404143,420066913,Deep Tubewell,Ground Water,DOLAIPARA,Gram Panchayat,2013-2014,0.8,0.8,12-Apr-13,25-Feb-14,03-06-2024
West Bengal,Paschim Medinipur,Keshpur,Kalagram,Bhol Sarapota,Dolaipara,1343331,6404143,420066920,Deep Tubewell,Ground Water,DOLAIPARA,Gram Panchayat,2013-2014,0.8,0.8,12-Apr-13,25-Feb-14,03-06-2024
West Bengal,Paschim Medinipur,Keshpur,Kalagram,Uchahar,Uttarpara,1343365,6404155,420066943,Deep Tubewell,Ground Water,UTTARPARA,Gram Panchayat,2013-2014,0.75,0.75,14-Jun-13,12-Dec-13,03-06-2024
West Bengal,Paschim Medinipur,Keshpur,Kalagram,Kalagram,Dnatri Para,1343341,6404155,420066975,Deep Tubewell,Ground Water,DNATRIPARA,Gram Panchayat,2013-2014,0.75,0.75,14-Jun-13,12-Dec-13,03-06-2024
West Bengal,Paschim Medinipur,Keshpur,Kalagram,Gachh Geria,Patra Para,1343381,6404155,420066985,Deep Tubewell,Ground Water,PATRA PARA,Gram Panchayat,2013-2014,0.75,0.75,14-Jun-13,12-Dec-13,03-06-2024
West Bengal,Paschim Medinipur,Keshpur,Kalagram,Majur Hati,Majurhati - Purba Para,1343382,6404155,420066964,Deep Tubewell,Ground Water,PURBAPARA,Gram Panchayat,2013-2014,0.75,0.75,14-Jun-13,12-Dec-13,03-06-2024
West Bengal,Paschim Medinipur,Keshpur,Keshpur,Mahishda,Khan Para,1343325,6404165,420067002,Deep Tubewell,Ground Water,KHAN PARA,Gram Panchayat,2013-2014,0.75,0.75,25-May-13,12-Mar-14,03-06-2024
West Bengal,Paschim Medinipur,Keshpur,Keshpur,Dhan Dangra,Uttar Para,1343282,6404165,420067021,Deep Tubewell,Ground Water,UTTARPARA,Gram Panchayat,2013-2014,0.75,0.75,25-May-13,12-Mar-14,03-06-2024
West Bengal,Paschim Medinipur,Keshpur,Keshpur,Sarai,Paschimpara,1343262,6404173,420067047,Deep Tubewell,Ground Water,PASCHIMPARA,Gram Panchayat,2013-2014,0.75,0.75,12-Apr-13,25-Feb-14,03-06-2024
West Bengal,Paschim Medinipur,Keshpur,Mugbasan,Shasa Bani,Mondalpara,1342876,6404439,420067264,Deep Tubewell,Ground Water,MONDALPARA,Gram Panchayet,2013-2014,0.8,0.8,12-May-13,25-Mar-14,03-06-2024
West Bengal,Paschim Medinipur,Keshpur,Mugbasan,Mundalika,Roypara,1342923,6404439,420067270,Deep Tubewell,Ground Water,ROYPARA,Gram Panchayet,2013-2014,0.8,0.8,12-May-13,25-Mar-14,03-06-2024
West Bengal,Paschim Medinipur,Keshpur,Mugbasan,Kubir Chak,Kubir Chak,1766687,6404439,420067282,Deep Tubewell,Ground Water,KUBIRCHAK,Gram Panchayet,2013-2014,0.8,0.8,12-May-13,25-Mar-14,03-06-2024
West Bengal,Paschim Medinipur,Keshpur,Mugbasan,Upar Kuai,Janaipara,1342912,6404510,420067411,Deep Tubewell,Ground Water,JANAPARA,Gram Panchayet,2013-2014,0.75,0.75,12-Apr-13,25-Feb-14,03-06-2024
West Bengal,Paschim Medinipur,Keshpur,Sarishakhola,Amar Chak,Sartarajpara,1343519,6404670,420067560,Deep Tubewell,Ground Water,SARTARAJPARA,Gram Panchayet,2013-2014,0.75,0.75,24-Apr-13,12-Jan-14,03-06-2024
West Bengal,Paschim Medinipur,Keshpur,Sarishakhola,Amar Chak,Radhanathpara,1343521,6404670,420067562,Deep Tubewell,Ground Water,RADHANATHPARA,Gram Panchayet,2013-2014,0.75,0.75,24-Apr-13,12-Jan-14,03-06-2024
West Bengal,Paschim Medinipur,Keshpur,Sarishakhola,Gopinathpur,Paschimpara,1343430,6404789,420067770,Deep Tubewell,Ground Water,PASCHIMPARA,Gram Panchayet,2013-2014,0.8,0.8,12-Apr-13,08-May-17,03-06-2024
West Bengal,Paschim Medinipur,Keshpur,Sarishakhola,Pitambar Chak,Purbopara,1343496,6404789,420067759,Deep Tubewell,Ground Water,PURBOPARA,Gram Panchayet,2013-2014,0.8,0.8,12-Apr-13,08-May-17,03-06-2024
West Bengal,Paschim Medinipur,Keshpur,Sarishakhola,Pitambar Chak,Masjidpara,1343497,6404789,420067760,Deep Tubewell,Ground Water,MASJIDPARA,Gram Panchayet,2013-2014,0.8,0.8,12-Apr-13,08-May-17,03-06-2024
West Bengal,Paschim Medinipur,Keshpur,Sarishakhola,Sarisha Khola,Salnahal,1343478,6404789,420067750,Deep Tubewell,Ground Water,SALNAHAL,Gram Panchayet,2013-2014,0.8,0.8,12-Apr-13,08-May-17,03-06-2024
West Bengal,Paschim Medinipur,Keshpur,Sarishakhola,Digha,Rajar Pukur,1343481,6404789,420067777,Deep Tubewell,Ground Water,RAJARPUKUR,Gram Panchayet,2013-2014,0.8,0.8,12-Apr-13,08-May-17,03-06-2024
West Bengal,Paschim Medinipur,Keshpur,Sarishakhola,Kutbi Chak,Kutbi Chak,1766700,6404789,420067766,Deep Tubewell,Ground Water,KUTBICHAK,Gram Panchayet,2013-2014,0.8,0.8,12-Apr-13,08-May-17,03-06-2024
West Bengal,Paschim Medinipur,Keshpur,Sarishakhola,Sinnibar,Sudarshanpara,1343499,6404860,420067903,Deep Tubewell,Ground Water,SUDARSHANPARA,Gram Panchayet,2013-2014,0.75,0.75,01-Apr-13,12-Jan-14,03-06-2024
West Bengal,Paschim Medinipur,Keshpur,Sarishakhola,Sinnibar,Harina,1343500,6404860,420067908,Deep Tubewell,Ground Water,HARINA,Gram Panchayet,2013-2014,0.75,0.75,01-Apr-13,12-Jan-14,03-06-2024
West Bengal,Paschim Medinipur,Keshpur,Sarishakhola,Sinnibar,Hemompara,1343507,6404860,420067907,Deep Tubewell,Ground Water,HEMROMPARA,Gram Panchayet,2013-2014,0.75,0.75,01-Apr-13,12-Jan-14,03-06-2024
West Bengal,Paschim Medinipur,Keshpur,Dhalhara,Dakshin Parshura,Fatir Chak,1343556,6401296,420063206,Deep Tubewell,Ground Water,FATIRCHAK,Gram Panchayet,2013-2014,0.8,0.8,25-Apr-13,12-Dec-14,03-06-2024
West Bengal,Paschim Medinipur,Keshpur,Dhalhara,Chand Bar,Dakshin Para,1343594,6401296,420063207,Deep Tubewell,Ground Water,DAKSHIN PARA,Gram Panchayet,2013-2014,0.8,0.8,25-Apr-13,12-Dec-14,03-06-2024
West Bengal,Paschim Medinipur,Keshpur,Dhalhara,Dhalhara,Mandal Para,1343539,6401959,420064001,Deep Tubewell,Ground Water,MANDAL PARA,GRAM PANCHAYAT,2013-2014,0.8,0.8,12-Apr-13,25-Dec-14,03-06-2024
West Bengal,Paschim Medinipur,Keshpur,Dhalhara,Keottala,Madhyapara,1343609,6401959,420063980,Deep Tubewell,Ground Water,MADHYAPARA,GRAM PANCHAYAT,2013-2014,0.8,0.8,12-Apr-13,25-Dec-14,03-06-2024
West Bengal,Paschim Medinipur,Keshpur,Dhalhara,Dhalhara,Mondalpara,1342970,6401959,420063964,Deep Tubewell,Ground Water,MONDAL PARA,GRAM PANCHAYAT,2013-2014,0.8,0.8,12-Apr-13,25-Dec-14,03-06-2024
West Bengal,Paschim Medinipur,Keshpur,Dhalhara,Uttar Parshura,Hurunuru,1343575,6401959,420063954,Deep Tubewell,Ground Water,HURUNURU,GRAM PANCHAYAT,2013-2014,0.8,0.8,12-Apr-13,25-Dec-14,03-06-2024
West Bengal,Paschim Medinipur,Keshpur,Enayetpur,Gobinda Pur,Mandipara,1343838,6402018,420064170,Deep Tubewell,Ground Water,MANDIPARA,Gram Panchayat,2013-2014,0.75,0.75,21-Apr-13,15-Dec-14,03-06-2024
West Bengal,Paschim Medinipur,Keshpur,Enayetpur,Gopinathpur,Noukaghat,1343831,6402018,420064166,Deep Tubewell,Ground Water,NOUKAGHAT,Gram Panchayat,2013-2014,0.75,0.75,21-Apr-13,15-Dec-14,03-06-2024
West Bengal,Paschim Medinipur,Keshpur,Enayetpur,Pakurya,Shitalamandirpara,1343818,6402018,420064152,Deep Tubewell,Ground Water,SHITALA MANDIR,Gram Panchayat,2013-2014,0.75,0.75,21-Apr-13,15-Dec-14,03-06-2024
West Bengal,Paschim Medinipur,Keshpur,Enayetpur,Chathla,Adibasipara,1343748,6402018,420064190,Deep Tubewell,Ground Water,BISHNUPADA MONDAL PARA,Gram Panchayat,2013-2014,0.75,0.75,21-Apr-13,15-Dec-14,03-06-2024
West Bengal,Paschim Medinipur,Keshpur,Enayetpur,Sadi Chak,Sadichak,1343791,6402061,420064286,Deep Tubewell,Ground Water,SADI CHAK,Gram Panchayat,2013-2014,0.8,0.8,12-Apr-13,25-Dec-14,03-06-2024
West Bengal,Paschim Medinipur,Keshpur,Golarh,Kush Tikri,Kushtikri - Majhipara,1342789,6402061,420064256,Deep Tubewell,Ground Water,MAJHIPARA,Gram Panchayat,2013-2014,0.8,0.8,12-Apr-13,25-Dec-14,03-06-2024
West Bengal,Paschim Medinipur,Keshpur,Golarh,Dakshin Kenosa,Dakshin Kesosa,1342824,6402061,420064273,Deep Tubewell,Ground Water,DAKHIN KESOSA,Gram Panchayat,2013-2014,0.8,0.8,12-Apr-13,25-Dec-14,03-06-2024
West Bengal,Paschim Medinipur,Keshpur,Golarh,Tal Kunai,Pandapara,1342794,6402324,420064497,Deep Tubewell,Ground Water,PANDAPARA,GRAM PANCHAYAT,2013-2014,0.75,0.75,12-Apr-13,25-Dec-13,03-06-2024
West Bengal,Paschim Medinipur,Keshpur,Jagannathpur,Bhasa Daha,Bhasadaha Purbapara,1343009,6402373,420064576,Deep Tubewell,Ground Water,PURBAPARA,GRAM PANCHAYAT,2013-2014,0.75,0.75,12-Apr-13,26-Feb-14,03-06-2024
West Bengal,Paschim Medinipur,Keshpur,Jagannathpur,Kadam Tapuria,Kadam Tapuria,1342995,6402373,420064554,Deep Tubewell,Ground Water,KADAM TAPURIA,GRAM PANCHAYAT,2013-2014,0.75,0.75,12-Apr-13,26-Feb-14,03-06-2024
West Bengal,Paschim Medinipur,Keshpur,Jagannathpur,Kanashol,Narichara,1342980,6402373,420064551,Deep Tubewell,Ground Water,NARICHAK,GRAM PANCHAYAT,2013-2014,0.75,0.75,12-Apr-13,26-Feb-14,03-06-2024
West Bengal,Paschim Medinipur,Keshpur,Jagannathpur,Bilat Kuli,Bilat Kuli,1766779,6402373,420064573,Deep Tubewell,Ground Water,BILAT KULI,GRAM PANCHAYAT,2013-2014,0.75,0.75,12-Apr-13,26-Feb-14,03-06-2024
West Bengal,Paschim Medinipur,Keshpur,Jagannathpur,Mohanpur,Mohanpur,1342990,6402410,420064649,Deep Tubewell,Ground Water,MOHANPUR,GRAM PANCHAYAT,2013-2014,0.75,0.75,10-Apr-13,13-Feb-14,03-06-2024
West Bengal,Paschim Medinipur,Keshpur,Jagannathpur,Radha Ballabhpur,Radhaballavpur Adibasipara,1342994,6402410,420064644,Deep Tubewell,Ground Water,ADIBASIPARA,GRAM PANCHAYAT,2013-2014,0.75,0.75,10-Apr-13,13-Feb-14,03-06-2024
West Bengal,Paschim Medinipur,Keshpur,Jagannathpur,Umabatipur,Umabatipur,1342987,6402410,420064633,Deep Tubewell,Ground Water,UMABATIPUR,GRAM PANCHAYAT,2013-2014,0.75,0.75,10-Apr-13,13-Feb-14,03-06-2024
West Bengal,Paschim Medinipur,Keshpur,Jagannathpur,Sahaspur,Sahaspur Uttar,1342960,6402410,420064642,Deep Tubewell,Ground Water,UTTARPARA,GRAM PANCHAYAT,2013-2014,0.75,0.75,10-Apr-13,13-Feb-14,03-06-2024
West Bengal,Paschim Medinipur,Keshpur,Jagannathpur,Sekhua Sol,Sekuasole Hatipara.,1342965,6402410,420064639,Deep Tubewell,Ground Water,HATIPARA,GRAM PANCHAYAT,2013-2014,0.75,0.75,10-Apr-13,13-Feb-14,03-06-2024
West Bengal,Paschim Medinipur,Keshpur,Jhentla,Bajgerya,Chaudhurypara,1342937,6402410,420064625,Deep Tubewell,Ground Water,CHOUDHURYPARA,GRAM PANCHAYAT,2013-2014,0.75,0.75,10-Apr-13,13-Feb-14,03-06-2024
West Bengal,Paschim Medinipur,Keshpur,Jhentla,Bagmari,Bagmari,1343693,6402410,420064627,Deep Tubewell,Ground Water,BAGMARI,GRAM PANCHAYAT,2013-2014,0.75,0.75,10-Apr-13,13-Feb-14,03-06-2024
West Bengal,Paschim Medinipur,Keshpur,Jhentla,Bhut Gerya,Bhuthgeria,1343692,6402500,420064720,Deep Tubewell,Ground Water,BHUTGERIA,GRAM PANCHAYAT,2013-2014,0.75,0.75,12-Apr-13,25-Feb-14,03-06-2024
West Bengal,Paschim Medinipur,Keshpur,Jhentla,Jamal Chak,Joynal Chak,1343643,6402806,420064999,Deep Tubewell,Ground Water,JOYNAL CHAK,Gram Panchayat,2013-2014,0.75,0.75,12-Apr-13,25-Feb-14,03-06-2024
West Bengal,Paschim Medinipur,Keshpur,Jhentla,Gotgerya,Doloipara,1343422,6402806,420065010,Deep Tubewell,Ground Water,DOLOIPARA,Gram Panchayat,2013-2014,0.75,0.75,12-Apr-13,25-Feb-14,03-06-2024
West Bengal,Paschim Medinipur,Keshpur,Jhentla,Gotgerya,Ruidaspara,1343423,6402806,420065006,Deep Tubewell,Ground Water,RUIDASPARA,Gram Panchayat,2013-2014,0.75,0.75,12-Apr-13,25-Feb-14,03-06-2024
West Bengal,Paschim Medinipur,Keshpur,Jhentla,Juarya,Nayek Para,1343616,6402914,420065081,Deep Tubewell,Ground Water,NAYEKPARA,Gram Panchayat,2013-2014,0.75,0.75,06-Apr-13,12-Feb-14,03-06-2024
West Bengal,Paschim Medinipur,Keshpur,Jhentla,Manta,Alipara,1343667,6403031,420065241,Deep Tubewell,Ground Water,ALIPARA,GRAM PANCHAYAT,2013-2014,0.75,0.75,12-Apr-13,25-Jan-14,03-06-2024
West Bengal,Paschim Medinipur,Keshpur,Jhentla,Manjuria,Majhra Para,1343638,6403031,420065237,Deep Tubewell,Ground Water,MAJHRAPARA,GRAM PANCHAYAT,2013-2014,0.75,0.75,12-Apr-13,25-Jan-14,03-06-2024
West Bengal,Paschim Medinipur,Keshpur,Jhentla,Pindra Gerya,Pindrajera,1343645,6403117,420065414,Deep Tubewell,Ground Water,PINDRAJERA,GRAM PANCHAYAT,2013-2014,0.75,0.75,12-Apr-13,25-Jan-14,03-06-2024
West Bengal,Paschim Medinipur,Keshpur,Jhentla,Narashinghapur,Narasingpur,1343540,6403117,420065425,Deep Tubewell,Ground Water,NARASINGPUR,GRAM PANCHAYAT,2013-2014,0.75,0.75,12-Apr-13,25-Jan-14,03-06-2024
West Bengal,Paschim Medinipur,Keshpur,Jhentla,Pandit Gerya,Das Para- 2,1343723,6403117,420065419,Deep Tubewell,Ground Water,DAS PARA-2,GRAM PANCHAYAT,2013-2014,0.75,0.75,12-Apr-13,25-Jan-14,03-06-2024
West Bengal,Paschim Medinipur,Keshpur,Jorakeudi Solidiha,Ghuchisol,Ghuchasole Mahatopara,1342575,6403430,420065841,Deep Tubewell,Ground Water,MAHATOPARA,GRAM PANCHAYAT,2013-2014,0.82,0.82,12-May-13,14-Dec-13,03-06-2024
West Bengal,Paschim Medinipur,Keshpur,Jorakeudi Solidiha,Sapadiha,Sapadiha,1342565,6403969,420066499,Deep Tubewell,Ground Water,SAPADIHA,Gram Panchayet,2013-2014,0.72,0.72,15-Apr-13,21-Sep-14,03-06-2024
West Bengal,Paschim Medinipur,Keshpur,Jorakeudi Solidiha,Rola Pat,Janapara,1342626,6403969,420066511,Deep Tubewell,Ground Water,JANAPARA,Gram Panchayet,2013-2014,0.72,0.72,15-Apr-13,21-Sep-14,03-06-2024
West Bengal,Paschim Medinipur,Keshpur,Jorakeudi Solidiha,Saiyadbali,Syedbali Middyapara,1342620,6403969,420066503,Deep Tubewell,Ground Water,MIDDYAPARA,Gram Panchayet,2013-2014,0.72,0.72,15-Apr-13,21-Sep-14,03-06-2024
West Bengal,Paschim Medinipur,Keshpur,Jorakeudi Solidiha,Sholdiha,Daspara,1342617,6405922,420069560,Deep Tubewell,Ground Water,DASPARA,Gram Panchayet,2013-2014,0.84,0.84,12-Apr-13,15-Jan-14,03-06-2024
West Bengal,Paschim Medinipur,Keshpur,Jorakeudi Solidiha,Paltagar,Paltagarh Samantapara,1342597,6437775,420251869,Deep Tubewell,Ground Water,Paltagarh Upper Primary School,Construction of Rig Bored T/W (Spot Sources) fitted with India Mark - II hand pump at different Sourceless Primary & Upper Primary Schools. [265 Nos. RBTW],2013-2014,212,212.01198,01-Mar-13,04-May-17,03-06-2024
West Bengal,Paschim Medinipur,Keshpur,Jorakeudi Solidiha,Shiris Bani,Sirisboni Dolaipara,1342634,6437775,420251871,Deep Tubewell,Ground Water,Shirisbani Pry. School,Construction of Rig Bored T/W (Spot Sources) fitted with India Mark - II hand pump at different Sourceless Primary & Upper Primary Schools. [265 Nos. RBTW],2013-2014,212,212.01198,01-Mar-13,04-May-17,03-06-2024
West Bengal,Paschim Medinipur,Keshpur,Jorakeudi Solidiha,Shiris Bani,Sirisboni Dolaipara,1342634,6845174,420118675,Deep Tubewell,Ground Water,Primary School,Gram Panchayat,2014-2015,0.84,0.84,14-May-14,12-Jun-14,03-06-2024
West Bengal,Paschim Medinipur,Keshpur,Jorakeudi Solidiha,Jorakeundi,Jarakudi Upajatipara,1342581,7721508,420252306,Deep Tubewell,Ground Water,Jorakeudi Pry. School (2),Construction of 150 nos  Rig Bored  Tube Well fitted with India Mark II  hand pump in different blocks of  Paschim Medinipur District(TSM/003379   SM/05513),2017-2018,156.75,137.5,19-Jan-17,03-May-23,03-06-2024
West Bengal,Paschim Medinipur,Keshpur,Amanpur,Askanda,Sarkarpara,1342738,6374602,420048024,Deep Tubewell,Ground Water,I.C.D.S.,GRAM PANCHAYAT,2013-2014,0.8,0.8,02-May-13,12-Feb-14,03-06-2024
West Bengal,Paschim Medinipur,Keshpur,Enayetpur,Maisha,Maisha Adibasipara,1343805,6374672,420048042,Deep Tubewell,Ground Water,Gorachand Primary School,GRAM PANCHAYAT,2013-2014,0.8,0.8,02-May-13,10-Apr-17,03-06-2024
West Bengal,Paschim Medinipur,Keshpur,Enayetpur,Pakurya,Pakuria Samantapara,1343815,6375642,420048400,Deep Tubewell,Ground Water,Basanti Mondir,GRAM PANCHAYAT,2013-2014,0.8,0.8,02-May-13,10-Apr-17,03-06-2024
West Bengal,Paschim Medinipur,Keshpur,Enayetpur,Pakurya,Pakuria Samantapara,1343815,6375642,420048403,Deep Tubewell,Ground Water,Shitala Mondir,GRAM PANCHAYAT,2013-2014,0.8,0.8,02-May-13,10-Apr-17,03-06-2024
West Bengal,Paschim Medinipur,Keshpur,Teghori,Kanch Gerya,Morcha Para,1343088,6377508,420049023,Deep Tubewell,Ground Water,S.S.K.,Gram Panchayat,2013-2014,0.8,0.8,12-Apr-13,24-Feb-14,03-06-2024
West Bengal,Paschim Medinipur,Keshpur,Amanpur,Madhya Piashala,Dangapara,1342773,6377508,420049016,Deep Tubewell,Ground Water,Naren Ghorai,Gram Panchayat,2013-2014,0.8,0.8,12-Apr-13,24-Feb-14,03-06-2024
West Bengal,Paschim Medinipur,Keshpur,Amanpur,Madhya Piashala,Dangapara,1342773,6377508,420049015,Deep Tubewell,Ground Water,Shibram Ghosh,Gram Panchayat,2013-2014,0.8,0.8,12-Apr-13,24-Feb-14,03-06-2024
West Bengal,Paschim Medinipur,Keshpur,Amanpur,Madhya Piashala,Madhyapiasala Duleypara,1342772,6377508,420049012,Deep Tubewell,Ground Water,Nimai Ghosh,Gram Panchayat,2013-2014,0.8,0.8,12-Apr-13,24-Feb-14,03-06-2024
West Bengal,Paschim Medinipur,Keshpur,Anandapur,Anandapur,Besshed Para,1343196,6377538,420049053,Deep Tubewell,Ground Water,Sandip Pal,Gram Panchayat,2013-2014,0.8,0.8,12-May-13,10-Apr-17,03-06-2024
West Bengal,Paschim Medinipur,Keshpur,Anandapur,Anandapur,Purba Pali Samantapara,1343211,6377538,420049046,Deep Tubewell,Ground Water,Subal Pal,Gram Panchayat,2013-2014,0.8,0.8,12-May-13,10-Apr-17,03-06-2024
West Bengal,Paschim Medinipur,Keshpur,Sarishakhola,Kanchan Tala,Bagpara,1343489,6377538,420049064,Deep Tubewell,Ground Water,Mabab Jana,Gram Panchayat,2013-2014,0.8,0.8,12-May-13,10-Apr-17,03-06-2024
West Bengal,Paschim Medinipur,Keshpur,Kalagram,Akandi,Galaghar,1343396,6377582,420049086,Deep Tubewell,Ground Water,Gokul Pora,Gram Panchayat,2013-2014,0.8,0.8,25-May-13,14-May-17,03-06-2024
West Bengal,Paschim Medinipur,Keshpur,Kalagram,Dhamsai,Midyapara,1343401,6377582,420049089,Deep Tubewell,Ground Water,Ram Mandi,Gram Panchayat,2013-2014,0.8,0.8,25-May-13,14-May-17,03-06-2024
West Bengal,Paschim Medinipur,Keshpur,Kalagram,Dhamsai,Midyapara,1343401,6377582,420049090,Deep Tubewell,Ground Water,Tarun Pora,Gram Panchayat,2013-2014,0.8,0.8,25-May-13,14-May-17,03-06-2024
West Bengal,Paschim Medinipur,Keshpur,Kalagram,Dhamsai,Midyapara,1343401,6377582,420049091,Deep Tubewell,Ground Water,Subal Midya,Gram Panchayat,2013-2014,0.8,0.8,25-May-13,14-May-17,03-06-2024
West Bengal,Paschim Medinipur,Keshpur,Amrakuchi,Kapta Bankati,Dangapara,1343164,6377614,420049104,Deep Tubewell,Ground Water,Sudhir Mana,Gram Panchayat,2013-2014,0.8,0.8,20-Apr-13,12-Feb-14,03-06-2024
West Bengal,Paschim Medinipur,Keshpur,Amrakuchi,Kapta Bankati,Dangapara,1343164,6377614,420049107,Deep Tubewell,Ground Water,Kaptabankati S.S.K.,Gram Panchayat,2013-2014,0.8,0.8,20-Apr-13,12-Feb-14,03-06-2024
West Bengal,Paschim Medinipur,Keshpur,Amanpur,Uttar Piashala,Uttarpiasala (near 4.1 Office)(,1342768,6377640,420049128,Deep Tubewell,Ground Water,Primary School,Gram Panchayat,2013-2014,0.8,0.8,25-Apr-13,12-Feb-14,03-06-2024
West Bengal,Paschim Medinipur,Keshpur,Sarishakhola,Haji Chak,Hajichak,1343415,6377707,420049151,Deep Tubewell,Ground Water,Sumed Ali,Gram Panchayat,2013-2014,0.8,0.8,25-May-13,24-Feb-14,03-06-2024
West Bengal,Paschim Medinipur,Keshpur,Amrakuchi,Kharika,Janapara,1343148,6381449,420049738,Deep Tubewell,Ground Water,Mukunnda Kotal,Gram Panchayat,2013-2014,0.8,0.8,12-Apr-13,25-Feb-14,03-06-2024
West Bengal,Paschim Medinipur,Keshpur,Amrakuchi,Kharika,Panchamichak,1343149,6381449,420049735,Deep Tubewell,Ground Water,Bisnupada Dolui,Gram Panchayat,2013-2014,0.8,0.8,12-Apr-13,25-Feb-14,03-06-2024
West Bengal,Paschim Medinipur,Keshpur,Mugbasan,Benua,Benua,1342898,6381510,420049768,Deep Tubewell,Ground Water,Jamal Babu,Gram Panchayat,2013-2014,0.8,0.8,23-Apr-13,12-Mar-14,03-06-2024
West Bengal,Paschim Medinipur,Keshpur,Mugbasan,Puran Berya,Dalaipara,1342939,6381510,420049776,Deep Tubewell,Ground Water,Bipul Gorai,Gram Panchayat,2013-2014,0.8,0.8,23-Apr-13,12-Mar-14,03-06-2024
West Bengal,Paschim Medinipur,Keshpur,Mugbasan,Puran Berya,Dalaipara,1342939,6381510,420049778,Deep Tubewell,Ground Water,Primary School,Gram Panchayat,2013-2014,0.8,0.8,23-Apr-13,12-Mar-14,03-06-2024
West Bengal,Paschim Medinipur,Keshpur,Mugbasan,Puran Berya,Dalaipara,1342939,6381510,420049779,Deep Tubewell,Ground Water,Biswanath Doloi,Gram Panchayat,2013-2014,0.8,0.8,23-Apr-13,12-Mar-14,03-06-2024
West Bengal,Paschim Medinipur,Keshpur,Mugbasan,Jambani,Jambani,1766554,6381510,420049774,Deep Tubewell,Ground Water,Rama Bachaspati,Gram Panchayat,2013-2014,0.8,0.8,23-Apr-13,12-Mar-14,03-06-2024
West Bengal,Paschim Medinipur,Keshpur,Anandapur,Pachra,Bhunia Para,1343223,6381567,420049811,Deep Tubewell,Ground Water,Party Office,Gram Panchayat,2013-2014,0.8,0.8,21-Apr-13,26-Feb-14,03-06-2024
West Bengal,Paschim Medinipur,Keshpur,Anandapur,Pachra,Bhunia Para,1343223,6381567,420049814,Deep Tubewell,Ground Water,Primary School,Gram Panchayat,2013-2014,0.8,0.8,21-Apr-13,26-Feb-14,03-06-2024
West Bengal,Paschim Medinipur,Keshpur,Anandapur,Lauria,Tal Pukur,1343239,6381567,420049809,Deep Tubewell,Ground Water,Prahallaad Kotal,Gram Panchayat,2013-2014,0.8,0.8,21-Apr-13,26-Feb-14,03-06-2024
West Bengal,Paschim Medinipur,Keshpur,Enayetpur,Mani Nageswar,Mani Nageshwar,1766712,6382073,420050205,Deep Tubewell,Ground Water,I.C.D.C,Gram Panchayat,2013-2014,0.8,0.8,12-May-13,14-Feb-14,03-06-2024
West Bengal,Paschim Medinipur,Keshpur,Sirsa,Akmura,Mondalpara,1342657,6382073,420050203,Deep Tubewell,Ground Water,Sub Health Centre,Gram Panchayat,2013-2014,0.8,0.8,12-May-13,14-Feb-14,03-06-2024
West Bengal,Paschim Medinipur,Keshpur,Enayetpur,Bishwanath Pur,Doloipara,1343826,6382073,420050210,Deep Tubewell,Ground Water,Ranjit Pandit,Gram Panchayat,2013-2014,0.8,0.8,12-May-13,14-Feb-14,03-06-2024
West Bengal,Paschim Medinipur,Keshpur,Sirsa,Akmura,Mondalpara,1342657,6382207,420050235,Deep Tubewell,Ground Water,Shankar Ruidas,Gram Pancayat,2013-2014,0.8,0.8,24-Apr-13,12-Mar-14,03-06-2024
West Bengal,Paschim Medinipur,Keshpur,Sarishakhola,Paniat,Majh Para,1343469,6382451,420050305,Deep Tubewell,Ground Water,SK Amuruddin,Gram Panchyat,2013-2014,0.8,0.8,24-Apr-13,12-Mar-14,03-06-2024
West Bengal,Paschim Medinipur,Keshpur,Sarishakhola,Akna,Mahinpara,1343455,6383912,420050639,Deep Tubewell,Ground Water,Asit Mahis,GRAM PANCHAYAT,2013-2014,0.8,0.8,12-Apr-13,25-Feb-14,03-06-2024
West Bengal,Paschim Medinipur,Keshpur,Enayetpur,Mirpur,Mirpur Mallickpara,1343788,6383912,420050637,Deep Tubewell,Ground Water,Panu Khan,GRAM PANCHAYAT,2013-2014,0.8,0.8,12-Apr-13,25-Feb-14,03-06-2024
West Bengal,Paschim Medinipur,Keshpur,Enayetpur,Gopinathpur,Gopinathpur Berapara,1343830,6384525,420050970,Deep Tubewell,Ground Water,I.C.D.S.,GRAM PANCHAYAT,2013-2014,0.8,0.8,14-Apr-13,25-Feb-14,03-06-2024
West Bengal,Paschim Medinipur,Keshpur,Enayetpur,Gopinathpur,Gopinathpur Berapara,1343830,6384525,420050972,Deep Tubewell,Ground Water,Shitala Mondir,GRAM PANCHAYAT,2013-2014,0.8,0.8,14-Apr-13,25-Feb-14,03-06-2024
West Bengal,Paschim Medinipur,Keshpur,Enayetpur,Gopinathpur,Gopinathpur Berapara,1343830,6384525,420050974,Deep Tubewell,Ground Water,Ajit Doloi,GRAM PANCHAYAT,2013-2014,0.8,0.8,14-Apr-13,25-Feb-14,03-06-2024
West Bengal,Paschim Medinipur,Keshpur,Amrakuchi,Mukti Chak,Amulia,1343161,6384525,420050959,Deep Tubewell,Ground Water,Doyal Das,GRAM PANCHAYAT,2013-2014,0.8,0.8,14-Apr-13,25-Feb-14,03-06-2024
West Bengal,Paschim Medinipur,Keshpur,Amrakuchi,Panchami,Panchami Mirpara,1343136,6384525,420050961,Deep Tubewell,Ground Water,I.C.D.S.,GRAM PANCHAYAT,2013-2014,0.8,0.8,14-Apr-13,25-Feb-14,03-06-2024
West Bengal,Paschim Medinipur,Keshpur,Amrakuchi,Pipurda,Khanpara,1343101,6384525,420050962,Deep Tubewell,Ground Water,Pipurda Primary School,GRAM PANCHAYAT,2013-2014,0.8,0.8,14-Apr-13,25-Feb-14,03-06-2024
West Bengal,Paschim Medinipur,Keshpur,Amrakuchi,Amrakuchi,Dangapara,1343154,6384745,420051087,Deep Tubewell,Ground Water,Saidul mallick,GRAM PANCHAYAT,2013-2014,0.7,0.7,14-Apr-13,25-Feb-14,03-06-2024
West Bengal,Paschim Medinipur,Keshpur,Amrakuchi,Amrakuchi,Dolaipara,1343152,6384745,420051086,Deep Tubewell,Ground Water,Nimai  Doloi,GRAM PANCHAYAT,2013-2014,0.7,0.7,14-Apr-13,25-Feb-14,03-06-2024
West Bengal,Paschim Medinipur,Keshpur,Amrakuchi,Amsol,Amsole,1343124,6384745,420051097,Deep Tubewell,Ground Water,Pramary School,GRAM PANCHAYAT,2013-2014,0.7,0.7,14-Apr-13,25-Feb-14,03-06-2024
West Bengal,Paschim Medinipur,Keshpur,Amrakuchi,Kapta Bankati,Napitpara,1343163,6384745,420051089,Deep Tubewell,Ground Water,Sudhir Mana,GRAM PANCHAYAT,2013-2014,0.7,0.7,14-Apr-13,25-Feb-14,03-06-2024
West Bengal,Paschim Medinipur,Keshpur,Amrakuchi,Amrakuchi,Masjidtala,1343153,6385170,420051359,Deep Tubewell,Ground Water,Bazar Chak,GRAM PANCHAYAT,2013-2014,0.8,0.8,25-Apr-13,12-Feb-14,03-06-2024
West Bengal,Paschim Medinipur,Keshpur,Amrakuchi,Amrakuchi,Masjidtala,1343153,6385170,420051362,Deep Tubewell,Ground Water,Niren Mandal,GRAM PANCHAYAT,2013-2014,0.8,0.8,25-Apr-13,12-Feb-14,03-06-2024
West Bengal,Paschim Medinipur,Keshpur,Dhalhara,Gun Hara,Gunhara Madhyapara,1343604,6385170,420051351,Deep Tubewell,Ground Water,Afsar Ali,GRAM PANCHAYAT,2013-2014,0.8,0.8,25-Apr-13,12-Feb-14,03-06-2024
West Bengal,Paschim Medinipur,Keshpur,Dhalhara,Gun Hara,Gunhara Madhyapara,1343604,6385170,420051352,Deep Tubewell,Ground Water,Gunhara Primary School,GRAM PANCHAYAT,2013-2014,0.8,0.8,25-Apr-13,12-Feb-14,03-06-2024
West Bengal,Paschim Medinipur,Keshpur,Dhalhara,Gun Hara,Gunhara Madhyapara,1343604,6385170,420051353,Deep Tubewell,Ground Water,Primary School,GRAM PANCHAYAT,2013-2014,0.8,0.8,25-Apr-13,12-Feb-14,03-06-2024
West Bengal,Paschim Medinipur,Keshpur,Sirsa,Toria,Taria,1342647,6385093,420051306,Deep Tubewell,Ground Water,Kalgeria Mosjid,GRAM PANCHAYAT,2013-2014,0.8,0.8,01-Apr-13,30-Jan-14,03-06-2024
West Bengal,Paschim Medinipur,Keshpur,Sirsa,Kalgerya,Kalgeria,1342653,6385093,420051309,Deep Tubewell,Ground Water,Club,GRAM PANCHAYAT,2013-2014,0.8,0.8,01-Apr-13,30-Jan-14,03-06-2024
West Bengal,Paschim Medinipur,Keshpur,Sirsa,Kalgerya,Kalgeria,1342653,6385093,420051310,Deep Tubewell,Ground Water,Mantu Pakhor,GRAM PANCHAYAT,2013-2014,0.8,0.8,01-Apr-13,30-Jan-14,03-06-2024
West Bengal,Paschim Medinipur,Keshpur,Keshpur,Bajirchak,Chowdhury Para,1343300,6388209,420052900,Deep Tubewell,Ground Water,Madan Doloi,Gram Panchayat,2013-2014,0.8,0.8,25-Apr-13,12-Feb-14,03-06-2024
West Bengal,Paschim Medinipur,Keshpur,Teghori,Ganta,Ganta,1343033,6388231,420052919,Deep Tubewell,Ground Water,S.S.K.,Gram Panchayat,2013-2014,0.8,0.8,25-Apr-13,08-May-17,03-06-2024
West Bengal,Paschim Medinipur,Keshpur,Teghori,Renuar,Ranapara,1343081,6388231,420052922,Deep Tubewell,Ground Water,Ananda Doloi,Gram Panchayat,2013-2014,0.8,0.8,25-Apr-13,08-May-17,03-06-2024
West Bengal,Paschim Medinipur,Keshpur,Amanpur,Tanthua,Karpara,1342761,6388231,420052912,Deep Tubewell,Ground Water,Nokul Doloi,Gram Panchayat,2013-2014,0.8,0.8,25-Apr-13,08-May-17,03-06-2024
West Bengal,Paschim Medinipur,Keshpur,Teghori,Kanch Gerya,Morcha Para,1343088,6388231,420052920,Deep Tubewell,Ground Water,S.S.K.,Gram Panchayat,2013-2014,0.8,0.8,25-Apr-13,08-May-17,03-06-2024
West Bengal,Paschim Medinipur,Keshpur,Amanpur,Eluni,Eloni Mondalpara,1342776,6388231,420052936,Deep Tubewell,Ground Water,Badal Mondal,Gram Panchayat,2013-2014,0.8,0.8,25-Apr-13,08-May-17,03-06-2024
West Bengal,Paschim Medinipur,Keshpur,Amanpur,Eluni,Eloni Mondalpara,1342776,6388231,420052931,Deep Tubewell,Ground Water,Shankar Pal,Gram Panchayat,2013-2014,0.8,0.8,25-Apr-13,08-May-17,03-06-2024
West Bengal,Paschim Medinipur,Keshpur,Amanpur,Chena Pat,Chiapat Chitrapat,1342784,6388231,420052909,Deep Tubewell,Ground Water,Nimai Bisoi,Gram Panchayat,2013-2014,0.8,0.8,25-Apr-13,08-May-17,03-06-2024
West Bengal,Paschim Medinipur,Keshpur,Kalagram,Uchahar,Chak,1343367,6389957,420054051,Deep Tubewell,Ground Water,Primary School,Gram Panchayat,2013-2014,0.7,0.7,12-Apr-13,25-Feb-14,03-06-2024
West Bengal,Paschim Medinipur,Keshpur,Kalagram,Uchahar,Chak,1343367,6389957,420054055,Deep Tubewell,Ground Water,Saddan Ali,Gram Panchayat,2013-2014,0.7,0.7,12-Apr-13,25-Feb-14,03-06-2024
West Bengal,Paschim Medinipur,Keshpur,Kalagram,Uchahar,Chak,1343367,6389957,420054060,Deep Tubewell,Ground Water,Ali Ahamed,Gram Panchayat,2013-2014,0.7,0.7,12-Apr-13,25-Feb-14,03-06-2024
West Bengal,Paschim Medinipur,Keshpur,Amanpur,Amanpur,Kamalpara,1342716,6397461,420060629,Deep Tubewell,Ground Water,Hari Para,Roy Para,2013-2014,0.8,0.8,25-Apr-13,12-Feb-14,03-06-2024
West Bengal,Paschim Medinipur,Keshpur,Amanpur,Amanpur,Kamalpara,1342716,6397461,420060625,Deep Tubewell,Ground Water,JadubarhMalderbar,Roy Para,2013-2014,0.8,0.8,25-Apr-13,12-Feb-14,03-06-2024
West Bengal,Paschim Medinipur,Keshpur,Amanpur,Amanpur,Kamalpara,1342716,6397461,420060624,Deep Tubewell,Ground Water,MaitiPara,Roy Para,2013-2014,0.8,0.8,25-Apr-13,12-Feb-14,03-06-2024
West Bengal,Paschim Medinipur,Keshpur,Amanpur,Amanpur,Kamalpara,1342716,6397461,420060622,Deep Tubewell,Ground Water,Kedarpur,Roy Para,2013-2014,0.8,0.8,25-Apr-13,12-Feb-14,03-06-2024
West Bengal,Paschim Medinipur,Keshpur,Amanpur,Goharia,Goharia Upar,1342752,6389292,420053749,Deep Tubewell,Ground Water,Khokon Mandal,GRAM PANCHAYAT,2013-2014,0.7,0.7,12-Apr-13,25-Feb-14,03-06-2024
West Bengal,Paschim Medinipur,Keshpur,Amanpur,Goharia,Goharia Upar,1342752,6389292,420053753,Deep Tubewell,Ground Water,Swapan Ghosh,GRAM PANCHAYAT,2013-2014,0.7,0.7,12-Apr-13,25-Feb-14,03-06-2024
West Bengal,Paschim Medinipur,Keshpur,Golarh,Dharmma Pur,Digarpara,1342849,6388542,420053226,Deep Tubewell,Ground Water,Praddut Doloi,Gram Panchayat,2013-2014,0.7,0.7,25-Apr-13,06-Apr-17,03-06-2024
West Bengal,Paschim Medinipur,Keshpur,Golarh,Golar,Goler - Bagpara,1342841,6388542,420053220,Deep Tubewell,Ground Water,Lakhikanta Bag,Gram Panchayat,2013-2014,0.7,0.7,25-Apr-13,06-Apr-17,03-06-2024
West Bengal,Paschim Medinipur,Keshpur,Amanpur,Keshur Gerya,Kheshargeria,1342786,6388538,420053209,Deep Tubewell,Ground Water,Shitala Mondir,Gram Panchayat,2013-2014,0.8,0.8,25-Apr-13,14-Feb-14,03-06-2024
West Bengal,Paschim Medinipur,Keshpur,Amanpur,Keshur Gerya,Kheshargeria,1342786,6388538,420053211,Deep Tubewell,Ground Water,Kasai Doloi,Gram Panchayat,2013-2014,0.8,0.8,25-Apr-13,14-Feb-14,03-06-2024
West Bengal,Paschim Medinipur,Keshpur,Amanpur,Burya Pat,Patrapara,1342750,6388538,420053205,Deep Tubewell,Ground Water,Sudarsan Doloi,Gram Panchayat,2013-2014,0.8,0.8,25-Apr-13,14-Feb-14,03-06-2024
West Bengal,Paschim Medinipur,Keshpur,Amanpur,Burya Pat,Patrapara,1342750,6388538,420053206,Deep Tubewell,Ground Water,Primary School,Gram Panchayat,2013-2014,0.8,0.8,25-Apr-13,14-Feb-14,03-06-2024
West Bengal,Paschim Medinipur,Keshpur,Amanpur,Burya Pat,Patrapara,1342750,6388538,420053207,Deep Tubewell,Ground Water,Shitala Mondir,Gram Panchayat,2013-2014,0.8,0.8,25-Apr-13,14-Feb-14,03-06-2024
West Bengal,Paschim Medinipur,Keshpur,Amanpur,Burya Pat,Patrapara,1342750,6388538,420053208,Deep Tubewell,Ground Water,Ranjit Pakhor,Gram Panchayat,2013-2014,0.8,0.8,25-Apr-13,14-Feb-14,03-06-2024
West Bengal,Paschim Medinipur,Keshpur,Anandapur,Anandapur,Madhya Uttar Sen Para,1343204,6399641,420062132,Deep Tubewell,Ground Water,SENPARA,GRAM PANCHAYAT,2013-2014,0.8,0.8,25-Apr-13,12-Feb-14,03-06-2024
West Bengal,Paschim Medinipur,Keshpur,Amanpur,Rajgram,Brahmangram Dolaipara,1342710,6399641,420062166,Deep Tubewell,Ground Water,DOLAIPARA,GRAM PANCHAYAT,2013-2014,0.8,0.8,25-Apr-13,12-Feb-14,03-06-2024
West Bengal,Paschim Medinipur,Keshpur,Amanpur,Jadubar,Maitipara,1342726,6399641,420062169,Deep Tubewell,Ground Water,MAITIPARA,GRAM PANCHAYAT,2013-2014,0.8,0.8,25-Apr-13,12-Feb-14,03-06-2024
West Bengal,Paschim Medinipur,Keshpur,Amanpur,Tanthua,Adibasipara,1342762,6399641,420062164,Deep Tubewell,Ground Water,ADIBASIPARA,GRAM PANCHAYAT,2013-2014,0.8,0.8,25-Apr-13,12-Feb-14,03-06-2024
West Bengal,Paschim Medinipur,Keshpur,Enayetpur,Enayat Pur,Enayetpur Thakurerpara,1343766,6677000,420091210,Deep Tubewell,Ground Water,Kanta Tudu,GRAM PANCHAYAT,2014-2015,0.82,0.82,02-Apr-14,28-Apr-14,03-06-2024
West Bengal,Paschim Medinipur,Keshpur,Enayetpur,Enayat Pur,Enayetpur Thakurerpara,1343766,6677000,420091211,Deep Tubewell,Ground Water,Malka Murmu,GRAM PANCHAYAT,2014-2015,0.82,0.82,02-Apr-14,28-Apr-14,03-06-2024
West Bengal,Paschim Medinipur,Keshpur,Golarh,Khaer Gerya,Karanjageria,1343787,6677187,420091240,Deep Tubewell,Ground Water,Idrish Mollick,Gram Panchayat,2014-2015,0.82,0.82,12-Apr-14,28-Apr-14,03-06-2024
West Bengal,Paschim Medinipur,Keshpur,Golarh,Tal Kunai,Dalbera Para,1342795,6677187,420091246,Deep Tubewell,Ground Water,Dilip Dalbera,Gram Panchayat,2014-2015,0.82,0.82,12-Apr-14,28-Apr-14,03-06-2024
West Bengal,Paschim Medinipur,Keshpur,Golarh,Golar,Goler - Bagpara,1342841,6677187,420091239,Deep Tubewell,Ground Water,Panchanan Bag,Gram Panchayat,2014-2015,0.82,0.82,12-Apr-14,28-Apr-14,03-06-2024
West Bengal,Paschim Medinipur,Keshpur,Amanpur,Burya Pat,Burapat,1342748,6677196,420091253,Deep Tubewell,Ground Water,Madhusudan Doloi,Gram Panchayat,2014-2015,0.82,0.82,12-Apr-14,30-Apr-14,03-06-2024
West Bengal,Paschim Medinipur,Keshpur,Amanpur,Kota,Kota,1342779,6677196,420091257,Deep Tubewell,Ground Water,Yoton Ari,Gram Panchayat,2014-2015,0.82,0.82,12-Apr-14,30-Apr-14,03-06-2024
West Bengal,Paschim Medinipur,Keshpur,Sarishakhola,Rashun Chak,Rasunchak Sumitradolaipara,1343446,6677199,420091267,Deep Tubewell,Ground Water,Primary School,Gram Panchayat,2014-2015,0.82,0.82,12-Apr-14,28-Apr-14,03-06-2024
West Bengal,Paschim Medinipur,Keshpur,Sarishakhola,Paniat,Mallick Para,1343468,6677203,420091279,Deep Tubewell,Ground Water,Niamat Mollick,Gram Panchayat,2014-2015,0.82,0.82,12-Apr-14,28-Apr-14,03-06-2024
West Bengal,Paschim Medinipur,Keshpur,Sarishakhola,Rashun Chak,Rasunchak Sumitradolaipara,1343446,6677203,420091281,Deep Tubewell,Ground Water,Primary School,Gram Panchayat,2014-2015,0.82,0.82,12-Apr-14,28-Apr-14,03-06-2024
West Bengal,Paschim Medinipur,Keshpur,Sarishakhola,Sinnibar,Sinnibarh Bandhpara,1343498,6677203,420091284,Deep Tubewell,Ground Water,Primary School,Gram Panchayat,2014-2015,0.82,0.82,12-Apr-14,28-Apr-14,03-06-2024
West Bengal,Paschim Medinipur,Keshpur,Sarishakhola,Sinnibar,Sinnibarh Bandhpara,1343498,6677206,420091286,Deep Tubewell,Ground Water,Primary School,Gram Panchayat,2014-2015,0.82,0.82,12-Apr-14,30-Apr-14,03-06-2024
West Bengal,Paschim Medinipur,Keshpur,Sarishakhola,Rashun Chak,Rasunchak Sumitradolaipara,1343446,6677206,420091292,Deep Tubewell,Ground Water,Primary school,Gram Panchayat,2014-2015,0.82,0.82,12-Apr-14,30-Apr-14,03-06-2024
West Bengal,Paschim Medinipur,Keshpur,Sirsa,Gopalgar,Gopalgar,1766944,6677424,420091431,Deep Tubewell,Ground Water,Sudhir Panja,GRAM PANCHAYAT,2014-2015,0.84,0.84,01-Apr-14,28-Apr-14,03-06-2024
West Bengal,Paschim Medinipur,Keshpur,Sirsa,Kalgerya,Kalgeria,1342653,6677424,420091432,Deep Tubewell,Ground Water,Lalon Babu,GRAM PANCHAYAT,2014-2015,0.84,0.84,01-Apr-14,28-Apr-14,03-06-2024
West Bengal,Paschim Medinipur,Keshpur,Sirsa,Maharajpur,Maharajpur,1342636,6677424,420091436,Deep Tubewell,Ground Water,School,GRAM PANCHAYAT,2014-2015,0.84,0.84,01-Apr-14,28-Apr-14,03-06-2024
West Bengal,Paschim Medinipur,Keshpur,Sirsa,Gopalgar,Gopalgar,1766944,6687083,420093691,Deep Tubewell,Ground Water,Sudhir Panja,Gram Panchayat,2014-2015,0.82,0.82,02-Apr-14,30-Apr-14,03-06-2024
West Bengal,Paschim Medinipur,Keshpur,Amrakuchi,Panchami,Panchami Mirpara,1343136,6687166,420093752,Deep Tubewell,Ground Water,PAnchami Bazar,GRAM PANCHAYAT,2014-2015,0.8,0.8,12-Apr-14,12-Apr-17,03-06-2024
West Bengal,Paschim Medinipur,Keshpur,Anandapur,Anandapur,Clalakir More,1343203,6687629,420093854,Deep Tubewell,Ground Water,Mal Bagan,Gram Panchayat,2014-2015,0.78,0.78,15-Apr-14,30-Apr-14,03-06-2024
West Bengal,Paschim Medinipur,Keshpur,Anandapur,Bhagirath Bar,Ghoshpara,1343233,6687629,420093849,Deep Tubewell,Ground Water,Shitala Mandir,Gram Panchayat,2014-2015,0.78,0.78,15-Apr-14,30-Apr-14,03-06-2024
West Bengal,Paschim Medinipur,Keshpur,Keshpur,Bikal Chak,Bikalchak - Mallickpara,1343267,6687663,420093894,Deep Tubewell,Ground Water,I.C.D.S. Kendra,Gram Panchayat,2014-2015,0.82,0.82,04-Apr-14,20-Apr-14,03-06-2024
West Bengal,Paschim Medinipur,Keshpur,Mugbasan,Bejara,Belara,1342874,6692684,420094650,Deep Tubewell,Ground Water,Sk Kasem Ali,Gram Panchayat,2014-2015,0.78,0.78,02-May-14,20-May-14,03-06-2024
West Bengal,Paschim Medinipur,Keshpur,Mugbasan,Kokapur,Kokapur,1342900,6692684,420094658,Deep Tubewell,Ground Water,Primary School,Gram Panchayat,2014-2015,0.78,0.78,02-May-14,20-May-14,03-06-2024
West Bengal,Paschim Medinipur,Keshpur,Teghori,Ganta,Ganta,1343033,6692853,420094709,Deep Tubewell,Ground Water,S.S.K.,Gram Panchayat,2014-2015,0.82,0.82,04-Apr-14,30-Apr-14,03-06-2024
West Bengal,Paschim Medinipur,Keshpur,Dhalhara,Narsingpur,Narasingpur,1343721,6692853,420094703,Deep Tubewell,Ground Water,Primary School,Gram Panchayat,2014-2015,0.82,0.82,04-Apr-14,30-Apr-14,03-06-2024
West Bengal,Paschim Medinipur,Keshpur,Enayetpur,Pindra Gerya,Pindrageria Talpukurpara,1343764,6819161,420104163,Deep Tubewell,Ground Water,Khokon Hansda,Gram Panchayat,2014-2015,0.78,0.78,14-May-14,26-May-14,03-06-2024
West Bengal,Paschim Medinipur,Keshpur,Enayetpur,Bara Chand Bar,Barachandbarh Kashinathbhuniapara,1343777,6819161,420104164,Deep Tubewell,Ground Water,Kashinath Bhunia,Gram Panchayat,2014-2015,0.78,0.78,14-May-14,26-May-14,03-06-2024
West Bengal,Paschim Medinipur,Keshpur,Enayetpur,Bara Chand Bar,Barachandbarh Kashinathbhuniapara,1343777,6819161,420104165,Deep Tubewell,Ground Water,Prasanta Layek,Gram Panchayat,2014-2015,0.78,0.78,14-May-14,26-May-14,03-06-2024
West Bengal,Paschim Medinipur,Keshpur,Sarishakhola,Bhagirath Bar,Bamun Para,1343488,6823272,420106640,Deep Tubewell,Ground Water,Tapan Pan Shop,Gram Panchayat,2014-2015,0.8,0.8,12-May-14,04-Apr-17,03-06-2024
West Bengal,Paschim Medinipur,Keshpur,Dhalhara,Doge Chhya,Paschim Para,1343530,6823295,420106672,Deep Tubewell,Ground Water,Didar Sekh,Gram Panchayat,2014-2015,0.8,0.8,14-May-14,02-Jun-14,03-06-2024
West Bengal,Paschim Medinipur,Keshpur,Dhalhara,Birambar,Birambarh,1343578,6823295,420106679,Deep Tubewell,Ground Water,Ratan Mandal,Gram Panchayat,2014-2015,0.8,0.8,14-May-14,02-Jun-14,03-06-2024
West Bengal,Paschim Medinipur,Keshpur,Dhalhara,Birambar,Birambarh,1343578,6823295,420106680,Deep Tubewell,Ground Water,Laxmi Kanta Doloi,Gram Panchayat,2014-2015,0.8,0.8,14-May-14,02-Jun-14,03-06-2024
West Bengal,Paschim Medinipur,Keshpur,Dhalhara,Mukunda Pur,Paschimpara,1343603,6823295,420106674,Deep Tubewell,Ground Water,Sadak Ali,Gram Panchayat,2014-2015,0.8,0.8,14-May-14,02-Jun-14,03-06-2024
West Bengal,Paschim Medinipur,Keshpur,Anandapur,Ranpara,Ranipara - Madhyapara,1343248,6823295,420106662,Deep Tubewell,Ground Water,Sk Kalem,Gram Panchayat,2014-2015,0.8,0.8,14-May-14,02-Jun-14,03-06-2024
West Bengal,Paschim Medinipur,Keshpur,Anandapur,Ranpara,Ranipara - Madhyapara,1343248,6823295,420106671,Deep Tubewell,Ground Water,Ran Para Primary School,Gram Panchayat,2014-2015,0.8,0.8,14-May-14,02-Jun-14,03-06-2024
West Bengal,Paschim Medinipur,Keshpur,Anandapur,Ranpara,Kaji Para,1343249,6823295,420106668,Deep Tubewell,Ground Water,Sk Rahim Ali,Gram Panchayat,2014-2015,0.8,0.8,14-May-14,02-Jun-14,03-06-2024
West Bengal,Paschim Medinipur,Keshpur,Amanpur,Bahadur Patna,Bahadurpatna Patnadalepara,1342764,6823347,420106701,Deep Tubewell,Ground Water,Bahadur Patna Nimnabuniadi Vidyalaya,Gram Panchayat,2014-2015,0.78,0.78,14-May-14,12-Apr-17,03-06-2024
West Bengal,Paschim Medinipur,Keshpur,Amanpur,Burya Pat,Burapat,1342748,6823347,420106707,Deep Tubewell,Ground Water,Swadesh Digar,Gram Panchayat,2014-2015,0.78,0.78,14-May-14,12-Apr-17,03-06-2024
West Bengal,Paschim Medinipur,Keshpur,Amanpur,Panch Khuiri,Parapara,1342744,6823347,420106704,Deep Tubewell,Ground Water,Kali Mandir,Gram Panchayat,2014-2015,0.78,0.78,14-May-14,12-Apr-17,03-06-2024
West Bengal,Paschim Medinipur,Keshpur,Anandapur,Nutan Bajar,Natunbazar - Kotalpara,1343254,6823347,420106718,Deep Tubewell,Ground Water,Tabul Doloi,Gram Panchayat,2014-2015,0.78,0.78,14-May-14,12-Apr-17,03-06-2024
West Bengal,Paschim Medinipur,Keshpur,Kalagram,Uchahar,Chak,1343367,6823388,420106723,Deep Tubewell,Ground Water,Sk Jahur,Gram Panchayat,2014-2015,0.78,0.78,07-May-14,25-May-14,03-06-2024
West Bengal,Paschim Medinipur,Keshpur,Kalagram,Uchahar,Sekher Pukur,1343368,6823388,420106727,Deep Tubewell,Ground Water,Sk Ilius Ali,Gram Panchayat,2014-2015,0.78,0.78,07-May-14,25-May-14,03-06-2024
West Bengal,Paschim Medinipur,Keshpur,Amrakuchi,Amsol,Amsole,1343124,6823410,420106749,Deep Tubewell,Ground Water,Amsole S.S.K.,Gram Panchayat,2014-2015,0.8,0.8,20-Jun-14,10-Jul-14,03-06-2024
West Bengal,Paschim Medinipur,Keshpur,Jorakeudi Solidiha,Sholdiha,Mondal&ghoshpara,1342614,6845174,420118668,Deep Tubewell,Ground Water,Badal Mandal,Gram Panchayat,2014-2015,0.84,0.84,14-May-14,12-Jun-14,03-06-2024
West Bengal,Paschim Medinipur,Keshpur,Kalagram,Amlada,Mallickpara,1343393,6845184,420118709,Deep Tubewell,Ground Water,Sk Mojibul Rahaman,Gram Panchayat,2014-2015,0.84,0.84,14-May-14,12-Jun-14,03-06-2024
West Bengal,Paschim Medinipur,Keshpur,Kalagram,Amlada,Dakshinpara,1343395,6845184,420118712,Deep Tubewell,Ground Water,Sk Najrul Ali,Gram Panchayat,2014-2015,0.84,0.84,14-May-14,12-Jun-14,03-06-2024
West Bengal,Paschim Medinipur,Keshpur,Mugbasan,Benua,Benua,1342898,6845190,420118727,Deep Tubewell,Ground Water,Amjad Sardar,Gram Panchayat,2014-2015,0.82,0.82,15-Jun-14,12-Jul-14,03-06-2024
West Bengal,Paschim Medinipur,Keshpur,Teghori,Ganta,Ganta,1343033,6853701,420123537,Deep Tubewell,Ground Water,Swapan Manna,Gram Panchayat,2014-2015,0.8,0.8,02-Jun-14,28-Jun-14,03-06-2024
West Bengal,Paschim Medinipur,Keshpur,Amrakuchi,Rasidpur,Rashidpur,1343126,6857619,420125842,Deep Tubewell,Ground Water,Moina Doloi,Gram Panchayat,2014-2015,0.84,0.84,12-Jun-14,30-Jun-14,03-06-2024
West Bengal,Paschim Medinipur,Keshpur,Amrakuchi,Kharika,Panchamichak,1343149,6857619,420125845,Deep Tubewell,Ground Water,Bisnuada Doloi,Gram Panchayat,2014-2015,0.84,0.84,12-Jun-14,30-Jun-14,03-06-2024
West Bengal,Paschim Medinipur,Keshpur,Enayetpur,Malyan,Malyan,1766765,6858416,420126634,Deep Tubewell,Ground Water,Eunus Ali,Gram Panchayat,2014-2015,0.84,0.84,10-Jun-14,11-Apr-17,03-06-2024
West Bengal,Paschim Medinipur,Keshpur,Sirsa,Gopinathpur,Majipara,1342643,6858943,420127019,Deep Tubewell,Ground Water,Sanat Ghosh,Gram Panchayat,2014-2015,0.84,0.84,06-Jul-14,25-Jul-14,03-06-2024
West Bengal,Paschim Medinipur,Keshpur,Sirsa,Toria,Taria,1342647,6858943,420127025,Deep Tubewell,Ground Water,Primary School,Gram Panchayat,2014-2015,0.84,0.84,06-Jul-14,25-Jul-14,03-06-2024
West Bengal,Paschim Medinipur,Keshpur,Jagannathpur,Dogerya,Dogeria Adibasipara,1342947,6858953,420127054,Deep Tubewell,Ground Water,Dilip Dolui,Gram Panchayat,2014-2015,0.8,0.8,06-Jul-14,28-Jul-14,03-06-2024
West Bengal,Paschim Medinipur,Keshpur,Jagannathpur,Birhimbar,Birhimbar Adakpara,1342956,6858953,420127049,Deep Tubewell,Ground Water,Taltola Primary School,Gram Panchayat,2014-2015,0.8,0.8,06-Jul-14,28-Jul-14,03-06-2024
West Bengal,Paschim Medinipur,Keshpur,Enayetpur,Gopinathpur,Gopinathpur Berapara,1343830,6858962,420127063,Deep Tubewell,Ground Water,Ajit Doloi,Gram Panchayat,2014-2015,0.8,0.8,12-Jun-14,28-Jun-14,03-06-2024
West Bengal,Paschim Medinipur,Keshpur,Sirsa,Parulia,Purulia,1343688,6859051,420127074,Deep Tubewell,Ground Water,Primary School,Gram Panchayat,2014-2015,0.8,0.8,02-Jul-14,30-Jul-14,03-06-2024
West Bengal,Paschim Medinipur,Keshpur,Sirsa,Toria,Taria,1342647,6859051,420127085,Deep Tubewell,Ground Water,Toria High School,Gram Panchayat,2014-2015,0.8,0.8,02-Jul-14,30-Jul-14,03-06-2024
West Bengal,Paschim Medinipur,Keshpur,Sirsa,Lalte Hari,Laltehari Singhpara,1342677,6859051,420127078,Deep Tubewell,Ground Water,Sudhir Panja,Gram Panchayat,2014-2015,0.8,0.8,02-Jul-14,30-Jul-14,03-06-2024
West Bengal,Paschim Medinipur,Keshpur,Sirsa,Lalte Hari,Laltehari Singhpara,1342677,6859051,420127082,Deep Tubewell,Ground Water,Subhas Ghosh,Gram Panchayat,2014-2015,0.8,0.8,02-Jul-14,30-Jul-14,03-06-2024
West Bengal,Paschim Medinipur,Keshpur,Enayetpur,Brahman Gerya,Bramhangeria Senguptapara,1343792,6402018,420064194,Deep Tubewell,Ground Water,SENGUPTA PARA,Gram Panchayat,2013-2014,0.75,0.75,21-Apr-13,15-Dec-14,03-06-2024
West Bengal,Paschim Medinipur,Keshpur,Enayetpur,Rasunchak,Purbapara,1343448,6402061,420064287,Deep Tubewell,Ground Water,PURBA PARA,Gram Panchayat,2013-2014,0.8,0.8,12-Apr-13,25-Dec-14,03-06-2024
West Bengal,Paschim Medinipur,Keshpur,Golarh,Inad Chak,Khanpara,1342857,6402061,420064268,Deep Tubewell,Ground Water,KHAN PARA,Gram Panchayat,2013-2014,0.8,0.8,12-Apr-13,25-Dec-14,03-06-2024
West Bengal,Paschim Medinipur,Keshpur,Teghori,Ramakata,Ramakata,1343022,6910603,420152421,Deep Tubewell,Ground Water,Shital Bhunia,Gram Panchayat,2014-2015,0.83,0.83,08-Oct-14,30-Oct-14,03-06-2024
West Bengal,Paschim Medinipur,Keshpur,Anandapur,Anandapur,Majhipara,1343208,6905402,420147373,Deep Tubewell,Ground Water,Shitala Mandir,Gram Panchayat,2014-2015,0.86,0.86,02-Sep-14,25-Sep-14,03-06-2024
West Bengal,Paschim Medinipur,Keshpur,Anandapur,Pachra,Ghosh Para,1343222,6905402,420147372,Deep Tubewell,Ground Water,Susanta Panja,Gram Panchayat,2014-2015,0.86,0.86,02-Sep-14,25-Sep-14,03-06-2024
West Bengal,Paschim Medinipur,Keshpur,Sirsa,Maharajpur,Maharajpur,1342636,956950,1248834,Deep Tubewell,Ground Water,Kuribigha,Kuribigha,2007-2008,0.59,0.59,23-Jul-07,25-Jul-07,03-06-2024
West Bengal,Paschim Medinipur,Keshpur,Mugbasan,Mugbasan,Bargeria,1342925,957111,1270437,Deep Tubewell,Ground Water,Khetua More,Khetua More,2007-2008,0.59,0.59,30-Jul-07,31-Jul-07,03-06-2024
West Bengal,Paschim Medinipur,Keshpur,Golarh,Golar,Goler - Bagpara,1342841,957113,1289562,Deep Tubewell,Ground Water,BAGPARA,Uttar Golar,2007-2008,0.59,0.59,01-Aug-07,03-Aug-07,03-06-2024
West Bengal,Paschim Medinipur,Keshpur,Teghori,Kshirkul,Paschimpara,1343036,971013,1276241,Deep Tubewell,Ground Water,Harinamari Pry. School,Harinamari Pry. School,2008-2009,0.59,0.59,24-Apr-08,26-Apr-08,03-06-2024
West Bengal,Paschim Medinipur,Keshpur,Mugbasan,Bejara,Belara,1342874,973222,1289045,Deep Tubewell,Ground Water,BELARA,Middle of Village,2008-2009,0.59,0.59,25-Sep-08,28-Sep-08,03-06-2024
West Bengal,Paschim Medinipur,Keshpur,Golarh,Bahara,Behara,1343711,981122,1295091,Deep Tubewell,Ground Water,BEHARA,Bahara,2007-2008,0.59,0.59,06-Aug-07,09-Aug-07,03-06-2024
West Bengal,Paschim Medinipur,Keshpur,Dhalhara,Damodar Chak,Damodarchak Uttarpara,1343525,981353,1283270,Deep Tubewell,Ground Water,DAMODARCHAK UTTARPARA,Damodar Chak,2007-2008,0.59,0.59,20-Nov-07,21-Nov-07,03-06-2024
West Bengal,Paschim Medinipur,Keshpur,Sirsa,Parulia,Purulia,1343688,981592,1284090,Deep Tubewell,Ground Water,Pry. School,Pry. School,2007-2008,0.59,0.59,08-Dec-07,09-Dec-07,03-06-2024
West Bengal,Paschim Medinipur,Keshpur,Jhentla,Manta,Churijeria,1343668,2572523,2377203,Deep Tubewell,Ground Water,NA,Manta,2010-2011,0.75,0,01-Oct-10,31-Mar-11,03-06-2024
West Bengal,Paschim Medinipur,Keshpur,Sarishakhola,Amar Chak,Kadampara,1343515,2572524,2377252,Deep Tubewell,Ground Water,NA,Amar Chak,2010-2011,0.75,0,01-Oct-10,31-Mar-11,03-06-2024
West Bengal,Paschim Medinipur,Keshpur,Dhalhara,Birambar Paikan,Birambarralpur -uttarpara,1343611,2573263,2377202,Deep Tubewell,Ground Water,NA,Birambar Paikan,2010-2011,0.75,0,01-Oct-10,31-Mar-11,03-06-2024
West Bengal,Paschim Medinipur,Keshpur,Dhalhara,Hurunuru,Guri Para,1343363,2573601,2377245,Deep Tubewell,Ground Water,NA,Hurunuru,2010-2011,0.75,0,01-Oct-10,31-Mar-11,03-06-2024
West Bengal,Paschim Medinipur,Keshpur,Mugbasan,Shasa Bani,Ranipukur,1342878,2573659,2377239,Deep Tubewell,Ground Water,NA,Shasa Bani,2010-2011,0.75,0,01-Oct-10,31-Mar-11,03-06-2024
West Bengal,Paschim Medinipur,Keshpur,Amanpur,Satdubi,Satdubi,1342755,4945982,4868960,Deep Tubewell,Ground Water,Satdubi ICDS,Satdubi ICDS,2012-2013,0.79,0.79,01-Jul-12,05-Mar-13,03-06-2024
West Bengal,Paschim Medinipur,Keshpur,Dhalhara,Chak Joyti,Chakjoti,1343588,4946011,4868983,Deep Tubewell,Ground Water,CHAKJOTI,Chakjyoti,2012-2013,0.79,0.79,01-Jul-12,21-Mar-13,03-06-2024
West Bengal,Paschim Medinipur,Keshpur,Jagannathpur,Jagannathpur,Jagannathpur Uttarpara,1343005,4946134,4869089,Deep Tubewell,Ground Water,Jagannathpur ICDS,Tapuria SSK,2012-2013,0.79,0.79,01-Jul-12,21-Mar-13,03-06-2024
West Bengal,Paschim Medinipur,Keshpur,Sirsa,Surat Ganja,Suratgeria,1342664,4946269,4869253,Deep Tubewell,Ground Water,Suratganj SSK,Suratganj SSK,2012-2013,0.79,0.79,01-Jul-12,14-Mar-13,03-06-2024
West Bengal,Paschim Medinipur,Keshpur,Anandapur,Anandapur,Bankata Jakharbari,1343182,5627888,5593159,Deep Tubewell,Ground Water,NA,Anandapur W/S Scheme,2005-2006,112.67,112.67,15-Dec-05,31-Mar-09,03-06-2024
West Bengal,Paschim Medinipur,Keshpur,Amanpur,Burya Pat,Balarammore,1342751,6060335,420008924,Deep Tubewell,Ground Water,BALARAMMORE,AMANPUR,2011-2012,0.8,0.8,15-May-11,15-Aug-11,03-06-2024
West Bengal,Paschim Medinipur,Keshpur,Amanpur,Tanthua,Karpara-2,1342763,6060335,420009065,Deep Tubewell,Ground Water,KARPARA-2,AMANPUR,2011-2012,0.8,0.8,15-May-11,15-Aug-11,03-06-2024
West Bengal,Paschim Medinipur,Keshpur,Amanpur,Eluni,Eloni Mondalpara,1342776,6060335,420008990,Deep Tubewell,Ground Water,ELONI MONDALPARA,AMANPUR,2011-2012,0.8,0.8,15-May-11,15-Aug-11,03-06-2024
West Bengal,Paschim Medinipur,Keshpur,Amanpur,Keshur Gerya,Kheshargeria,1342786,6060335,420009061,Deep Tubewell,Ground Water,KHESHARGERIA,AMANPUR,2011-2012,0.8,0.8,15-May-11,15-Aug-11,03-06-2024
West Bengal,Paschim Medinipur,Keshpur,Amanpur,Askanda,Makpara,1342740,6060335,420008932,Deep Tubewell,Ground Water,MAKPARA,AMANPUR,2011-2012,0.8,0.8,15-May-11,15-Aug-11,03-06-2024
West Bengal,Paschim Medinipur,Keshpur,Amanpur,Askanda,Paschimpara,1342739,6060335,420008931,Deep Tubewell,Ground Water,PASCHIMPARA,AMANPUR,2011-2012,0.8,0.8,15-May-11,15-Aug-11,03-06-2024
West Bengal,Paschim Medinipur,Keshpur,Amanpur,Jadubar,Majherpara,1342725,6060335,420008987,Deep Tubewell,Ground Water,MAJHERPARA,AMANPUR,2011-2012,0.8,0.8,15-May-11,15-Aug-11,03-06-2024
West Bengal,Paschim Medinipur,Keshpur,Amanpur,Lapara,Dangpara,1342722,6060335,420009050,Deep Tubewell,Ground Water,DANGPARA,AMANPUR,2011-2012,0.8,0.8,15-May-11,15-Aug-11,03-06-2024
West Bengal,Paschim Medinipur,Keshpur,Amanpur,Lapara,Lawpara Ghoshpara,1342721,6060335,420009049,Deep Tubewell,Ground Water,LAWPARA GHOSHPARA,AMANPUR,2011-2012,0.8,0.8,15-May-11,15-Aug-11,03-06-2024
West Bengal,Paschim Medinipur,Keshpur,Amanpur,Kharika,Raghubanshmahipara,1342736,6060335,420009056,Deep Tubewell,Ground Water,RAGHUBANSHMAHIPARA,AMANPUR,2011-2012,0.8,0.8,15-May-11,15-Aug-11,03-06-2024
West Bengal,Paschim Medinipur,Keshpur,Amanpur,Daka Gerya,Majhipara,1343457,6060335,420008995,Deep Tubewell,Ground Water,MAJHIPARA,AMANPUR,2011-2012,0.8,0.8,15-May-11,15-Aug-11,03-06-2024
West Bengal,Paschim Medinipur,Keshpur,Amanpur,Eluni,Purba Para,1343307,6060335,420008988,Deep Tubewell,Ground Water,PURBA PARA,AMANPUR,2011-2012,0.8,0.8,15-May-11,15-Aug-11,03-06-2024
West Bengal,Paschim Medinipur,Keshpur,Amanpur,Eluni,Dakshin Para,1343308,6060335,420008991,Deep Tubewell,Ground Water,DAKSHIN PARA,AMANPUR,2011-2012,0.8,0.8,15-May-11,15-Aug-11,03-06-2024
West Bengal,Paschim Medinipur,Keshpur,Amanpur,Jaytor,Dom Para,1343718,6060335,420008926,Deep Tubewell,Ground Water,DOM PARA,AMANPUR,2011-2012,0.8,0.8,15-May-11,15-Aug-11,03-06-2024
West Bengal,Paschim Medinipur,Keshpur,Amanpur,Chak Brahman Gram,Chak Brahman Gram,1766757,6060335,420008997,Deep Tubewell,Ground Water,CHAK BRAHMAN GRAM,AMANPUR,2011-2012,0.8,0.8,15-May-11,15-Aug-11,03-06-2024
West Bengal,Paschim Medinipur,Keshpur,Amrakuchi,Karia Sol,Karia Sol,1766671,6060710,420009174,Deep Tubewell,Ground Water,Karia Sol,AMRAKUCHI,2011-2012,0.75,0.75,15-Jul-11,15-Oct-11,03-06-2024
West Bengal,Paschim Medinipur,Keshpur,Amrakuchi,Bagla,Sadarpara,1343120,6060710,420009135,Deep Tubewell,Ground Water,SADARPARA,AMRAKUCHI,2011-2012,0.75,0.75,15-Jul-11,15-Oct-11,03-06-2024
West Bengal,Paschim Medinipur,Keshpur,Amrakuchi,Nagda,Dandapat Para,1343106,6060710,420009168,Deep Tubewell,Ground Water,DANDAPAT PARA,AMRAKUCHI,2011-2012,0.75,0.75,15-Jul-11,15-Oct-11,03-06-2024
West Bengal,Paschim Medinipur,Keshpur,Amrakuchi,Kapastikri,Cheltarpara,1343132,6060710,420009180,Deep Tubewell,Ground Water,CHELTARPARA,AMRAKUCHI,2011-2012,0.75,0.75,15-Jul-11,15-Oct-11,03-06-2024
West Bengal,Paschim Medinipur,Keshpur,Amrakuchi,Sona Diha,Sonadiha,1343134,6060710,420009184,Deep Tubewell,Ground Water,SONADIHA,AMRAKUCHI,2011-2012,0.75,0.75,15-Jul-11,15-Oct-11,03-06-2024
West Bengal,Paschim Medinipur,Keshpur,Amrakuchi,Kumira,Sant Para,1343113,6060710,420009169,Deep Tubewell,Ground Water,SANT PARA,AMRAKUCHI,2011-2012,0.75,0.75,15-Jul-11,15-Oct-11,03-06-2024
West Bengal,Paschim Medinipur,Keshpur,Anandapur,Gamaria,Gamaria -chalakpara,1343242,6157111,420013594,Deep Tubewell,Ground Water,Primary School,Primary School,2013-2014,0.85,0.85,11-Apr-13,20-Aug-13,03-06-2024
West Bengal,Paschim Medinipur,Keshpur,Anandapur,Pachra,Pirakata Hari Mandir,1343221,6157257,420013608,Deep Tubewell,Ground Water,Party Office,Party Office,2013-2014,0.82,0.82,18-Apr-13,15-Sep-13,03-06-2024
West Bengal,Paschim Medinipur,Keshpur,Dhalhara,Narayan Chak,Das Para,1343589,6242457,420021874,Deep Tubewell,Ground Water,Road Side,Grampanchayet tubewell,2012-2013,0.8,0.8,20-May-12,27-May-12,03-06-2024
West Bengal,Paschim Medinipur,Keshpur,Dhalhara,Narayan Chak,Chowdhury Para,1343590,6242457,420021870,Deep Tubewell,Ground Water,Paban Dolai,Grampanchayet tubewell,2012-2013,0.8,0.8,20-May-12,27-May-12,03-06-2024
West Bengal,Paschim Medinipur,Keshpur,Dhalhara,Damodar Chak,South Para,1343526,6296085,420028427,Deep Tubewell,Ground Water,Damodarchak Muslim Para,Damodarchak Muslim Para,2010-2011,0.79,0.79,05-Aug-10,07-Aug-10,03-06-2024
West Bengal,Paschim Medinipur,Keshpur,Amanpur,Uttar Piashala,Uttarpiasala (near 4.1 Office)(,1342768,6296201,420028434,Deep Tubewell,Ground Water,Taphua SSK,Taphua SSK,2010-2011,0.79,0.79,27-Aug-10,29-Aug-10,03-06-2024
West Bengal,Paschim Medinipur,Keshpur,Jagannathpur,Dalang,Uttarpara,1342972,6297737,420028501,Deep Tubewell,Ground Water,Dalang,Dalang,2010-2011,0.79,0.79,16-Mar-11,17-Mar-11,03-06-2024
West Bengal,Paschim Medinipur,Keshpur,Jhentla,Jhetla,Choudhary Para,1343674,6297749,420028503,Deep Tubewell,Ground Water,Jhentla Muslim Para,Jhentla Muslim Para,2010-2011,0.79,0.79,19-Mar-11,20-Mar-11,03-06-2024
West Bengal,Paschim Medinipur,Keshpur,Jhentla,Bahara,Bahara,1766782,6297792,420028512,Deep Tubewell,Ground Water,Bahara ICDS,Bahara ICDS,2010-2011,0.79,0.79,28-Mar-11,30-Mar-11,03-06-2024
West Bengal,Paschim Medinipur,Keshpur,Sarishakhola,Ghoshpur,Paschim Ghoshkur,1343464,6331494,420030899,Deep Tubewell,Ground Water,Gobinda Roy,Grampanchayet tubewell,2013-2014,0.8,0.8,15-Apr-13,20-Mar-14,03-06-2024
West Bengal,Paschim Medinipur,Keshpur,Sarishakhola,Ghoshpur,Mandal Para,1343466,6331494,420030901,Deep Tubewell,Ground Water,Primary School,Grampanchayet tubewell,2013-2014,0.8,0.8,15-Apr-13,20-Mar-14,03-06-2024
West Bengal,Paschim Medinipur,Keshpur,Sarishakhola,Ghoshpur,Mandal Para,1343466,6331494,420030905,Deep Tubewell,Ground Water,Banbihari Maity,Grampanchayet tubewell,2013-2014,0.8,0.8,15-Apr-13,20-Mar-14,03-06-2024
West Bengal,Paschim Medinipur,Keshpur,Enayetpur,Mahesh Pur,Mukkherjipara,1343845,6334095,420031783,Deep Tubewell,Ground Water,Shitala Mondir,Grampanchayet tubewell,2013-2014,0.8,0.8,02-May-13,09-Jan-14,03-06-2024
West Bengal,Paschim Medinipur,Keshpur,Enayetpur,Mahesh Pur,Dolaipara,1343846,6334095,420031786,Deep Tubewell,Ground Water,Purna Doloi,Grampanchayet tubewell,2013-2014,0.8,0.8,02-May-13,09-Jan-14,03-06-2024
West Bengal,Paschim Medinipur,Keshpur,Anandapur,Lauria,Tal Pukur,1343239,6160168,420013997,Deep Tubewell,Ground Water,Talpukur Par,Talpukur Par,2013-2014,0.85,0.85,21-Apr-13,30-Aug-13,03-06-2024
West Bengal,Paschim Medinipur,Keshpur,Keshpur,Keshpur,Anandapore More,1343274,6297705,420028496,Deep Tubewell,Ground Water,Keshpur ICDS Uttarpara,Keshpur ICDS Uttarpara,2010-2011,0.79,0.79,27-Feb-11,28-Feb-11,03-06-2024
West Bengal,Paschim Medinipur,Keshpur,Jagannathpur,Tapuria,Tapuria Purbapara,1342957,6199459,420019718,Deep Tubewell,Ground Water,Tapuria SSK,Tapuria SSK,2013-2014,0.8,0.8,17-May-13,22-May-13,03-06-2024
West Bengal,Paschim Medinipur,Keshpur,Anandapur,Gamaria,Gamaria Chak,1343244,6157282,420013631,Deep Tubewell,Ground Water,S.S.K,S.S.K,2013-2014,0.84,0.84,17-May-13,11-Sep-13,03-06-2024
West Bengal,Paschim Medinipur,Keshpur,Enayetpur,Pakurya,Pakuria Samantapara,1343815,6334095,420031791,Deep Tubewell,Ground Water,Radhab Ashram,Grampanchayet tubewell,2013-2014,0.8,0.8,02-May-13,09-Jan-14,03-06-2024
West Bengal,Paschim Medinipur,Keshpur,Enayetpur,Kanja Gerya,Kanja Gerya,1766666,6336617,420032473,Deep Tubewell,Ground Water,Jhantu Pandit,Grampanchayet tubewell,2013-2014,0.7,0.7,01-Apr-13,20-Feb-14,03-06-2024
West Bengal,Paschim Medinipur,Keshpur,Enayetpur,Kanja Gerya,Kanja Gerya,1766666,6336617,420032476,Deep Tubewell,Ground Water,Arun Samanta,Grampanchayet tubewell,2013-2014,0.7,0.7,01-Apr-13,20-Feb-14,03-06-2024
West Bengal,Paschim Medinipur,Keshpur,Golarh,Dharmma Pur,Debraji Para,1342850,6352973,420036251,Deep Tubewell,Ground Water,ARUN BHUNIA,GRAM PANCHAYAT,2013-2014,0.8,0.8,12-Mar-13,17-Jan-14,03-06-2024
West Bengal,Paschim Medinipur,Keshpur,Golarh,Harihar Chak,Hariharchak Bagpara,1342831,6352973,420036249,Deep Tubewell,Ground Water,SADAN BAG,GRAM PANCHAYAT,2013-2014,0.8,0.8,12-Mar-13,17-Jan-14,03-06-2024
West Bengal,Paschim Medinipur,Keshpur,Enayetpur,Bagha Gerya,Purba Para,1343706,6352973,420036243,Deep Tubewell,Ground Water,AJIT DEKA,GRAM PANCHAYAT,2013-2014,0.8,0.8,12-Mar-13,17-Jan-14,03-06-2024
West Bengal,Paschim Medinipur,Keshpur,Enayetpur,Dhoba Gerya,Dhobageria Kuitipara,1343796,6352980,420036262,Deep Tubewell,Ground Water,Kakir Kisku,Gram Panchayat,2013-2014,0.8,0.8,12-May-13,11-Apr-17,03-06-2024
West Bengal,Paschim Medinipur,Keshpur,Golarh,Kachila,Kachila,1342807,6353047,420036312,Deep Tubewell,Ground Water,RAJESH BABU,GRAM PANCHAYAT,2013-2014,0.8,0.8,15-Apr-13,26-Jan-14,03-06-2024
West Bengal,Paschim Medinipur,Keshpur,Golarh,Kachila,Kachila,1342807,6353047,420036311,Deep Tubewell,Ground Water,BIMAL JANA,GRAM PANCHAYAT,2013-2014,0.8,0.8,15-Apr-13,26-Jan-14,03-06-2024
West Bengal,Paschim Medinipur,Keshpur,Golarh,Golar,Kuladhya Para,1342846,6353047,420036310,Deep Tubewell,Ground Water,GOURISHANKAR KULDHAY,GRAM PANCHAYAT,2013-2014,0.8,0.8,15-Apr-13,26-Jan-14,03-06-2024
West Bengal,Paschim Medinipur,Keshpur,Enayetpur,Kaigerya,Daspara,1343783,6353057,420036329,Deep Tubewell,Ground Water,Praddut Das,Gram Panchayat,2013-2014,0.7,0.7,12-May-13,11-Apr-17,03-06-2024
West Bengal,Paschim Medinipur,Keshpur,Enayetpur,Bishwanathpur Patna,Sahapara,1343829,6353062,420036343,Deep Tubewell,Ground Water,JHARU RANA,GRAM PANCHAYAT,2013-2014,0.8,0.8,18-Apr-13,11-Apr-17,03-06-2024
West Bengal,Paschim Medinipur,Keshpur,Enayetpur,Bagha Gerya,Purba Para,1343706,6354136,420036730,Deep Tubewell,Ground Water,NARUL ISLAM,GRAM PANCHAYAT,2013-2014,0.8,0.8,23-Apr-13,12-Feb-14,03-06-2024
West Bengal,Paschim Medinipur,Keshpur,Enayetpur,Mohadi Chak,Mohadi Chak,1766766,6354136,420036735,Deep Tubewell,Ground Water,HASIBUL ALI,GRAM PANCHAYAT,2013-2014,0.8,0.8,23-Apr-13,12-Feb-14,03-06-2024
West Bengal,Paschim Medinipur,Keshpur,Amanpur,Panch Khuiri,Kalyanipara,1342746,6354144,420036755,Deep Tubewell,Ground Water,KALI MANDIR,GRAM PANCHAYAT,2013-2014,0.8,0.8,21-Apr-13,10-Jan-14,03-06-2024
West Bengal,Paschim Medinipur,Keshpur,Amanpur,Panch Khuiri,Kalyanipara,1342746,6354144,420036752,Deep Tubewell,Ground Water,MONSA MONDIR,GRAM PANCHAYAT,2013-2014,0.8,0.8,21-Apr-13,10-Jan-14,03-06-2024
West Bengal,Paschim Medinipur,Keshpur,Amanpur,Panch Khuiri,Kalyanipara,1342746,6354144,420036749,Deep Tubewell,Ground Water,BHRAMAR HALDAR,GRAM PANCHAYAT,2013-2014,0.8,0.8,21-Apr-13,10-Jan-14,03-06-2024
West Bengal,Paschim Medinipur,Keshpur,Golarh,Uttar Kenosa,Uttarkeasa,1342818,6355005,420037448,Deep Tubewell,Ground Water,Keasa Uttar,Keasa Uttar,2009-2010,0.74,0.74,03-Apr-09,04-Apr-09,03-06-2024
West Bengal,Paschim Medinipur,Keshpur,Amanpur,Lakhapat,Lakhapat,1342733,6364040,420042775,Deep Tubewell,Ground Water,Lokhapat S.S.K.,Gram Panchayat,2013-2014,0.7,0.7,10-May-13,20-Mar-14,03-06-2024
West Bengal,Paschim Medinipur,Keshpur,Amanpur,Palas Larya,Biswaspara,1342706,6364040,420042773,Deep Tubewell,Ground Water,Kingkar Roy,Gram Panchayat,2013-2014,0.7,0.7,10-May-13,20-Mar-14,03-06-2024
West Bengal,Paschim Medinipur,Keshpur,Jagannathpur,Ayama Mohanpur,Ayonamohanpur Khamraipara,1342967,6355025,420037452,Deep Tubewell,Ground Water,Ayma Mohanpur Pry. School,Ayma Mohanpur Pry. School,2009-2010,0.74,0.74,24-Apr-09,24-Apr-09,03-06-2024
West Bengal,Paschim Medinipur,Keshpur,Anandapur,Anandapur,Bankata Office Para,1343181,6354174,420036803,Deep Tubewell,Ground Water,ANANDAPUR P.H.E,GRAM PANCHAYAT,2013-2014,0.8,0.8,11-Apr-13,13-Jan-14,03-06-2024
West Bengal,Paschim Medinipur,Keshpur,Anandapur,Anandapur,Bankata Office Para,1343181,6354174,420036798,Deep Tubewell,Ground Water,MD. ALI,GRAM PANCHAYAT,2013-2014,0.8,0.8,11-Apr-13,13-Jan-14,03-06-2024
West Bengal,Paschim Medinipur,Keshpur,Jhentla,Abhi Arjjuni,Mal Para,1343699,6354162,420036785,Deep Tubewell,Ground Water,HARI MANDIR,GRAM PANCHAYAT,2013-2014,0.8,0.8,27-Apr-13,06-Jan-14,03-06-2024
West Bengal,Paschim Medinipur,Keshpur,Enayetpur,Biripota,Biripota Khalpara,1343807,6364040,420042765,Deep Tubewell,Ground Water,Nitai Mandi,Gram Panchayat,2013-2014,0.7,0.7,10-May-13,20-Mar-14,03-06-2024
West Bengal,Paschim Medinipur,Keshpur,Amanpur,Burya Pat,Patrapara,1342750,6364122,420042883,Deep Tubewell,Ground Water,Haradhan Patra,Gram Panchayat,2013-2014,0.7,0.7,10-Apr-13,20-Feb-14,03-06-2024
West Bengal,Paschim Medinipur,Keshpur,Anandapur,Singpur,Singpur -jana Para,1343227,6366934,420044190,Deep Tubewell,Ground Water,Singpur S.S.K.,GRAM PANCHAYAT,2013-2014,0.8,0.8,17-Apr-13,05-Feb-14,03-06-2024
West Bengal,Paschim Medinipur,Keshpur,Anandapur,Bibekpur,Bibekpur - Dolaipara,1343229,6366934,420044181,Deep Tubewell,Ground Water,Asim Roy,GRAM PANCHAYAT,2013-2014,0.8,0.8,17-Apr-13,05-Feb-14,03-06-2024
West Bengal,Paschim Medinipur,Keshpur,Amanpur,Karuria,Adibasipara,1342742,6374602,420048019,Deep Tubewell,Ground Water,Sitaram Das,GRAM PANCHAYAT,2013-2014,0.8,0.8,02-May-13,12-Feb-14,03-06-2024
